record_id,records_id,beetle_host,beetle_host_id,pathogen,category,ecological_relationship,country_or_region,organism_source,infection_site,identification_method,validation_type,experimental_conditions,source,year,title,doi_or_full_text,full_text_status
NEW,1,Ips typographus,1733,Beauveria bassiana,Fungi,pathogen,Romania,laboratory cultivated,cuticular contact,not stated,virulence test,laboratory,"Andrei et al., 2013",2013,"Andrei, A. M., Lupăştean, D., Ciornei, C., Fătu, A. C., & Dinu, M. M. (2013). Laboratory Beauveria bassiana (Bals.) Vuill. bioassays on spruce bark beetle (Ips typographus L.). IOBC/WPRS Bulletin, 90, 93-96.",,full text
NEW,2,Scolytus ventralis,1186,Sulphuretylenchus elongatus,Nematode,parasite,United States,field collected natural observation,cuticle integument,not stated,,field natural observation,"Ashraf and Berryman, 1970",1970,"Ashraf, M., Berryman, A.A., 1970. Biology of Sulphuretylenchus elongatus (Nematoda: Spaerulariidae) and its effect on its host Scolytus ventralis (Coleoptera: Scolytidae). Can. Entomol. 102, 197–213.",,full text
NEW,3,Scolytus ventralis,1186,Sulphuretylenchus elongatus,Nematode,parasite,,field collected natural observation,cuticle integument,not stated,,field natural observation,"Ashraf, 1968",1968,"Ashraf, M., 1968. Biological studies of Scolytus ventralis Le Conte (Coleoptera: Scolytidae) with particular reference to nematode parasite Sulphuretylenchus elongatus Massey. Ph.D. thesis, Washington State University, Pullman.",,only English abstract
NEW,4,Dendroctonus frontalis,479,Unikaryon minutum,Microsporidia,,United States,samples from traps,,,,,"Atkinson and Wilkinson, 1979",1979,"Atkinson, T.H., Wilkinson, R.C., 1979. Microsporidian and nematode incidence in live-trapped and reared southern pine beetle adults. Fla. Entomol. 62, 169–175.",,full text
NEW,5,Dendroctonus frontalis,479,Contortylenchus brevicomi,Nematode,parasite,United States,samples from traps,,,,,"Atkinson and Wilkinson, 1979",1979,"Atkinson, T.H., Wilkinson, R.C., 1979. Microsporidian and nematode incidence in live-trapped and reared southern pine beetle adults. Fla. Entomol. 62, 169–175.",,full text
NEW,6,Xyleborus glabratus,2093,Beauveria bassiana,Fungi,pathogen,,commercial strain,undetermined,,virulence test,laboratory,"Avery et al., 2018",2018,"Avery, P. B., Bojorque, V., Gámez, C., Duncan, R. E., Carrillo, D., & Cave, R. D. (2018). Spore acquisition and survival of ambrosia beetles associated with the laurel wilt pathogen in avocados after exposure to entomopathogenic fungi. Insects, 9(2), 49.",,full text
NEW,7,Xyleborus glabratus,2093,Metarhizium brunneum,Fungi,pathogen,,commercial strain,undetermined,,virulence test,laboratory,"Avery et al., 2018",2018,"Avery, P. B., Bojorque, V., Gámez, C., Duncan, R. E., Carrillo, D., & Cave, R. D. (2018). Spore acquisition and survival of ambrosia beetles associated with the laurel wilt pathogen in avocados after exposure to entomopathogenic fungi. Insects, 9(2), 49.",,full text
NEW,8,Xyleborus glabratus,2093,Isaria fumosorosea,Fungi,pathogen,,commercial strain,undetermined,,virulence test,laboratory,"Avery et al., 2018",2018,"Avery, P. B., Bojorque, V., Gámez, C., Duncan, R. E., Carrillo, D., & Cave, R. D. (2018). Spore acquisition and survival of ambrosia beetles associated with the laurel wilt pathogen in avocados after exposure to entomopathogenic fungi. Insects, 9(2), 49.",,full text
NEW,9,Xylosandrus crassiusculus,2182,Beauveria bassiana,Fungi,pathogen,,commercial strain,undetermined,,virulence test,laboratory,"Avery et al., 2018",2018,"Avery, P. B., Bojorque, V., Gámez, C., Duncan, R. E., Carrillo, D., & Cave, R. D. (2018). Spore acquisition and survival of ambrosia beetles associated with the laurel wilt pathogen in avocados after exposure to entomopathogenic fungi. Insects, 9(2), 49.",,full text
NEW,10,Xylosandrus crassiusculus,2182,Metarhizium brunneum,Fungi,pathogen,,commercial strain,undetermined,,virulence test,laboratory,"Avery et al., 2018",2018,"Avery, P. B., Bojorque, V., Gámez, C., Duncan, R. E., Carrillo, D., & Cave, R. D. (2018). Spore acquisition and survival of ambrosia beetles associated with the laurel wilt pathogen in avocados after exposure to entomopathogenic fungi. Insects, 9(2), 49.",,full text
NEW,11,Xylosandrus crassiusculus,2182,Isaria fumosorosea,Fungi,pathogen,,commercial strain,undetermined,,virulence test,laboratory,"Avery et al., 2018",2018,"Avery, P. B., Bojorque, V., Gámez, C., Duncan, R. E., Carrillo, D., & Cave, R. D. (2018). Spore acquisition and survival of ambrosia beetles associated with the laurel wilt pathogen in avocados after exposure to entomopathogenic fungi. Insects, 9(2), 49.",,full text
NEW,12,Xyleborus volvulus,2179,Beauveria bassiana,Fungi,pathogen,,commercial strain,undetermined,,virulence test,laboratory,"Avery et al., 2018",2018,"Avery, P. B., Bojorque, V., Gámez, C., Duncan, R. E., Carrillo, D., & Cave, R. D. (2018). Spore acquisition and survival of ambrosia beetles associated with the laurel wilt pathogen in avocados after exposure to entomopathogenic fungi. Insects, 9(2), 49.",,full text
NEW,13,Xyleborus volvulus,2179,Metarhizium brunneum,Fungi,pathogen,,commercial strain,undetermined,,virulence test,laboratory,"Avery et al., 2018",2018,"Avery, P. B., Bojorque, V., Gámez, C., Duncan, R. E., Carrillo, D., & Cave, R. D. (2018). Spore acquisition and survival of ambrosia beetles associated with the laurel wilt pathogen in avocados after exposure to entomopathogenic fungi. Insects, 9(2), 49.",,full text
NEW,14,Xyleborus volvulus,2179,Isaria fumosorosea,Fungi,pathogen,,commercial strain,undetermined,,virulence test,laboratory,"Avery et al., 2018",2018,"Avery, P. B., Bojorque, V., Gámez, C., Duncan, R. E., Carrillo, D., & Cave, R. D. (2018). Spore acquisition and survival of ambrosia beetles associated with the laurel wilt pathogen in avocados after exposure to entomopathogenic fungi. Insects, 9(2), 49.",,full text
NEW,15,Xyleborus bispinatus,3350,Beauveria bassiana,Fungi,pathogen,,commercial strain,undetermined,,virulence test,laboratory,"Avery et al., 2018",2018,"Avery, P. B., Bojorque, V., Gámez, C., Duncan, R. E., Carrillo, D., & Cave, R. D. (2018). Spore acquisition and survival of ambrosia beetles associated with the laurel wilt pathogen in avocados after exposure to entomopathogenic fungi. Insects, 9(2), 49.",,full text
NEW,16,Xyleborus bispinatus,3350,Metarhizium brunneum,Fungi,pathogen,,commercial strain,undetermined,,virulence test,laboratory,"Avery et al., 2018",2018,"Avery, P. B., Bojorque, V., Gámez, C., Duncan, R. E., Carrillo, D., & Cave, R. D. (2018). Spore acquisition and survival of ambrosia beetles associated with the laurel wilt pathogen in avocados after exposure to entomopathogenic fungi. Insects, 9(2), 49.",,full text
NEW,17,Xyleborus bispinatus,3350,Isaria fumosorosea,Fungi,pathogen,,commercial strain,undetermined,,virulence test,laboratory,"Avery et al., 2018",2018,"Avery, P. B., Bojorque, V., Gámez, C., Duncan, R. E., Carrillo, D., & Cave, R. D. (2018). Spore acquisition and survival of ambrosia beetles associated with the laurel wilt pathogen in avocados after exposure to entomopathogenic fungi. Insects, 9(2), 49.",,full text
NEW,18,Scolytus multistriatus,1147,Beauveria bassiana,Fungi,,,,,,,,"Balazy et al., 1967",1967,"Bałazy, S., Bargielski, J., Ziółkowski, G., & Czerwińska, C. (1967). Śmiertelność dorosłych chrząszczy kornika drukarza–Ips typographus (L.)(Col., Scolytidae) w żerowiskachijej przyczyny. Polskie Pismo Entomologiczne, 37(1), 201-205.",,non full-text 
NEW,19,Scolytus ratzeburgi,1167,Beauveria bassiana,Fungi,,,,,,,,"Balazy et al., 1967",1967,"Bałazy, S., Bargielski, J., Ziółkowski, G., & Czerwińska, C. (1967). Śmiertelność dorosłych chrząszczy kornika drukarza–Ips typographus (L.)(Col., Scolytidae) w żerowiskachijej przyczyny. Polskie Pismo Entomologiczne, 37(1), 201-205.",,non full-text 
NEW,20,Scolytus scolytus,1172,Beauveria bassiana,Fungi,,,,,,,,"Balazy et al., 1967",1967,"Bałazy, S., Bargielski, J., Ziółkowski, G., & Czerwińska, C. (1967). Śmiertelność dorosłych chrząszczy kornika drukarza–Ips typographus (L.)(Col., Scolytidae) w żerowiskachijej przyczyny. Polskie Pismo Entomologiczne, 37(1), 201-205.",,non full-text 
NEW,21,Scolytus laevis,1142,Beauveria bassiana,Fungi,,,,,,,,"Balazy et al., 1967",1967,"Bałazy, S., Bargielski, J., Ziółkowski, G., & Czerwińska, C. (1967). Śmiertelność dorosłych chrząszczy kornika drukarza–Ips typographus (L.)(Col., Scolytidae) w żerowiskachijej przyczyny. Polskie Pismo Entomologiczne, 37(1), 201-205.",,non full-text 
NEW,22,Polygraphus poligraphus,3365,Beauveria bassiana,Fungi,,,,,,,,"Balazy et al., 1967",1967,"Bałazy, S., Bargielski, J., Ziółkowski, G., & Czerwińska, C. (1967). Śmiertelność dorosłych chrząszczy kornika drukarza–Ips typographus (L.)(Col., Scolytidae) w żerowiskachijej przyczyny. Polskie Pismo Entomologiczne, 37(1), 201-205.",,non full-text 
NEW,23,Hylurgops palliatus,409,Beauveria bassiana,Fungi,,,,,,,,"Balazy et al., 1967",1967,"Bałazy, S., Bargielski, J., Ziółkowski, G., & Czerwińska, C. (1967). Śmiertelność dorosłych chrząszczy kornika drukarza–Ips typographus (L.)(Col., Scolytidae) w żerowiskachijej przyczyny. Polskie Pismo Entomologiczne, 37(1), 201-205.",,non full-text 
NEW,24,Hylastes opacus,399,Beauveria bassiana,Fungi,,,,,,,,"Balazy et al., 1967",1967,"Bałazy, S., Bargielski, J., Ziółkowski, G., & Czerwińska, C. (1967). Śmiertelność dorosłych chrząszczy kornika drukarza–Ips typographus (L.)(Col., Scolytidae) w żerowiskachijej przyczyny. Polskie Pismo Entomologiczne, 37(1), 201-205.",,non full-text 
NEW,25,Dryocoetes autographus,1837,Beauveria bassiana,Fungi,,,,,,,,"Balazy et al., 1967",1967,"Bałazy, S., Bargielski, J., Ziółkowski, G., & Czerwińska, C. (1967). Śmiertelność dorosłych chrząszczy kornika drukarza–Ips typographus (L.)(Col., Scolytidae) w żerowiskachijej przyczyny. Polskie Pismo Entomologiczne, 37(1), 201-205.",,non full-text 
NEW,26,Hylesinus varius,445,Beauveria bassiana,Fungi,,,,,,,,"Balazy et al., 1967",1967,"Bałazy, S., Bargielski, J., Ziółkowski, G., & Czerwińska, C. (1967). Śmiertelność dorosłych chrząszczy kornika drukarza–Ips typographus (L.)(Col., Scolytidae) w żerowiskachijej przyczyny. Polskie Pismo Entomologiczne, 37(1), 201-205.",,non full-text 
NEW,27,Ips amitinus,1696,Beauveria bassiana,Fungi,,,,,,,,"Balazy et al., 1967",1967,"Bałazy, S., Bargielski, J., Ziółkowski, G., & Czerwińska, C. (1967). Śmiertelność dorosłych chrząszczy kornika drukarza–Ips typographus (L.)(Col., Scolytidae) w żerowiskachijej przyczyny. Polskie Pismo Entomologiczne, 37(1), 201-205.",,non full-text 
NEW,28,Ips typographus,1733,Isaria farinosa,Fungi,,,,,,,,"Balazy et al., 1967",1967,"Bałazy, S., Bargielski, J., Ziółkowski, G., & Czerwińska, C. (1967). Śmiertelność dorosłych chrząszczy kornika drukarza–Ips typographus (L.)(Col., Scolytidae) w żerowiskachijej przyczyny. Polskie Pismo Entomologiczne, 37(1), 201-205.",,non full-text 
NEW,29,Ips acuminatus,1695,Beauveria bassiana,Fungi,pathogen,Poland,,,,,,"Balazy et al., 1987",1987,"Bałazy, S., Michalski, J., Ratajczak, E., 1987. Contribution to the knowledge of natural enemies of Ips acuminatus Gyll. (Coleoptera; Scolytidae). Polskie Pismo Entomologiczne 57, 735–745.",,only English abstract
NEW,30,Ips acuminatus,1695,Contortylenchus acuminati,Nematode,associate,Poland,,,,,,"Balazy et al., 1987",1987,"Bałazy, S., Michalski, J., Ratajczak, E., 1987. Contribution to the knowledge of natural enemies of Ips acuminatus Gyll. (Coleoptera; Scolytidae). Polskie Pismo Entomologiczne 57, 735–745.",,only English abstract
NEW,31,Scolytus multistriatus,1147,Beauveria bassiana,Fungi,,Poland,,,,,,"Balazy, 1962",1962,"Bałazy, S., 1962. Observations on appearing of some entomogenous fungi of fungi imperfecti group of forest insects. Polskie Pismo Entomologiczne, 149–164, Ser. B, 3–4.",,
NEW,32,Scolytus ratzeburgi,1167,Beauveria bassiana,Fungi,,Poland,,,,,,"Balazy, 1962",1962,"Bałazy, S., 1962. Observations on appearing of some entomogenous fungi of fungi imperfecti group of forest insects. Polskie Pismo Entomologiczne, 149–164, Ser. B, 3–4.",,
NEW,33,Scolytus scolytus,1172,Beauveria bassiana,Fungi,,Poland,,,,,,"Balazy, 1962",1962,"Bałazy, S., 1962. Observations on appearing of some entomogenous fungi of fungi imperfecti group of forest insects. Polskie Pismo Entomologiczne, 149–164, Ser. B, 3–4.",,
NEW,34,Scolytus laevis,1142,Beauveria bassiana,Fungi,,Poland,,,,,,"Balazy, 1962",1962,"Bałazy, S., 1962. Observations on appearing of some entomogenous fungi of fungi imperfecti group of forest insects. Polskie Pismo Entomologiczne, 149–164, Ser. B, 3–4.",,
NEW,35,Polygraphus poligraphus,3365,Beauveria bassiana,Fungi,,Poland,,,,,,"Balazy, 1962",1962,"Bałazy, S., 1962. Observations on appearing of some entomogenous fungi of fungi imperfecti group of forest insects. Polskie Pismo Entomologiczne, 149–164, Ser. B, 3–4.",,
NEW,36,Hylurgops palliatus,409,Beauveria bassiana,Fungi,,Poland,,,,,,"Balazy, 1962",1962,"Bałazy, S., 1962. Observations on appearing of some entomogenous fungi of fungi imperfecti group of forest insects. Polskie Pismo Entomologiczne, 149–164, Ser. B, 3–4.",,
NEW,37,Hylastes opacus,399,Beauveria bassiana,Fungi,,Poland,,,,,,"Balazy, 1962",1962,"Bałazy, S., 1962. Observations on appearing of some entomogenous fungi of fungi imperfecti group of forest insects. Polskie Pismo Entomologiczne, 149–164, Ser. B, 3–4.",,
NEW,38,Dryocoetes autographus,1837,Beauveria bassiana,Fungi,,Poland,,,,,,"Balazy, 1962",1962,"Bałazy, S., 1962. Observations on appearing of some entomogenous fungi of fungi imperfecti group of forest insects. Polskie Pismo Entomologiczne, 149–164, Ser. B, 3–4.",,
NEW,39,Hylesinus varius,445,Beauveria bassiana,Fungi,,Poland,,,,,,"Balazy, 1962",1962,"Bałazy, S., 1962. Observations on appearing of some entomogenous fungi of fungi imperfecti group of forest insects. Polskie Pismo Entomologiczne, 149–164, Ser. B, 3–4.",,
NEW,40,Ips amitinus,1696,Beauveria bassiana,Fungi,,Poland,,,,,,"Balazy, 1962",1962,"Bałazy, S., 1962. Observations on appearing of some entomogenous fungi of fungi imperfecti group of forest insects. Polskie Pismo Entomologiczne, 149–164, Ser. B, 3–4.",,
NEW,41,Crypturgus pusillus,1868,Lecanicillium lecanii,Fungi,,Poland,,,,,,"Balazy, 1962",1962,"Bałazy, S., 1962. Observations on appearing of some entomogenous fungi of fungi imperfecti group of forest insects. Polskie Pismo Entomologiczne, 149–164, Ser. B, 3–4.",,
NEW,42,Scolytus sp. undetermined,1173,Beauveria densa,Fungi,,Poland,,,,,,"Balazy, 1962",1962,"Bałazy, S., 1962. Observations on appearing of some entomogenous fungi of fungi imperfecti group of forest insects. Polskie Pismo Entomologiczne, 149–164, Ser. B, 3–4.",,
NEW,43,Polygraphus poligraphus,3365,Lecanicillium lecanii,Fungi,pathogen,Poland,,,,,,"Balazy, 1963",1963,"Bałazy, S., 1963. The fungus Cephalosporium (Acrostalagmus) lecanii Zimm., a pathogen of beetle larvae. Acta Societatis Botanicorum Poloniae 32, 69–80.",,only English abstract
NEW,44,Scolytus ratzeburgi,1167,Lecanicillium lecanii,Fungi,pathogen,Poland,,,,,,"Balazy, 1963",1963,"Bałazy, S., 1963. The fungus Cephalosporium (Acrostalagmus) lecanii Zimm., a pathogen of beetle larvae. Acta Societatis Botanicorum Poloniae 32, 69–80.",,only English abstract
NEW,45,Scolytus multistriatus,1147,Beauveria bassiana,Fungi,,Poland,,,,,,"Balazy, 1965",1965,"Bałazy, S., 1965. Entomopathogenous fungi from the order Hyphomycetes damaging forest insects in Poland. Roczniki Wyzszej Szkoly Rolniczej w Poznaniu 27, 21–30.",,
NEW,46,Scolytus ratzeburgi,1167,Beauveria bassiana,Fungi,,Poland,,,,,,"Balazy, 1965",1965,"Bałazy, S., 1965. Entomopathogenous fungi from the order Hyphomycetes damaging forest insects in Poland. Roczniki Wyzszej Szkoly Rolniczej w Poznaniu 27, 21–30.",,
NEW,47,Scolytus scolytus,1172,Beauveria bassiana,Fungi,,Poland,,,,,,"Balazy, 1965",1965,"Bałazy, S., 1965. Entomopathogenous fungi from the order Hyphomycetes damaging forest insects in Poland. Roczniki Wyzszej Szkoly Rolniczej w Poznaniu 27, 21–30.",,
NEW,48,Scolytus laevis,1142,Beauveria bassiana,Fungi,,Poland,,,,,,"Balazy, 1965",1965,"Bałazy, S., 1965. Entomopathogenous fungi from the order Hyphomycetes damaging forest insects in Poland. Roczniki Wyzszej Szkoly Rolniczej w Poznaniu 27, 21–30.",,
NEW,49,Polygraphus poligraphus,3365,Beauveria bassiana,Fungi,,Poland,,,,,,"Balazy, 1965",1965,"Bałazy, S., 1965. Entomopathogenous fungi from the order Hyphomycetes damaging forest insects in Poland. Roczniki Wyzszej Szkoly Rolniczej w Poznaniu 27, 21–30.",,
NEW,50,Hylurgops palliatus,409,Beauveria bassiana,Fungi,,Poland,,,,,,"Balazy, 1965",1965,"Bałazy, S., 1965. Entomopathogenous fungi from the order Hyphomycetes damaging forest insects in Poland. Roczniki Wyzszej Szkoly Rolniczej w Poznaniu 27, 21–30.",,
NEW,51,Hylastes opacus,399,Beauveria bassiana,Fungi,,Poland,,,,,,"Balazy, 1965",1965,"Bałazy, S., 1965. Entomopathogenous fungi from the order Hyphomycetes damaging forest insects in Poland. Roczniki Wyzszej Szkoly Rolniczej w Poznaniu 27, 21–30.",,
NEW,52,Dryocoetes autographus,1837,Beauveria bassiana,Fungi,,Poland,,,,,,"Balazy, 1965",1965,"Bałazy, S., 1965. Entomopathogenous fungi from the order Hyphomycetes damaging forest insects in Poland. Roczniki Wyzszej Szkoly Rolniczej w Poznaniu 27, 21–30.",,
NEW,53,Hylesinus varius,445,Beauveria bassiana,Fungi,,Poland,,,,,,"Balazy, 1965",1965,"Bałazy, S., 1965. Entomopathogenous fungi from the order Hyphomycetes damaging forest insects in Poland. Roczniki Wyzszej Szkoly Rolniczej w Poznaniu 27, 21–30.",,
NEW,54,Ips amitinus,1696,Beauveria bassiana,Fungi,,Poland,,,,,,"Balazy, 1965",1965,"Bałazy, S., 1965. Entomopathogenous fungi from the order Hyphomycetes damaging forest insects in Poland. Roczniki Wyzszej Szkoly Rolniczej w Poznaniu 27, 21–30.",,
NEW,55,Scolytus multistriatus,1147,Beauveria bassiana,Fungi,,Poland,,,,,,"Balazy, 1966",1966,"Bałazy, S., 1966. Living organisms regulating population density of bark beetles in spruce forests, with special reference to entomopathogenic fungi I. Poznanskie Towarzystwo Przyjaciol Nauk Wydzial Nauk Rolniczych I Lesnych 21, 3–50.",,
NEW,56,Scolytus ratzeburgi,1167,Beauveria bassiana,Fungi,,Poland,,,,,,"Balazy, 1966",1966,"Bałazy, S., 1966. Living organisms regulating population density of bark beetles in spruce forests, with special reference to entomopathogenic fungi I. Poznanskie Towarzystwo Przyjaciol Nauk Wydzial Nauk Rolniczych I Lesnych 21, 3–50.",,
NEW,57,Scolytus scolytus,1172,Beauveria bassiana,Fungi,,Poland,,,,,,"Balazy, 1966",1966,"Bałazy, S., 1966. Living organisms regulating population density of bark beetles in spruce forests, with special reference to entomopathogenic fungi I. Poznanskie Towarzystwo Przyjaciol Nauk Wydzial Nauk Rolniczych I Lesnych 21, 3–50.",,
NEW,58,Scolytus laevis,1142,Beauveria bassiana,Fungi,,Poland,,,,,,"Balazy, 1966",1966,"Bałazy, S., 1966. Living organisms regulating population density of bark beetles in spruce forests, with special reference to entomopathogenic fungi I. Poznanskie Towarzystwo Przyjaciol Nauk Wydzial Nauk Rolniczych I Lesnych 21, 3–50.",,
NEW,59,Polygraphus poligraphus,3365,Beauveria bassiana,Fungi,,Poland,,,,,,"Balazy, 1966",1966,"Bałazy, S., 1966. Living organisms regulating population density of bark beetles in spruce forests, with special reference to entomopathogenic fungi I. Poznanskie Towarzystwo Przyjaciol Nauk Wydzial Nauk Rolniczych I Lesnych 21, 3–50.",,
NEW,60,Hylurgops palliatus,409,Beauveria bassiana,Fungi,,Poland,,,,,,"Balazy, 1966",1966,"Bałazy, S., 1966. Living organisms regulating population density of bark beetles in spruce forests, with special reference to entomopathogenic fungi I. Poznanskie Towarzystwo Przyjaciol Nauk Wydzial Nauk Rolniczych I Lesnych 21, 3–50.",,
NEW,61,Hylastes opacus,399,Beauveria bassiana,Fungi,,Poland,,,,,,"Balazy, 1966",1966,"Bałazy, S., 1966. Living organisms regulating population density of bark beetles in spruce forests, with special reference to entomopathogenic fungi I. Poznanskie Towarzystwo Przyjaciol Nauk Wydzial Nauk Rolniczych I Lesnych 21, 3–50.",,
NEW,62,Dryocoetes autographus,1837,Beauveria bassiana,Fungi,,Poland,,,,,,"Balazy, 1966",1966,"Bałazy, S., 1966. Living organisms regulating population density of bark beetles in spruce forests, with special reference to entomopathogenic fungi I. Poznanskie Towarzystwo Przyjaciol Nauk Wydzial Nauk Rolniczych I Lesnych 21, 3–50.",,
NEW,63,Hylesinus varius,445,Beauveria bassiana,Fungi,,Poland,,,,,,"Balazy, 1966",1966,"Bałazy, S., 1966. Living organisms regulating population density of bark beetles in spruce forests, with special reference to entomopathogenic fungi I. Poznanskie Towarzystwo Przyjaciol Nauk Wydzial Nauk Rolniczych I Lesnych 21, 3–50.",,
NEW,64,Ips amitinus,1696,Beauveria bassiana,Fungi,,Poland,,,,,,"Balazy, 1966",1966,"Bałazy, S., 1966. Living organisms regulating population density of bark beetles in spruce forests, with special reference to entomopathogenic fungi I. Poznanskie Towarzystwo Przyjaciol Nauk Wydzial Nauk Rolniczych I Lesnych 21, 3–50.",,
NEW,65,Scolytus intricatus,1139,Lecanicillium lecanii,Fungi,pathogen,Poland,field-collected,cuticular contact,,pathogenicity test,laboratory,"Balazy, 1973",1973,"Bałazy, S., 1973. A review of entomopathogenic species of the genus Cephalosporium Corda (Mycota, Hyphomycetales). Bulletin de la societe des Amis des Sciences et des Lettres de Poznan, Ser. D 14, 101–137.",,only English abstract
NEW,66,Scolytus kirschii,1140,Lecanicillium lecanii,Fungi,pathogen,Poland,field-collected,cuticular contact,,pathogenicity test,laboratory,"Balazy, 1973",1973,"Bałazy, S., 1973. A review of entomopathogenic species of the genus Cephalosporium Corda (Mycota, Hyphomycetales). Bulletin de la societe des Amis des Sciences et des Lettres de Poznan, Ser. D 14, 101–137.",,only English abstract
NEW,67,Hylesinus crenatus,438,Lecanicillium lecanii,Fungi,pathogen,Poland,field-collected,cuticular contact,,pathogenicity test,laboratory,"Balazy, 1973",1973,"Bałazy, S., 1973. A review of entomopathogenic species of the genus Cephalosporium Corda (Mycota, Hyphomycetales). Bulletin de la societe des Amis des Sciences et des Lettres de Poznan, Ser. D 14, 101–137.",,only English abstract
NEW,68,Ips typographus,1733,Lecanicillium lecanii,Fungi,pathogen,Poland,field-collected,cuticular contact,,pathogenicity test,laboratory,"Balazy, 1973",1973,"Bałazy, S., 1973. A review of entomopathogenic species of the genus Cephalosporium Corda (Mycota, Hyphomycetales). Bulletin de la societe des Amis des Sciences et des Lettres de Poznan, Ser. D 14, 101–137.",,only English abstract
NEW,69,Scolytus scolytus,1172,Lecanicillium lecanii,Fungi,pathogen,,field-collected,cuticular contact,,pathogenicity test,laboratory,"Barson, 1976",1976,"Barson, G., 1976. Laboratory studies on the fungus Verticillium lecanii, a larval pathogen of the large elm bark beetle (Scolytus scolytus). Ann. Appl. Biol. 83, 207–214.",,full text
NEW,70,Ips typographus,1733,Beauveria caledonica,Fungi,pathogen,Slovakia,field-collected,cuticular contact,,virulence test,laboratory,"Barta et al., 2018",2018,"Barta, M., Kautmanová, I., Čičková, H., Ferenčík, J., Florián, Š., Novotný, J., & Kozánek, M. (2018). Hypocrealean fungi associated with populations of Ips typographus in West Carpathians and selection of local Beauveria strains for effective bark beetle control. Biologia, 73(1), 53-65.",,full text
NEW,71,Ips typographus,1733,Beauveria bassiana,Fungi,pathogen,Slovakia,field-collected,cuticular contact,,virulence test,laboratory,"Barta et al., 2018",2018,"Barta, M., Kautmanová, I., Čičková, H., Ferenčík, J., Florián, Š., Novotný, J., & Kozánek, M. (2018). Hypocrealean fungi associated with populations of Ips typographus in West Carpathians and selection of local Beauveria strains for effective bark beetle control. Biologia, 73(1), 53-65.",,full text
NEW,72,Ips typographus,1733,Beauveria pseudobassiana,Fungi,pathogen,Slovakia,field-collected,cuticular contact,,virulence test,laboratory,"Barta et al., 2018",2018,"Barta, M., Kautmanová, I., Čičková, H., Ferenčík, J., Florián, Š., Novotný, J., & Kozánek, M. (2018). Hypocrealean fungi associated with populations of Ips typographus in West Carpathians and selection of local Beauveria strains for effective bark beetle control. Biologia, 73(1), 53-65.",,full text
NEW,73,Ips typographus,1733,Lecanicillium lecanii,Fungi,,Slovakia,field-collected,,,,,"Barta et al., 2018",2018,"Barta, M., Kautmanová, I., Čičková, H., Ferenčík, J., Florián, Š., Novotný, J., & Kozánek, M. (2018). Hypocrealean fungi associated with populations of Ips typographus in West Carpathians and selection of local Beauveria strains for effective bark beetle control. Biologia, 73(1), 53-65.",,full text
NEW,74,Ips typographus,1733,Isaria farinosa,Fungi,,Slovakia,field-collected,,,,,"Barta et al., 2018",2018,"Barta, M., Kautmanová, I., Čičková, H., Ferenčík, J., Florián, Š., Novotný, J., & Kozánek, M. (2018). Hypocrealean fungi associated with populations of Ips typographus in West Carpathians and selection of local Beauveria strains for effective bark beetle control. Biologia, 73(1), 53-65.",,full text
NEW,75,Ips typographus,1733,Beauveria bassiana,Fungi,pathogen,Slovakia,field-collected,cuticular contact,,virulence test,laboratory and field,"Barta et al., 2018",2018,"Barta, M., Kautmanová, I., Čičková, H., Ferenčík, J., Florián, Š., Novotný, J., & Kozánek, M. (2018). The potential of Beauveria bassiana inoculum formulated into a polymeric matrix for a microbial control of spruce bark beetle. Biocontrol Science and Technology, 28(7), 718-735.",,full text
NEW,76,Ips typographus,1733,Beauveria bassiana,Fungi,pathogen,Bulgaria,field-collected and laboratory cultivated,cuticular contact,,virulence test,laboratory,"Barta et al., 2020",2020,"Barta, M., Takov, D., Pilarska, D., Doychev, D., & Horáková, M. K. (2020). Entomopathogenic fungi of the genus Beauveria and their pathogenicity to Ips typographus (Coleoptera: Curculionidae) in the Vitosha National Park, Bulgaria. Journal of Forest Science, 66(10), 420.",,full text
NEW,77,Ips typographus,1733,Beauveria caledonica,Fungi,pathogen,Bulgaria,field-collected and laboratory cultivated,cuticular contact,,virulence test,laboratory,"Barta et al., 2020",2020,"Barta, M., Takov, D., Pilarska, D., Doychev, D., & Horáková, M. K. (2020). Entomopathogenic fungi of the genus Beauveria and their pathogenicity to Ips typographus (Coleoptera: Curculionidae) in the Vitosha National Park, Bulgaria. Journal of Forest Science, 66(10), 420.",,full text
NEW,78,Dendroctonus micans,3927,Metarhizium anisopliae,Fungi,pathogen,Turkey,isolated from cadaver,cuticular contact,morphological and molecular,virulence test,laboratory,"Biryol et al., 2024",2024,"Biryol, S., Soydinç, A., & İşık, S. (2024). Morphological, molecular identification and virulence of entomopathogenic fungi isolated from Dendroctonus micans (Kugelann, 1794)(Coleoptera: Curculionidae). Sakarya University Journal of Science, 28(2), 381-391.",,full text
NEW,79,Dendroctonus micans,3927,Metarhizium robertsii,Fungi,pathogen,Turkey,isolated from cadaver,cuticular contact,morphological and molecular,virulence test,laboratory,"Biryol et al., 2024",2024,"Biryol, S., Soydinç, A., & İşık, S. (2024). Morphological, molecular identification and virulence of entomopathogenic fungi isolated from Dendroctonus micans (Kugelann, 1794)(Coleoptera: Curculionidae). Sakarya University Journal of Science, 28(2), 381-391.",,full text
NEW,80,Dendroctonus micans,3927,Metarhizium pinghaense,Fungi,pathogen,Turkey,isolated from cadaver,cuticular contact,morphological and molecular,virulence test,laboratory,"Biryol et al., 2024",2024,"Biryol, S., Soydinç, A., & İşık, S. (2024). Morphological, molecular identification and virulence of entomopathogenic fungi isolated from Dendroctonus micans (Kugelann, 1794)(Coleoptera: Curculionidae). Sakarya University Journal of Science, 28(2), 381-391.",,full text
NEW,81,Dendroctonus micans,3927,Clonostachys rosea,Fungi,pathogen,Turkey,isolated from cadaver,cuticular contact,morphological and molecular,virulence test,laboratory,"Biryol et al., 2024",2024,"Biryol, S., Soydinç, A., & İşık, S. (2024). Morphological, molecular identification and virulence of entomopathogenic fungi isolated from Dendroctonus micans (Kugelann, 1794)(Coleoptera: Curculionidae). Sakarya University Journal of Science, 28(2), 381-391.",,full text
NEW,82,Dendroctonus frontalis,479,Unikaryon minutum,Microsporidia,parasite,United States,isolated from infected beetle,,,,,"Bridges, 1987",1987,"Bridges, J.R., 1987. Prevalence of Unikaryon minutum (Microsporidia: Nosematidae) infection in outbreak populations of the southern pine beetle (Coleoptera: Scolytidae). J. Invertebr. Pathol. 49, 334–335.",,full text
NEW,83,Hylastes ater,390,Metarhizium flavoviride var. pemphigi,Fungi,pathogen,New Zealand,isolated from cadaver,,morphological and molecular,pathogenicity test on Tenebrio molitor,laboratory,"Brownbridge et al., 2010",2010,"Brownbridge, M., Reay, S.D., Cummings, N.J., 2010. Association of entomopathogenic fungi with exotic bark beetles in New Zealand pine plantations. Mycopathologia 169, 75–80.",,full text
NEW,84,Hylastes ater,390,Hirsutella guignardii,Fungi,pathogen,New Zealand,isolated from cadaver,,morphological and molecular,pathogenicity test on Tenebrio molitor,laboratory,"Brownbridge et al., 2010",2010,"Brownbridge, M., Reay, S.D., Cummings, N.J., 2010. Association of entomopathogenic fungi with exotic bark beetles in New Zealand pine plantations. Mycopathologia 169, 75–80.",,full text
NEW,85,Ips typographus,1733,ItEPV,Virus,pathogen,Georgia,isolated from living or slowly moving beetle,epithelial cells of the gut,morphological,,,"Burjanadze and Goginashvili, 2009",2009,"Burjanadze, M., Goginashvili, N., 2009. Occurrence of pathogens and nematodes in the spruce bark beetle, Ips typographus (Col., Scolytidae) in Borjomi Gorge. Bull. Georgian Natl. Acad. Sci. 3, 145–150.",,full text
NEW,86,Ips typographus,1733,Gregarina typographi,Protist,pathogen,Georgia,isolated from living or slowly moving beetle,mid-gut lumen,morphological,,,"Burjanadze and Goginashvili, 2009",2009,"Burjanadze, M., Goginashvili, N., 2009. Occurrence of pathogens and nematodes in the spruce bark beetle, Ips typographus (Col., Scolytidae) in Borjomi Gorge. Bull. Georgian Natl. Acad. Sci. 3, 145–150.",,full text
NEW,87,Ips typographus,1733,Chytridiopsis typographi,Microsporidia,pathogen,Georgia,isolated from living or slowly moving beetle,midgut epithelium,morphological,,,"Burjanadze and Goginashvili, 2009",2009,"Burjanadze, M., Goginashvili, N., 2009. Occurrence of pathogens and nematodes in the spruce bark beetle, Ips typographus (Col., Scolytidae) in Borjomi Gorge. Bull. Georgian Natl. Acad. Sci. 3, 145–150.",,full text
NEW,88,Ips typographus,1733,Contortylenchus diplogaster,Nematode,parasite,Georgia,isolated from living or slowly moving beetle,gut,morphological,,,"Burjanadze and Goginashvili, 2009",2009,"Burjanadze, M., Goginashvili, N., 2009. Occurrence of pathogens and nematodes in the spruce bark beetle, Ips typographus (Col., Scolytidae) in Borjomi Gorge. Bull. Georgian Natl. Acad. Sci. 3, 145–150.",,full text
NEW,89,Ips typographus,1733,Parasitorhabditis sp.,Nematode,parasite,Georgia,isolated from living or slowly moving beetle,gut,morphological,,,"Burjanadze and Goginashvili, 2009",2009,"Burjanadze, M., Goginashvili, N., 2009. Occurrence of pathogens and nematodes in the spruce bark beetle, Ips typographus (Col., Scolytidae) in Borjomi Gorge. Bull. Georgian Natl. Acad. Sci. 3, 145–150.",,full text
NEW,90,Ips typographus,1733,Bursaphelenchus sp.,Nematode,parasite,Georgia,isolated from living or slowly moving beetle,gut,morphological,,,"Burjanadze and Goginashvili, 2009",2009,"Burjanadze, M., Goginashvili, N., 2009. Occurrence of pathogens and nematodes in the spruce bark beetle, Ips typographus (Col., Scolytidae) in Borjomi Gorge. Bull. Georgian Natl. Acad. Sci. 3, 145–150.",,full text
NEW,91,Ips typographus,1733,Nosema sp.,Microsporidia,pathogen,Georgia,isolated from living or slowly moving beetle,fat body,morphological,,,"Burjanadze and Goginashvili, 2009",2009,"Burjanadze, M., Goginashvili, N., 2009. Occurrence of pathogens and nematodes in the spruce bark beetle, Ips typographus (Col., Scolytidae) in Borjomi Gorge. Bull. Georgian Natl. Acad. Sci. 3, 145–150.",,full text
NEW,92,Ips typographus,1733,Gregarina typographi,Protist,pathogen,Georgia,,,,,,"Burjanadze et al., 2011",2011,"Burjanadze, M., Lortkipanidze, M., Supatashvili, A., Gorgadze, O., 2011. Occurrence of pathogens and nematodes of bark beetles (Coleoptera, Scolytidae) from coniferous forests in different region of Georgia. IOBC/wprs Bull. 66, 351–354.",,only English abstract
NEW,93,Ips sexdentatus,1728,Gregarina typographi,Protist,pathogen,Georgia,,,,,,"Burjanadze et al., 2011",2011,"Burjanadze, M., Lortkipanidze, M., Supatashvili, A., Gorgadze, O., 2011. Occurrence of pathogens and nematodes of bark beetles (Coleoptera, Scolytidae) from coniferous forests in different region of Georgia. IOBC/wprs Bull. 66, 351–354.",,only English abstract
NEW,94,Ips typographus,1733,Chytridiopsis typographi,Microsporidia,pathogen,Georgia,,,,,,"Burjanadze et al., 2011",2011,"Burjanadze, M., Lortkipanidze, M., Supatashvili, A., Gorgadze, O., 2011. Occurrence of pathogens and nematodes of bark beetles (Coleoptera, Scolytidae) from coniferous forests in different region of Georgia. IOBC/wprs Bull. 66, 351–354.",,only English abstract
NEW,95,Tomicus piniperda,521,Chytridiopsis typographi,Microsporidia,pathogen,Georgia,,,,,,"Burjanadze et al., 2011",2011,"Burjanadze, M., Lortkipanidze, M., Supatashvili, A., Gorgadze, O., 2011. Occurrence of pathogens and nematodes of bark beetles (Coleoptera, Scolytidae) from coniferous forests in different region of Georgia. IOBC/wprs Bull. 66, 351–354.",,only English abstract
NEW,96,Ips typographus,1733,Menzbieria sp.,Protist,pathogen,Georgia,,,,,,"Burjanadze et al., 2011",2011,"Burjanadze, M., Lortkipanidze, M., Supatashvili, A., Gorgadze, O., 2011. Occurrence of pathogens and nematodes of bark beetles (Coleoptera, Scolytidae) from coniferous forests in different region of Georgia. IOBC/wprs Bull. 66, 351–354.",,only English abstract
NEW,97,Ips typographus,1733,Contortylenchus diplogaster,Nematode,parasite,Georgia,,,,,,"Burjanadze et al., 2011",2011,"Burjanadze, M., Lortkipanidze, M., Supatashvili, A., Gorgadze, O., 2011. Occurrence of pathogens and nematodes of bark beetles (Coleoptera, Scolytidae) from coniferous forests in different region of Georgia. IOBC/wprs Bull. 66, 351–354.",,only English abstract
NEW,98,Ips sexdentatus,1728,Contortylenchus pseudodiplogaster,Nematode,parasite,Georgia,,,,,,"Burjanadze et al., 2011",2011,"Burjanadze, M., Lortkipanidze, M., Supatashvili, A., Gorgadze, O., 2011. Occurrence of pathogens and nematodes of bark beetles (Coleoptera, Scolytidae) from coniferous forests in different region of Georgia. IOBC/wprs Bull. 66, 351–354.",,only English abstract
NEW,99,Ips typographus,1733,Bursaphelenchus teratospicularis,Nematode,,Georgia,,,,,,"Burjanadze et al., 2012",2012,"Burjanadze, M., Lortkipanidze, M., Gorgadze, O., 2012. Influence of ecological factors on the formation of nematode fauna of bark beetles (Coleoptera Scolytidae). Bull. Georgian Natl. Acad. Sci 6, 133–136.",,full text
NEW,100,Ips typographus,1733,Parasitorhabditis bicoloris,Nematode,,Georgia,,,,,,"Burjanadze et al., 2012",2012,"Burjanadze, M., Lortkipanidze, M., Gorgadze, O., 2012. Influence of ecological factors on the formation of nematode fauna of bark beetles (Coleoptera Scolytidae). Bull. Georgian Natl. Acad. Sci 6, 133–136.",,full text
NEW,101,Ips typographus,1733,Parasitaphelenchus bicoloris,Nematode,,Georgia,,,,,,"Burjanadze et al., 2012",2012,"Burjanadze, M., Lortkipanidze, M., Gorgadze, O., 2012. Influence of ecological factors on the formation of nematode fauna of bark beetles (Coleoptera Scolytidae). Bull. Georgian Natl. Acad. Sci 6, 133–136.",,full text
NEW,102,Ips typographus,1733,Cryptaphelenchus bicoloris,Nematode,,Georgia,,,,,,"Burjanadze et al., 2012",2012,"Burjanadze, M., Lortkipanidze, M., Gorgadze, O., 2012. Influence of ecological factors on the formation of nematode fauna of bark beetles (Coleoptera Scolytidae). Bull. Georgian Natl. Acad. Sci 6, 133–136.",,full text
NEW,103,Ips typographus,1733,Panagrolaimus scheucherae,Nematode,,Georgia,,,,,,"Burjanadze et al., 2012",2012,"Burjanadze, M., Lortkipanidze, M., Gorgadze, O., 2012. Influence of ecological factors on the formation of nematode fauna of bark beetles (Coleoptera Scolytidae). Bull. Georgian Natl. Acad. Sci 6, 133–136.",,full text
NEW,104,Ips typographus,1733,Parasitorhabditis obtusa,Nematode,,Georgia,,,,,,"Burjanadze et al., 2012",2012,"Burjanadze, M., Lortkipanidze, M., Gorgadze, O., 2012. Influence of ecological factors on the formation of nematode fauna of bark beetles (Coleoptera Scolytidae). Bull. Georgian Natl. Acad. Sci 6, 133–136.",,full text
NEW,105,Ips typographus,1733,Ektaphelenchus typographi,Nematode,,Georgia,,,,,,"Burjanadze et al., 2012",2012,"Burjanadze, M., Lortkipanidze, M., Gorgadze, O., 2012. Influence of ecological factors on the formation of nematode fauna of bark beetles (Coleoptera Scolytidae). Bull. Georgian Natl. Acad. Sci 6, 133–136.",,full text
NEW,106,Ips typographus,1733,Cryptaphelenchus macrogaster,Nematode,,Georgia,,,,,,"Burjanadze et al., 2012",2012,"Burjanadze, M., Lortkipanidze, M., Gorgadze, O., 2012. Influence of ecological factors on the formation of nematode fauna of bark beetles (Coleoptera Scolytidae). Bull. Georgian Natl. Acad. Sci 6, 133–136.",,full text
NEW,107,Ips typographus,1733,Bursaphelenchus eidmani,Nematode,,Georgia,,,,,,"Burjanadze et al., 2012",2012,"Burjanadze, M., Lortkipanidze, M., Gorgadze, O., 2012. Influence of ecological factors on the formation of nematode fauna of bark beetles (Coleoptera Scolytidae). Bull. Georgian Natl. Acad. Sci 6, 133–136.",,full text
NEW,108,Ips typographus,1733,Micoletzkya buetschlii,Nematode,,Georgia,,,,,,"Burjanadze et al., 2012",2012,"Burjanadze, M., Lortkipanidze, M., Gorgadze, O., 2012. Influence of ecological factors on the formation of nematode fauna of bark beetles (Coleoptera Scolytidae). Bull. Georgian Natl. Acad. Sci 6, 133–136.",,full text
NEW,109,Ips typographus,1733,Beauveria bassiana,Fungi,,Georgia,,,,,,"Burjanadze, 2007",2007,"Burjanadze, M. (2007). Entomopathogenic fungi found on Ips typographus in Georgia. IOBC WPRS BULLETIN, 30(1), 155.",,
NEW,110,Ips typographus,1733,Metarhizium sp.,Fungi,,Georgia,,,,,,"Burjanadze, 2007",2007,"Burjanadze, M. (2007). Entomopathogenic fungi found on Ips typographus in Georgia. IOBC WPRS BULLETIN, 30(1), 155.",,
NEW,111,Tomicus piniperda,521,Beauveria bassiana,Fungi,pathogen,,isolated from  beetle,cuticular contact,,virulence test,laboratory,"Burjanadze, 2010",2010,"Burjanadze, M., 2010. Efficacy of Beauveria bassiana isolate against pine shoot beetle Tomicus piniperda L. (Coleoptera, Scolytidae) in laboratory. Bull. Georgian Natl. Acad. Sci. 4, 119–122.",,full text
NEW,112,Ips calligraphus,1704,Bacillus thuringiensis,Bacteria,,,culture collection,gut,,pathogenicity test; toxicity bioassay,laboratory,"Cane et al., 1995",1995,"Cane, J.H., Cox, H.E., Moar, W.J., 1995. Susceptibility of Ips calligraphus (Germar) and Dendroctonus frontalis (Zimmermann) (Coleoptera: Scolytidae) to coleopteran-active Bacillus thuringiensis, a Bacillus metabolite, and Avermectin B1. Can. Entomol. 127, 831–837.",,full text
NEW,113,Dendroctonus frontalis,479,Bacillus thuringiensis,Bacteria,,,culture collection,gut,,pathogenicity test; toxicity bioassay,laboratory,"Cane et al., 1995",1995,"Cane, J.H., Cox, H.E., Moar, W.J., 1995. Susceptibility of Ips calligraphus (Germar) and Dendroctonus frontalis (Zimmermann) (Coleoptera: Scolytidae) to coleopteran-active Bacillus thuringiensis, a Bacillus metabolite, and Avermectin B1. Can. Entomol. 127, 831–837.",,full text
NEW,114,Dendroctonus ponderosae,484,Beauveria bassiana,Fungi,,United States,isolated from beetle mouthpart,,morphological and molecular,,,"Cardoza et al., 2009",2009,"Cardoza, Y. J., Vasanthakumar, A., Suazo, A., & Raffa, K. F. (2009). Survey and phylogenetic analysis of culturable microbes in the oral secretions of three bark beetle species. Entomologia experimentalis et applicata, 131(2), 138-147.",,full text
NEW,115,Dendroctonus rufipennis,488,Beauveria bassiana,Fungi,,United States,isolated from beetle mouthpart,,morphological and molecular,,,"Cardoza et al., 2009",2009,"Cardoza, Y. J., Vasanthakumar, A., Suazo, A., & Raffa, K. F. (2009). Survey and phylogenetic analysis of culturable microbes in the oral secretions of three bark beetle species. Entomologia experimentalis et applicata, 131(2), 138-147.",,full text
NEW,116,Xyleborus glabratus,2093,Beauveria bassiana,Fungi,pathogen,United States,commercial strain,cuticular contact,,virulence test,laboratory,"Carrillo et al., 2015",2015,"Carrillo, D., Dunlap, C. A., Avery, P. B., Navarrete, J., Duncan, R. E., Jackson, M. A., ... & Peña, J. E. (2015). Entomopathogenic fungi as biological control agents for the vector of the laurel wilt disease, the redbay ambrosia beetle, Xyleborus glabratus (Coleoptera: Curculionidae). Biological Control, 81, 44-50.",,full text
NEW,117,Xyleborus glabratus,2093,Isaria fumosorosea,Fungi,pathogen,United States,isolated from Bemisia tabaci and commercial strain,cuticular contact,,pathogenicity test,laboratory,"Carrillo et al., 2015",2015,"Carrillo, D., Dunlap, C. A., Avery, P. B., Navarrete, J., Duncan, R. E., Jackson, M. A., ... & Peña, J. E. (2015). Entomopathogenic fungi as biological control agents for the vector of the laurel wilt disease, the redbay ambrosia beetle, Xyleborus glabratus (Coleoptera: Curculionidae). Biological Control, 81, 44-50.",,full text
NEW,118,Xyleborus affinis,2046,Beauveria bassiana,Fungi,pathogen,México,coleoptera-isolated B. bassiana strains from the EPF collection,cuticular contact,,pathogenicity test,laboratory,"Castrejón-Antonio et al., 2020",2020,"Castrejón-Antonio, J. E., Tamez-Guerra, P., Montesinos-Matías, R., Ek-Ramos, M. J., Garza-López, P. M., & Arredondo-Bernal, H. C. (2020). Selection of Beauveria bassiana (Hypocreales: Cordycipitaceae) strains to control Xyleborus affinis (Curculionidae: Scolytinae) females. PeerJ, 8, e9472.",,full text
NEW,119,Xyleborus affinis,2046,Beauveria bassiana,Fungi,pathogen,México,culture collection,cuticular contact,,pathogenicity test,laboratory,"Castrejón-Antonio et al., 2023",2023,"Castrejón-Antonio, J. E., Tamez-Guerra, P., García-Ortiz, N., Muñiz-Paredes, F., Sánchez-Rangel, J. C., & Montesinos-Matías, R. (2023). Biocontrol of Xyleborus affinis (Curculionidae: Scolitinae) females and progeny by Beauveria bassiana (Hypocreales: Cordycipitaceae) in a sawdust artificial diet model. Insects, 14(5), 477.",,full text
NEW,120,Xyleborus affinis,2046,Beauveria bassiana,Fungi,pathogen,,culture collection,cuticular contact,,pathogenicity test with inverted emulsion,laboratory,"Castrejón-Antonio et al., 2025",2025,"Castrejón-Antonio, J. E., Tamez-Guerra, P., Montesinos-Matías, R., Sánchez-Rangel, J. C., & Mendoza-Muñoz, N. (2025). Compatibility of Beauveria bassiana with Inverted Emulsions in Contaminated Surface Tests Against Xyleborus affinis1. Southwestern Entomologist, 50(1), 1-18.",,full text
NEW,121,Xylosandrus crassiusculus,2182,Beauveria bassiana,Fungi,pathogen,United States,culture collection; commercial strain,cuticular contact,,virulence test,laboratory,"Castrillo et al., 2013",2013,"Castrillo, L. A., Griggs, M. H., & Vandenberg, J. D. (2013). Granulate ambrosia beetle, Xylosandrus crassiusculus (Coleoptera: Curculionidae), survival and brood production following exposure to entomopathogenic and mycoparasitic fungi. Biological control, 67(2), 220-226.",,full text
NEW,122,Xylosandrus crassiusculus,2182,Metarhizium brunneum,Fungi,pathogen,United States,culture collection; commercial strain,cuticular contact,,virulence test,laboratory,"Castrillo et al., 2013",2013,"Castrillo, L. A., Griggs, M. H., & Vandenberg, J. D. (2013). Granulate ambrosia beetle, Xylosandrus crassiusculus (Coleoptera: Curculionidae), survival and brood production following exposure to entomopathogenic and mycoparasitic fungi. Biological control, 67(2), 220-226.",,full text
NEW,123,Xylosandrus germanus,2185,Beauveria bassiana,Fungi,pathogen,United States,culture collection; commercial strain,cuticular contact,,virulence test,laboratory,"Castrillo et al., 2011",2011,"Castrillo, L. A., Griggs, M. H., Ranger, C. M., Reding, M. E., & Vandenberg, J. D. (2011). Virulence of commercial strains of Beauveria bassiana and Metarhizium brunneum (Ascomycota: Hypocreales) against adult Xylosandrus germanus (Coleoptera: Curculionidae) and impact on brood. Biological Control, 58(2), 121-126.",,full text
NEW,124,Xylosandrus germanus,2185,Metarhizium brunneum,Fungi,pathogen,United States,culture collection; commercial strain,cuticular contact,,virulence test,laboratory,"Castrillo et al., 2011",2011,"Castrillo, L. A., Griggs, M. H., Ranger, C. M., Reding, M. E., & Vandenberg, J. D. (2011). Virulence of commercial strains of Beauveria bassiana and Metarhizium brunneum (Ascomycota: Hypocreales) against adult Xylosandrus germanus (Coleoptera: Curculionidae) and impact on brood. Biological Control, 58(2), 121-126.",,full text
NEW,125,Xylosandrus crassiusculus,2182,Beauveria bassiana,Fungi,pathogen,United States,culture collection; commercial strain,cuticular contact,,pathogenicity test,laboratory,"Castrillo et al., 2016",2016,"Castrillo, L. A., Griggs, M. H., & Vandenberg, J. D. (2016). Competition between biological control fungi and fungal symbionts of ambrosia beetles Xylosandrus crassiusculus and X. germanus (Coleoptera: Curculionidae): mycelial interactions and impact on beetle brood production. Biological Control, 103, 138-146.",,full text
NEW,126,Xylosandrus crassiusculus,2182,Metarhizium brunneum,Fungi,pathogen,United States,culture collection; commercial strain,cuticular contact,,pathogenicity test,laboratory,"Castrillo et al., 2016",2016,"Castrillo, L. A., Griggs, M. H., & Vandenberg, J. D. (2016). Competition between biological control fungi and fungal symbionts of ambrosia beetles Xylosandrus crassiusculus and X. germanus (Coleoptera: Curculionidae): mycelial interactions and impact on beetle brood production. Biological Control, 103, 138-146.",,full text
NEW,127,Xylosandrus germanus,2185,Beauveria bassiana,Fungi,pathogen,,culture collection; commercial strain,cuticular contact,,pathogenicity test,laboratory,"Castrillo et al., 2016",2016,"Castrillo, L. A., Griggs, M. H., & Vandenberg, J. D. (2016). Competition between biological control fungi and fungal symbionts of ambrosia beetles Xylosandrus crassiusculus and X. germanus (Coleoptera: Curculionidae): mycelial interactions and impact on beetle brood production. Biological Control, 103, 138-146.",,full text
NEW,128,Xylosandrus germanus,2185,Metarhizium brunneum,Fungi,pathogen,,culture collection; commercial strain,cuticular contact,,pathogenicity test,laboratory,"Castrillo et al., 2016",2016,"Castrillo, L. A., Griggs, M. H., & Vandenberg, J. D. (2016). Competition between biological control fungi and fungal symbionts of ambrosia beetles Xylosandrus crassiusculus and X. germanus (Coleoptera: Curculionidae): mycelial interactions and impact on beetle brood production. Biological Control, 103, 138-146.",,full text
NEW,129,Hypothenemus hampei,2273,Beauveria bassiana,Fungi,pathogen,United States,isolated from infected beetle,,morphological and molecular,,,"Castrillo et al., 2020",2020,"Castrillo, L. A., Wraight, S. P., Galaini-Wraight, S., Matsumoto, T. K., Howes, R. L., & Keith, L. M. (2020). Genetic diversity among naturally-occurring strains of Beauveria bassiana associated with the introduced coffee berry borer, Hypothenemus hampei,(Coleoptera: Curculionidae) on Hawai ‘i Island. Journal of invertebrate pathology, 175, 107456.",,full text
NEW,130,Euwallacea perbrevis,9688,Beauveria bassiana,Fungi,pathogen,,culture collection; commercial strain,cuticular contact,,,laboratory,"Chavez et al., 2023",2023,"Chavez, A. V., Duren, E. B., Avery, P. B., Pitino, M., Duncan, R. E., Cruz, L. F., ... & Cave, R. D. (2023). Evaluation of spore acquisition, spore production, and host survival time for tea shot-hole borer, Euwallacea perbrevis, adults after exposure to four commercial products containing Beauveria bassiana. Insects, 14(9), 726.",,full text
NEW,131,Hylesinus varius,445,Paecilomyces variotii,Fungi,,,,,,,,"Chararas, 1957",1957,"Chararas C. 1957. Rev.Path.Veg.d’Ent.Agr.Fr. 36, 145-155; cit.: Postner, M. (1974): Scolytidae (=Ipidae), Borkenkäfer. In: Die Forstschädlinge Europas, Bd. 2.W. Schwenke (Ed), P. Parey.",,
NEW,132,Dryocoetes autographus,1837,Paecilomyces variotii,Fungi,,,,,,,,"Chararas, 1962",1962,"Chararas C. 1962. Encyclopedie Entomologique A, 38, Lechevalier, Paris; cit.: Postner, M. (1974): Scolytidae (=Ipidae), Borkenkäfer. In: Die Forstschädlinge Europas, Bd. 2. W. Schwenke (Ed), P. Parey.",,
NEW,133,Ips paraconfusus,1718,Parasitorhabditis sp.,Nematode,parasite,United States,,gut,,,,"Choo et al., 1987",1987,"Choo, H.Y., Kaya, H.K., Shea, P., Noffsinger, E.M., 1987. Ecological study of nematode parasitism in Ips beetles from California and Idaho. J. Nematol. 19, 495–502.",,full text
NEW,134,Ips paraconfusus,1718,Parasitaphelenchus sp.,Nematode,parasite,United States,,hemocoel,,,,"Choo et al., 1987",1987,"Choo, H.Y., Kaya, H.K., Shea, P., Noffsinger, E.M., 1987. Ecological study of nematode parasitism in Ips beetles from California and Idaho. J. Nematol. 19, 495–502.",,full text
NEW,135,Ips paraconfusus,1718,Contortylenchus elongatus,Nematode,parasite,United States,,hemocoel,,,,"Choo et al., 1987",1987,"Choo, H.Y., Kaya, H.K., Shea, P., Noffsinger, E.M., 1987. Ecological study of nematode parasitism in Ips beetles from California and Idaho. J. Nematol. 19, 495–502.",,full text
NEW,136,Ips paraconfusus,1718,Contortylenchus reversus,Nematode,parasite,United States,,hemocoel,,,,"Choo et al., 1987",1987,"Choo, H.Y., Kaya, H.K., Shea, P., Noffsinger, E.M., 1987. Ecological study of nematode parasitism in Ips beetles from California and Idaho. J. Nematol. 19, 495–502.",,full text
NEW,137,Ips paraconfusus,1718,Contortylenchus brevicomi,Nematode,parasite,United States,,hemocoel,,,,"Choo et al., 1987",1987,"Choo, H.Y., Kaya, H.K., Shea, P., Noffsinger, E.M., 1987. Ecological study of nematode parasitism in Ips beetles from California and Idaho. J. Nematol. 19, 495–502.",,full text
NEW,138,Ips pini,1725,Parasitaphelenchus sp.,Nematode,parasite,United States,,hemocoel,,,,"Choo et al., 1987",1987,"Choo, H.Y., Kaya, H.K., Shea, P., Noffsinger, E.M., 1987. Ecological study of nematode parasitism in Ips beetles from California and Idaho. J. Nematol. 19, 495–502.",,full text
NEW,139,Ips pini,1725,Contortylenchus reversus,Nematode,parasite,United States,,hemocoel,,,,"Choo et al., 1987",1987,"Choo, H.Y., Kaya, H.K., Shea, P., Noffsinger, E.M., 1987. Ecological study of nematode parasitism in Ips beetles from California and Idaho. J. Nematol. 19, 495–502.",,full text
NEW,140,Ips pini,1725,Contortylenchus sp1.,Nematode,parasite,United States,,hemocoel,,,,"Choo et al., 1987",1987,"Choo, H.Y., Kaya, H.K., Shea, P., Noffsinger, E.M., 1987. Ecological study of nematode parasitism in Ips beetles from California and Idaho. J. Nematol. 19, 495–502.",,full text
NEW,141,Ips pini,1725,Contortylenchus sp2.,Nematode,parasite,United States,,hemocoel,,,,"Choo et al., 1987",1987,"Choo, H.Y., Kaya, H.K., Shea, P., Noffsinger, E.M., 1987. Ecological study of nematode parasitism in Ips beetles from California and Idaho. J. Nematol. 19, 495–502.",,full text
NEW,142,Ips pini,1725,Parasitylenchus ovarius,Nematode,parasite,United States,,hemocoel,,,,"Choo et al., 1987",1987,"Choo, H.Y., Kaya, H.K., Shea, P., Noffsinger, E.M., 1987. Ecological study of nematode parasitism in Ips beetles from California and Idaho. J. Nematol. 19, 495–502.",,full text
NEW,143,Dendroctonus rufipennis,488,Beauveria bassiana,Fungi,parasite,United States,isolated from  beetle,cuticular contact,morphological,pathogenicity test,laboratory and field,"Davis et al., 2018",2018,"Davis, T. S., Mann, A. J., Malesky, D., Jankowski, E., & Bradley, C. (2018). Laboratory and field evaluation of the entomopathogenic fungus Beauveria bassiana (Deuteromycotina: Hyphomycetes) for population management of spruce beetle, Dendroctonus rufipennis (Coleoptera: Scolytinae), in felled trees and factors limiting pathogen success. Environmental entomology, 47(3), 594-602.",,full text
NEW,144,Dendroctonus rufipennis,488,Beauveria bassiana,Fungi,,United States,isolated from  beetle,,,,,"Davis et al., 2019",2019,"Davis, T. S., Stewart, J. E., Mann, A., Bradley, C., & Hofstetter, R. W. (2019). Evidence for multiple ecological roles of Leptographium abietinum, a symbiotic fungus associated with the North American spruce beetle. Fungal Ecology, 38, 62-70.",,full text
NEW,145,Hylurgus ligniperda,502,Isaria farinosa,Fungi,,Ukraine,isolated from  beetle,,,,,"Davydenko et al., 2014",2014,"Davydenko, K., Vasaitis, R., Meshkova, V., & Menkis, A. (2014). Fungi associated with the red-haired bark beetle, Hylurgus ligniperda (Coleoptera: Curculionidae) in the forest-steppe zone in eastern Ukraine. European Journal of Entomology, 111(4), 561.",,full text
NEW,146,Hylurgus ligniperda,502,Beauveria bassiana,Fungi,,Ukraine,isolated from  beetle,,,,,"Davydenko et al., 2014",2014,"Davydenko, K., Vasaitis, R., Meshkova, V., & Menkis, A. (2014). Fungi associated with the red-haired bark beetle, Hylurgus ligniperda (Coleoptera: Curculionidae) in the forest-steppe zone in eastern Ukraine. European Journal of Entomology, 111(4), 561.",,full text
NEW,147,Ips duplicatus,5921,Beauveria bassiana,Fungi,pathogen,Romania,isolated from infected beetle,cuticular contact,,pathogenicity test,laboratory,"Dinu et al., 2012",2012,"Dinu, M. M., Lupăştean, D., Cardaş, G., & Andrei, A. M. (2012). New Beauveria bassiana (Bals.) Vuill. isolate from Ips duplicatus (Sahlberg). Romanian Journal of Plant Protection, 5, 12-15.",,full text
NEW,148,Scolytus multistriatus,1147,Beauveria bassiana,Fungi,,United States,pathogen; isolated from  beetle,pathogenicity test,,morphological,laboratory,"Doane, 1959",1959,"Doane C.C. 1959. Beauveria bassiana as a pathogen of Scolytus multistriatus. Annals Entomological Society of America 52, 109-11.",,full text
NEW,149,Scolytus multistriatus,1147,Serratia marcescens,Bacteria,,,pathogen,pathogenicity test,,,,"Doane, 1960",1960,"Doane C.C. 1960. Bacterial Pathogens of Scolytus multistriatus Marsham as related to crowding. Journal of Insect Pathology 2, 24.29.",,full text
NEW,150,Scolytus multistriatus,1147,Aerobacter scolyti,Bacteria,,,pathogen,pathogenicity test,,,,"Doane, 1960",1960,"Doane C.C. 1960. Bacterial Pathogens of Scolytus multistriatus Marsham as related to crowding. Journal of Insect Pathology 2, 24.29.",,full text
NEW,151,Scolytus multistriatus,1147,Escherichia klebsiellaeformis,Bacteria,,,pathogen,pathogenicity test,,,,"Doane, 1960",1960,"Doane C.C. 1960. Bacterial Pathogens of Scolytus multistriatus Marsham as related to crowding. Journal of Insect Pathology 2, 24.29.",,full text
NEW,152,Scolytus scolytus,1172,Beauveria bassiana,Fungi,,England,,pathogenicity test,,,laboratory,"Doberski, 1981a",1981,"Doberski J.W. 1981. Comparative laboratory studies on three fungal pathogens of the elm bark beetle, Scolytus scolytus: Pathogenicity of Beauveria bassiana, Metarhizium anisopliae, and Paecilomyces farinosus to larvae and adults of S. scolytus. Journal of Invertebrate Pathology 37, 188-94.",,full text
NEW,153,Scolytus scolytus,1172,Metarhizium anisopliae,Fungi,,England,,pathogenicity test,,,laboratory,"Doberski, 1981a",1981,"Doberski J.W. 1981. Comparative laboratory studies on three fungal pathogens of the elm bark beetle, Scolytus scolytus: Pathogenicity of Beauveria bassiana, Metarhizium anisopliae, and Paecilomyces farinosus to larvae and adults of S. scolytus. Journal of Invertebrate Pathology 37, 188-94.",,full text
NEW,154,Scolytus scolytus,1172,Paecilomyces farinosus,Fungi,,England,,pathogenicity test,,,laboratory,"Doberski, 1981a",1981,"Doberski J.W. 1981. Comparative laboratory studies on three fungal pathogens of the elm bark beetle, Scolytus scolytus: Pathogenicity of Beauveria bassiana, Metarhizium anisopliae, and Paecilomyces farinosus to larvae and adults of S. scolytus. Journal of Invertebrate Pathology 37, 188-94.",,full text
NEW,155,Scolytus scolytus,1172,Beauveria bassiana,Fungi,,England,,pathogenicity test,,,laboratory,"Doberski, 1981b",1981,"Doberski J.W. 1981. Comparative laboratory studies on three fungal pathogens of the elm bark beetle, Scolytus scolytus: effects of temperature and humidity on infection by Beauveria bassiana, Metarhizium anisopliae, and Paecilomyces farinosus. Journal of Invertebrate Pathology 37, 195-200.",,full text
NEW,156,Scolytus scolytus,1172,Metarhizium anisopliae,Fungi,,England,,pathogenicity test,,,laboratory,"Doberski, 1981b",1981,"Doberski J.W. 1981. Comparative laboratory studies on three fungal pathogens of the elm bark beetle, Scolytus scolytus: effects of temperature and humidity on infection by Beauveria bassiana, Metarhizium anisopliae, and Paecilomyces farinosus. Journal of Invertebrate Pathology 37, 195-200.",,full text
NEW,157,Scolytus scolytus,1172,Paecilomyces farinosus,Fungi,,England,,pathogenicity test,,,laboratory,"Doberski, 1981b",1981,"Doberski J.W. 1981. Comparative laboratory studies on three fungal pathogens of the elm bark beetle, Scolytus scolytus: effects of temperature and humidity on infection by Beauveria bassiana, Metarhizium anisopliae, and Paecilomyces farinosus. Journal of Invertebrate Pathology 37, 195-200.",,full text
NEW,158,Dryocoetes autographus,1837,Beauveria bassiana,Fungi,,Bulgaria,isolated from cadaver,,,morphological,,"Draganova et al., 2010",2010,"Draganova, S. A., Takov, D. I., & Doychev, D. D. (2010). Naturally-occurring entomopathogenic fungi on three bark beetle species (Coleoptera: Curculionidae) in Bulgaria. Pesticidi i fitomedicina, 25(1), 59-63.",,full text
NEW,159,Ips sexdentatus,1728,Beauveria bassiana,Fungi,,Bulgaria,isolated from cadaver,,,morphological,,"Draganova et al., 2010",2010,"Draganova, S. A., Takov, D. I., & Doychev, D. D. (2010). Naturally-occurring entomopathogenic fungi on three bark beetle species (Coleoptera: Curculionidae) in Bulgaria. Pesticidi i fitomedicina, 25(1), 59-63.",,full text
NEW,160,Ips typographus,1733,Beauveria bassiana,Fungi,,Bulgaria,isolated from cadaver,,,morphological,,"Draganova et al., 2010",2010,"Draganova, S. A., Takov, D. I., & Doychev, D. D. (2010). Naturally-occurring entomopathogenic fungi on three bark beetle species (Coleoptera: Curculionidae) in Bulgaria. Pesticidi i fitomedicina, 25(1), 59-63.",,full text
NEW,161,Ips typographus,1733,Beauveria brongniartii,Fungi,,Bulgaria,isolated from cadaver,,,morphological,,"Draganova et al., 2010",2010,"Draganova, S. A., Takov, D. I., & Doychev, D. D. (2010). Naturally-occurring entomopathogenic fungi on three bark beetle species (Coleoptera: Curculionidae) in Bulgaria. Pesticidi i fitomedicina, 25(1), 59-63.",,full text
NEW,162,Ips sexdentatus,1728,Isaria farinosa,Fungi,,Bulgaria,isolated from cadaver,,,morphological,,"Draganova et al., 2010",2010,"Draganova, S. A., Takov, D. I., & Doychev, D. D. (2010). Naturally-occurring entomopathogenic fungi on three bark beetle species (Coleoptera: Curculionidae) in Bulgaria. Pesticidi i fitomedicina, 25(1), 59-63.",,full text
NEW,163,Hylurgops palliatus,409,Beauveria bassiana,Fungi,,Bulgaria,,,,,,"Draganova et al., 2011",2011,"Draganova, S., Pilarska, D., Takov, D., & Doychev, D. (2011). Utilization of carbohydrates by Beauveria bassiana isolates obtained from forest pests. Journal of Plant Protection Research.",,full text
NEW,164,Ips typographus,1733,Beauveria bassiana,Fungi,,Bulgaria,,,,,,"Draganova et al., 2011",2011,"Draganova, S., Pilarska, D., Takov, D., & Doychev, D. (2011). Utilization of carbohydrates by Beauveria bassiana isolates obtained from forest pests. Journal of Plant Protection Research.",,full text
NEW,165,Ips sexdentatus,1728,Beauveria bassiana,Fungi,,Bulgaria,,,,,,"Draganova et al., 2011",2011,"Draganova, S., Pilarska, D., Takov, D., & Doychev, D. (2011). Utilization of carbohydrates by Beauveria bassiana isolates obtained from forest pests. Journal of Plant Protection Research.",,full text
NEW,166,Dryocoetes autographus,1837,Beauveria bassiana,Fungi,,Bulgaria,,,,,,"Draganova et al., 2011",2011,"Draganova, S., Pilarska, D., Takov, D., & Doychev, D. (2011). Utilization of carbohydrates by Beauveria bassiana isolates obtained from forest pests. Journal of Plant Protection Research.",,full text
NEW,167,Hylastes ater,390,Beauveria bassiana,Fungi,pathogen,,,cuticular contact,,pathogenicity test,laboratory,"Reay et al., 2008",2008,"Reay, S. D., Brownbridge, M., Cummings, N. J., Nelson, T. L., Souffre, B., Lignon, C., & Glare, T. R. (2008). Isolation and characterization of Beauveria spp. associated with exotic bark beetles in New Zealand Pinus radiata plantation forests. Biological Control, 46(3), 484-494.",,full text
NEW,168,Hylastes ater,390,Beauveria caledonica,Fungi,pathogen,,,cuticular contact,,pathogenicity test,laboratory,"Reay et al., 2008",2008,"Reay, S. D., Brownbridge, M., Cummings, N. J., Nelson, T. L., Souffre, B., Lignon, C., & Glare, T. R. (2008). Isolation and characterization of Beauveria spp. associated with exotic bark beetles in New Zealand Pinus radiata plantation forests. Biological Control, 46(3), 484-494.",,full text
NEW,169,Hylastes ater,390,Beauveria malawiensis,Fungi,pathogen,,,cuticular contact,,pathogenicity test,laboratory,"Reay et al., 2008",2008,"Reay, S. D., Brownbridge, M., Cummings, N. J., Nelson, T. L., Souffre, B., Lignon, C., & Glare, T. R. (2008). Isolation and characterization of Beauveria spp. associated with exotic bark beetles in New Zealand Pinus radiata plantation forests. Biological Control, 46(3), 484-494.",,full text
NEW,170,Hylurgus ligniperda,502,Beauveria bassiana,Fungi,pathogen,,,cuticular contact,,pathogenicity test,laboratory,"Reay et al., 2008",2008,"Reay, S. D., Brownbridge, M., Cummings, N. J., Nelson, T. L., Souffre, B., Lignon, C., & Glare, T. R. (2008). Isolation and characterization of Beauveria spp. associated with exotic bark beetles in New Zealand Pinus radiata plantation forests. Biological Control, 46(3), 484-494.",,full text
NEW,171,Hylurgus ligniperda,502,Beauveria caledonica,Fungi,pathogen,,,cuticular contact,,pathogenicity test,laboratory,"Reay et al., 2008",2008,"Reay, S. D., Brownbridge, M., Cummings, N. J., Nelson, T. L., Souffre, B., Lignon, C., & Glare, T. R. (2008). Isolation and characterization of Beauveria spp. associated with exotic bark beetles in New Zealand Pinus radiata plantation forests. Biological Control, 46(3), 484-494.",,full text
NEW,172,Hylurgus ligniperda,502,Beauveria malawiensis,Fungi,pathogen,,,cuticular contact,,pathogenicity test,laboratory,"Reay et al., 2008",2008,"Reay, S. D., Brownbridge, M., Cummings, N. J., Nelson, T. L., Souffre, B., Lignon, C., & Glare, T. R. (2008). Isolation and characterization of Beauveria spp. associated with exotic bark beetles in New Zealand Pinus radiata plantation forests. Biological Control, 46(3), 484-494.",,full text
NEW,173,Ips typographus,1733,Beauveria bassiana,Fungi,pathogen,Bulgaria,culture collection; isolated from cadaver,cuticular contact,,pathogenicity test,laboratory and field,"Draganova et al., 2017",2017,"Draganova, S. A., Doychev, D. D., Pilarska, D. K., & Takov, D. I. (2017). Bioassays of entomopathogenic fungi against xylophagous insects in Bulgaria: laboratory and field experiments. Acta Zool. Bulg, 69, 411-419.",,full text
NEW,174,Ips typographus,1733,Metarhizium anisopliae,Fungi,pathogen,Bulgaria,culture collection; isolated from cadaver,cuticular contact,,pathogenicity test,laboratory and field,"Draganova et al., 2017",2017,"Draganova, S. A., Doychev, D. D., Pilarska, D. K., & Takov, D. I. (2017). Bioassays of entomopathogenic fungi against xylophagous insects in Bulgaria: laboratory and field experiments. Acta Zool. Bulg, 69, 411-419.",,full text
NEW,175,Tomicus piniperda,521,Beauveria bassiana,Fungi,pathogen,China,,,,pathogenicity test; toxicity bioassay,,"Du et al., 2014",2014,Toxicity test of several strains of Beauveria bassiana against Tomicus piniperda,,full text
NEW,176,Dendroctonus armandi,8867,Entomopoxvirus,Virus,,China,,,,,,"Fan et al., 1988",1988,"Fan, M.; C. Kuo & X. Lu 1988. Tentative study on entomopoxvirus of Dendroctonus armandi Tsai et Li. Journal Disinsectional Microorganism 1, 140-41.",,full text
NEW,177,Scolytus schevyrewi,1171,Beauveria bassiana,Fungi,pathogen,China,,cuticular contact,,virulence test,,"Fan et al., 2014",2014,Screening of highly virulent strains of fungi entomopathogenic to Scolytus schevyrewi Semenov,,full text
NEW,178,Scolytus schevyrewi,1171,Metarhizium anisopliae,Fungi,pathogen,China,,cuticular contact,,virulence test,,"Fan et al., 2014",2014,Screening of highly virulent strains of fungi entomopathogenic to Scolytus schevyrewi Semenov,,full text
NEW,179,Scolytus schevyrewi,1171,Paecilomyces cateni,Fungi,pathogen,China,,cuticular contact,,virulence test,,"Fan et al., 2014",2014,Screening of highly virulent strains of fungi entomopathogenic to Scolytus schevyrewi Semenov,,full text
NEW,180,Ips typographus,1733,Beauveria bassiana,Fungi,pathogen,Romania,,cuticular contact,,pathogenicity test,laboratory,"Fora et al., 2022",2022,"Fora, C. G., Boja, N., Moatăr, M., Tóth, F., & Balog, A. (2022). Effect of entomopathogenic fungi, Beauveria bassiana (Cordycipitaceae), on the bark beetle, Ips typographus (L.), under field conditions. Insects, 13(10), 885.",,full text
NEW,181,Pityokteines curvidens,1747,Tylenchus dispar curvidentis,Nematode,,Germany,,,,,,"Fuchs, 1914a",1914,"Fuchs, G., 1914a. Tylenchus dispar curvidentis m. und Tylenchus dispar cryphali m. Zool. Anz. 45, 195–207.",,
NEW,182,Cryphalus piceae,2218,Tylenchus dispar cryphali,Nematode,,Germany,,,,,,"Fuchs, 1914a",1914,"Fuchs, G., 1914a. Tylenchus dispar curvidentis m. und Tylenchus dispar cryphali m. Zool. Anz. 45, 195–207.",,
NEW,183,Ips typographus,1733,Tylenchus dispar curvidentis,Nematode,parasite,Germany,,,,,,"Fuchs, 1915",1915,"Fuchs G. 1915. Die Naturgeschichte der Nematoden und einiger anderer Parasiten 1. des Ips typographus L. 2. des Hylobius abietis L. Zoologische Jahrbücher, Abteilung für Systematik 38, 109-222.",,
NEW,184,Ips typographus,1733,Tylenchus contortus typographi,Nematode,parasite,Germany,,,,,,"Fuchs, 1915",1915,"Fuchs G. 1915. Die Naturgeschichte der Nematoden und einiger anderer Parasiten 1. des Ips typographus L. 2. des Hylobius abietis L. Zoologische Jahrbücher, Abteilung für Systematik 38, 109-222.",,
NEW,185,Ips typographus,1733,Rhabditis obtusa,Nematode,parasite,Germany,,,,,,"Fuchs, 1915",1915,"Fuchs G. 1915. Die Naturgeschichte der Nematoden und einiger anderer Parasiten 1. des Ips typographus L. 2. des Hylobius abietis L. Zoologische Jahrbücher, Abteilung für Systematik 38, 109-222.",,
NEW,186,Ips typographus,1733,Diplogaster hütchlii,Nematode,parasite,Germany,,,,,,"Fuchs, 1915",1915,"Fuchs G. 1915. Die Naturgeschichte der Nematoden und einiger anderer Parasiten 1. des Ips typographus L. 2. des Hylobius abietis L. Zoologische Jahrbücher, Abteilung für Systematik 38, 109-222.",,
NEW,187,Ips typographus,1733,Tylenchus major,Nematode,parasite,Germany,,,,,,"Fuchs, 1915",1915,"Fuchs G. 1915. Die Naturgeschichte der Nematoden und einiger anderer Parasiten 1. des Ips typographus L. 2. des Hylobius abietis L. Zoologische Jahrbücher, Abteilung für Systematik 38, 109-222.",,
NEW,188,Ips typographus,1733,Tylenchus macrogaster,Nematode,parasite,Germany,,,,,,"Fuchs, 1915",1915,"Fuchs G. 1915. Die Naturgeschichte der Nematoden und einiger anderer Parasiten 1. des Ips typographus L. 2. des Hylobius abietis L. Zoologische Jahrbücher, Abteilung für Systematik 38, 109-222.",,
NEW,189,Ips typographus,1733,Rhabditolaimus halleri,Nematode,parasite,Germany,,,,,,"Fuchs, 1915",1915,"Fuchs G. 1915. Die Naturgeschichte der Nematoden und einiger anderer Parasiten 1. des Ips typographus L. 2. des Hylobius abietis L. Zoologische Jahrbücher, Abteilung für Systematik 38, 109-222.",,
NEW,190,Ips typographus,1733,Gregarina typographi,Protist,parasite,Germany,,gut,,,,"Fuchs, 1915",1915,"Fuchs G. 1915. Die Naturgeschichte der Nematoden und einiger anderer Parasiten 1. des Ips typographus L. 2. des Hylobius abietis L. Zoologische Jahrbücher, Abteilung für Systematik 38, 109-222.",,
NEW,191,Ips typographus,1733,Telosporidium typographi,Protist,parasite,Germany,,,,,,"Fuchs, 1915",1915,"Fuchs G. 1915. Die Naturgeschichte der Nematoden und einiger anderer Parasiten 1. des Ips typographus L. 2. des Hylobius abietis L. Zoologische Jahrbücher, Abteilung für Systematik 38, 109-222.",,
NEW,192,Ips typographus,1733,Diplochis omnivorus,Protist,parasite,Germany,,,,,,"Fuchs, 1915",1915,"Fuchs G. 1915. Die Naturgeschichte der Nematoden und einiger anderer Parasiten 1. des Ips typographus L. 2. des Hylobius abietis L. Zoologische Jahrbücher, Abteilung für Systematik 38, 109-222.",,
NEW,193,Ips typographus,1733,ItEPV,Virus,,,,,,,,"Gasperl, 2002",2002,"Gasperl H. 2002. Grundlegende Erhebungen zum Borkenkäferauftreten an Fichten-Fangbäumen und zum Pathogenauftreten in Borkenkäfern aus dem geplanten Nationalpark Gesäuse. Diploma thesis, Universität für Bodenkultur Wien.",,non full-text 
NEW,194,Hylastes ater,390,Beauveria caledonica,Fungi,,New Zealand,isolated from cadaver,,,,,"Glare et al., 2008",2008,"Glare, T. R., Reay, S. D., Nelson, T. L., & Moore, R. (2008). Beauveria caledonica is a naturally occurring pathogen of forest beetles. Mycological Research, 112(3), 352-360.",,full text
NEW,195,Hylurgus ligniperda,502,Beauveria caledonica,Fungi,,New Zealand,isolated from cadaver,,,pathogenicity test,laboratory,"Glare et al., 2008",2008,"Glare, T. R., Reay, S. D., Nelson, T. L., & Moore, R. (2008). Beauveria caledonica is a naturally occurring pathogen of forest beetles. Mycological Research, 112(3), 352-360.",,
NEW,196,Ips typographus,1733,ItEPV,Virus,,Turkey,,,,,,"Gokturk et al., 2010",2010,"Gokturk, T., Burjanadze, M., Aksu, Y., Supatashvili, A., 2010. Nature enemies—predators, pathogens and parasitic nematodes of bark beetles in Hatila Valley National Park of Turkey. Proc. Georgian Acad. Sci., Biol. Ser. Bull. Am. Meteorol. Soc. 8, 59–71.",,non full-text 
NEW,197,Ips subelongatus,10456,Beauveria bassiana,Fungi,,,,,,,,"Gusteleva, 1980",1980,"Gusteleva, L.A., 1980. Beauveria bassiana (Bals) Vuill preparation effect on Ips subelongatus Motsch. Leatsch results of the test. Izvestiya Sibirskogo Otdeleniya Akademii Nauk Sssr Seriya Biologicheskikh Nauk 1980, 49–54.",,
NEW,198,Ips subelongatus,10456,Bacillus thuringiensis var. insectus,Bacteria,,,,,,pathogenicity test,,"Gusteleva, 1982a",1982,"Gusteleva L.A. 1982a. Prospects for using microbial preparations against Ips subelongatus. Lesnoe Khozyaistvo 9, 67.",,only English abstract
NEW,199,Ips subelongatus,10456,Beauveria bassiana,Fungi,,,,,,pathogenicity test,,"Gusteleva, 1982a",1982,"Gusteleva L.A. 1982a. Prospects for using microbial preparations against Ips subelongatus. Lesnoe Khozyaistvo 9, 67.",,only English abstract
NEW,200,Ips subelongatus,10456,Beauveria bassiana,Fungi,,,,,,pathogenicity test,,"Gusteleva, 1982b",1982,"Gusteleva L.A. 1982b. The interaction of wood decomposing insects with microorganisms. In: Konsortivnye svyazi dereva i dendrofil nykh nasekomykh, ed.: A.S. Isaev, 56-67.",,only English abstract
NEW,201,Ips subelongatus,10456,Beauveria bassiana,Fungi,,,,,,,,"Gusteleva, 1984",1984,"Gusteleva L.A. 1984. Virulence of Beauveria bassiana (Bals.) Vuill to the larvae of the bark beetle Ips subelongatus Motsch. (Coleoptera, Scolytidae). Revue d’Entomologie de l’Urss 63, 40-42.",,
NEW,202,Ips typographus,1733,ItEPV,Virus,,,,,,,,"Haidler et al., 1998",1998,"Haidler B. 1998. Pathogene und Parasiten von ichtenborkenkäfern in einem Fichtenbestand am Achner Kogel bei Tamsweg. Diploma thesis, Formal- und Naturwissenschaftliche Fakultät der niversität Wien.",,non full-text 
NEW,203,Ips typographus,1733,ItEPV,Virus,pathogen,Austria,evaluation of pathogen infections of all emerged beetles,,morphological,,,"Haidler et al., 2003",2003,"Haidler, B.,Wegensteiner, R., Weiser, J., 2003. Occurrence of microsporidia and other pathogens in associated living spruce bark beetles (Coleoptera: Scolytidae) in an Austrian forest. IOBC/wprs Bull. 26, 257–260.",,full text
NEW,204,Ips typographus,1733,Malamoeba scolyti,Protist,pathogen,Austria,evaluation of pathogen infections of all emerged beetles,,morphological,,,"Haidler et al., 2003",2003,"Haidler, B.,Wegensteiner, R., Weiser, J., 2003. Occurrence of microsporidia and other pathogens in associated living spruce bark beetles (Coleoptera: Scolytidae) in an Austrian forest. IOBC/wprs Bull. 26, 257–260.",,full text
NEW,205,Ips typographus,1733,Gregarina sp.,Protist,pathogen,Austria,evaluation of pathogen infections of all emerged beetles,,morphological,,,"Haidler et al., 2003",2003,"Haidler, B.,Wegensteiner, R., Weiser, J., 2003. Occurrence of microsporidia and other pathogens in associated living spruce bark beetles (Coleoptera: Scolytidae) in an Austrian forest. IOBC/wprs Bull. 26, 257–260.",,full text
NEW,206,Ips typographus,1733,Chytridiopsis cf. typographi,Microsporidia,pathogen,Austria,evaluation of pathogen infections of all emerged beetles,,morphological,,,"Haidler et al., 2003",2003,"Haidler, B.,Wegensteiner, R., Weiser, J., 2003. Occurrence of microsporidia and other pathogens in associated living spruce bark beetles (Coleoptera: Scolytidae) in an Austrian forest. IOBC/wprs Bull. 26, 257–260.",,full text
NEW,207,Hylastes cunicularius,5178,Gregarina sp.,Protist,pathogen,Austria,evaluation of pathogen infections of all emerged beetles,,morphological,,,"Haidler et al., 2003",2003,"Haidler, B.,Wegensteiner, R., Weiser, J., 2003. Occurrence of microsporidia and other pathogens in associated living spruce bark beetles (Coleoptera: Scolytidae) in an Austrian forest. IOBC/wprs Bull. 26, 257–260.",,full text
NEW,208,Hylastes cunicularius,5178,Chytridiopsis cf. typographi,Microsporidia,pathogen,Austria,evaluation of pathogen infections of all emerged beetles,,morphological,,,"Haidler et al., 2003",2003,"Haidler, B.,Wegensteiner, R., Weiser, J., 2003. Occurrence of microsporidia and other pathogens in associated living spruce bark beetles (Coleoptera: Scolytidae) in an Austrian forest. IOBC/wprs Bull. 26, 257–260.",,full text
NEW,209,Hylastes cunicularius,5178,unidentified microsporidia,Microsporidia,pathogen,Austria,evaluation of pathogen infections of all emerged beetles,,morphological,,,"Haidler et al., 2003",2003,"Haidler, B.,Wegensteiner, R., Weiser, J., 2003. Occurrence of microsporidia and other pathogens in associated living spruce bark beetles (Coleoptera: Scolytidae) in an Austrian forest. IOBC/wprs Bull. 26, 257–260.",,full text
NEW,210,Hylurgops glabratus,5192,Malamoeba scolyti,Protist,pathogen,Austria,evaluation of pathogen infections of all emerged beetles,,morphological,,,"Haidler et al., 2003",2003,"Haidler, B.,Wegensteiner, R., Weiser, J., 2003. Occurrence of microsporidia and other pathogens in associated living spruce bark beetles (Coleoptera: Scolytidae) in an Austrian forest. IOBC/wprs Bull. 26, 257–260.",,full text
NEW,211,Hylurgops glabratus,5192,Gregarina sp.,Protist,pathogen,Austria,evaluation of pathogen infections of all emerged beetles,,morphological,,,"Haidler et al., 2003",2003,"Haidler, B.,Wegensteiner, R., Weiser, J., 2003. Occurrence of microsporidia and other pathogens in associated living spruce bark beetles (Coleoptera: Scolytidae) in an Austrian forest. IOBC/wprs Bull. 26, 257–260.",,full text
NEW,212,Hylurgops glabratus,5192,Chytridiopsis cf. typographi,Microsporidia,pathogen,Austria,evaluation of pathogen infections of all emerged beetles,,morphological,,,"Haidler et al., 2003",2003,"Haidler, B.,Wegensteiner, R., Weiser, J., 2003. Occurrence of microsporidia and other pathogens in associated living spruce bark beetles (Coleoptera: Scolytidae) in an Austrian forest. IOBC/wprs Bull. 26, 257–260.",,full text
NEW,213,Hylurgops glabratus,5192,unidentified microsporidia,Microsporidia,pathogen,Austria,evaluation of pathogen infections of all emerged beetles,,morphological,,,"Haidler et al., 2003",2003,"Haidler, B.,Wegensteiner, R., Weiser, J., 2003. Occurrence of microsporidia and other pathogens in associated living spruce bark beetles (Coleoptera: Scolytidae) in an Austrian forest. IOBC/wprs Bull. 26, 257–260.",,full text
NEW,214,Hylurgops palliatus,409,unidentified microsporidia,Microsporidia,pathogen,Austria,evaluation of pathogen infections of all emerged beetles,,morphological,,,"Haidler et al., 2003",2003,"Haidler, B.,Wegensteiner, R., Weiser, J., 2003. Occurrence of microsporidia and other pathogens in associated living spruce bark beetles (Coleoptera: Scolytidae) in an Austrian forest. IOBC/wprs Bull. 26, 257–260.",,full text
NEW,215,Dryocoetes autographus,1837,Malamoeba scolyti,Protist,pathogen,Austria,evaluation of pathogen infections of all emerged beetles,,morphological,,,"Haidler et al., 2003",2003,"Haidler, B.,Wegensteiner, R., Weiser, J., 2003. Occurrence of microsporidia and other pathogens in associated living spruce bark beetles (Coleoptera: Scolytidae) in an Austrian forest. IOBC/wprs Bull. 26, 257–260.",,full text
NEW,216,Dryocoetes autographus,1837,Gregarina sp.,Protist,pathogen,Austria,evaluation of pathogen infections of all emerged beetles,,morphological,,,"Haidler et al., 2003",2003,"Haidler, B.,Wegensteiner, R., Weiser, J., 2003. Occurrence of microsporidia and other pathogens in associated living spruce bark beetles (Coleoptera: Scolytidae) in an Austrian forest. IOBC/wprs Bull. 26, 257–260.",,full text
NEW,217,Dryocoetes autographus,1837,unidentified microsporidia,Microsporidia,pathogen,Austria,evaluation of pathogen infections of all emerged beetles,,morphological,,,"Haidler et al., 2003",2003,"Haidler, B.,Wegensteiner, R., Weiser, J., 2003. Occurrence of microsporidia and other pathogens in associated living spruce bark beetles (Coleoptera: Scolytidae) in an Austrian forest. IOBC/wprs Bull. 26, 257–260.",,full text
NEW,218,Pityophthorus pityographus,2755,Chytridiopsis cf. typographi,Microsporidia,pathogen,Austria,evaluation of pathogen infections of all emerged beetles,,morphological,,,"Haidler et al., 2003",2003,"Haidler, B.,Wegensteiner, R., Weiser, J., 2003. Occurrence of microsporidia and other pathogens in associated living spruce bark beetles (Coleoptera: Scolytidae) in an Austrian forest. IOBC/wprs Bull. 26, 257–260.",,full text
NEW,219,Pityogenes chalcographus,1739,Gregarina sp.,Protist,pathogen,Austria,evaluation of pathogen infections of all emerged beetles,,morphological,,,"Haidler et al., 2003",2003,"Haidler, B.,Wegensteiner, R., Weiser, J., 2003. Occurrence of microsporidia and other pathogens in associated living spruce bark beetles (Coleoptera: Scolytidae) in an Austrian forest. IOBC/wprs Bull. 26, 257–260.",,full text
NEW,220,Pityogenes chalcographus,1739,Chytridiopsis cf. typographi,Microsporidia,pathogen,Austria,evaluation of pathogen infections of all emerged beetles,,morphological,,,"Haidler et al., 2003",2003,"Haidler, B.,Wegensteiner, R., Weiser, J., 2003. Occurrence of microsporidia and other pathogens in associated living spruce bark beetles (Coleoptera: Scolytidae) in an Austrian forest. IOBC/wprs Bull. 26, 257–260.",,full text
NEW,221,Pityogenes chalcographus,1739,unidentified microsporidia,Microsporidia,pathogen,Austria,evaluation of pathogen infections of all emerged beetles,,morphological,,,"Haidler et al., 2003",2003,"Haidler, B.,Wegensteiner, R., Weiser, J., 2003. Occurrence of microsporidia and other pathogens in associated living spruce bark beetles (Coleoptera: Scolytidae) in an Austrian forest. IOBC/wprs Bull. 26, 257–260.",,full text
NEW,222,Ips amitinus,1696,Gregarina sp.,Protist,pathogen,Austria,evaluation of pathogen infections of all emerged beetles,,morphological,,,"Haidler et al., 2003",2003,"Haidler, B.,Wegensteiner, R., Weiser, J., 2003. Occurrence of microsporidia and other pathogens in associated living spruce bark beetles (Coleoptera: Scolytidae) in an Austrian forest. IOBC/wprs Bull. 26, 257–260.",,full text
NEW,223,Ips amitinus,1696,Chytridiopsis cf. typographi,Microsporidia,pathogen,Austria,evaluation of pathogen infections of all emerged beetles,,morphological,,,"Haidler et al., 2003",2003,"Haidler, B.,Wegensteiner, R., Weiser, J., 2003. Occurrence of microsporidia and other pathogens in associated living spruce bark beetles (Coleoptera: Scolytidae) in an Austrian forest. IOBC/wprs Bull. 26, 257–260.",,full text
NEW,224,Ips amitinus,1696,unidentified microsporidia,Microsporidia,pathogen,Austria,evaluation of pathogen infections of all emerged beetles,,morphological,,,"Haidler et al., 2003",2003,"Haidler, B.,Wegensteiner, R., Weiser, J., 2003. Occurrence of microsporidia and other pathogens in associated living spruce bark beetles (Coleoptera: Scolytidae) in an Austrian forest. IOBC/wprs Bull. 26, 257–260.",,full text
NEW,225,Ips typographus,1733,Beauveria bassiana,Fungi,,,,,,,,"Hallet et al., 1994",1994,"Hallet S., J.C. Gregoire & J. Coremans-Pelseneer 1994. Prospects in the use of the entomopathogenous fungus Beauveria bassiana (Bals.) Vuill. (Deuteromycetes: Hyphomycetes) to control the spruce bark beetle Ips typographus L. (Coleoptera: Scolytidae). Mededelingen Faculteit Landbouwkundige en Toegepaste Biologische Wetenschappen Universiteit Gent 59, 379-83.",,non full-text 
NEW,226,Ips amitinus,1696,Gregarina typographi,Protist,pathogen,Austria,evaluation of pathogen infections of all emerged beetles,,,,,"Händel and Wegensteiner, 2005",2005,"Handel, U., Wegensteiner, R., 2005. Occurrence of pathogens in bark beetles (Coleoptera, Scolytidae) from Alpine pine (Pinus cembra L.). IOBC/wprs Bull 28, 155–158.",,only English abstract
NEW,227,Ips amitinus,1696,Malamoeba scolyti,Protist,pathogen,Austria,evaluation of pathogen infections of all emerged beetles,,,,,"Händel and Wegensteiner, 2005",2005,"Handel, U., Wegensteiner, R., 2005. Occurrence of pathogens in bark beetles (Coleoptera, Scolytidae) from Alpine pine (Pinus cembra L.). IOBC/wprs Bull 28, 155–158.",,only English abstract
NEW,228,Ips amitinus,1696,Mattesia sp.,Protist,pathogen,Austria,evaluation of pathogen infections of all emerged beetles,,,,,"Händel and Wegensteiner, 2005",2005,"Handel, U., Wegensteiner, R., 2005. Occurrence of pathogens in bark beetles (Coleoptera, Scolytidae) from Alpine pine (Pinus cembra L.). IOBC/wprs Bull 28, 155–158.",,only English abstract
NEW,229,Ips amitinus,1696,Chytridiopsis typographi,Microsporidia,pathogen,Austria,evaluation of pathogen infections of all emerged beetles,,,,,"Händel and Wegensteiner, 2005",2005,"Handel, U., Wegensteiner, R., 2005. Occurrence of pathogens in bark beetles (Coleoptera, Scolytidae) from Alpine pine (Pinus cembra L.). IOBC/wprs Bull 28, 155–158.",,only English abstract
NEW,230,Pityogenes conjunctus,5951,Gregarina sp.,Protist,pathogen,Austria,evaluation of pathogen infections of all emerged beetles,,,,,"Händel and Wegensteiner, 2005",2005,"Handel, U., Wegensteiner, R., 2005. Occurrence of pathogens in bark beetles (Coleoptera, Scolytidae) from Alpine pine (Pinus cembra L.). IOBC/wprs Bull 28, 155–158.",,only English abstract
NEW,231,Ips typographus,1733,Chytridiopsis typographi,Microsporidia,,,,,,,,"Händel et al., 2001",2001,"Händel U., M. Kenis & R. Wegensteiner 2001. Untersuchungen zum Vorkommen von Pathogenen und Parasiten in Populationen überwinternder Fichtenborkenkäfer (Col., Scolytidae). Mitteilungen der Deutschen Gesellschaft für allgemeine und angewandte Entomologie 13, 423-28.",,non full-text 
NEW,232,Ips typographus,1733,Unikaryon montanum,Microsporidia,,,,,,,,"Händel et al., 2001",2001,"Händel U., M. Kenis & R. Wegensteiner 2001. Untersuchungen zum Vorkommen von Pathogenen und Parasiten in Populationen überwinternder Fichtenborkenkäfer (Col., Scolytidae). Mitteilungen der Deutschen Gesellschaft für allgemeine und angewandte Entomologie 13, 423-28.",,non full-text 
NEW,233,Ips amitinus,1696,similar to the ItEPV,Virus,,,,,,,,"Händel et al., 2001",2001,"Händel U., M. Kenis & R. Wegensteiner 2001. Untersuchungen zum Vorkommen von Pathogenen und Parasiten in Populationen überwinternder Fichtenborkenkäfer (Col., Scolytidae). Mitteilungen der Deutschen Gesellschaft für allgemeine und angewandte Entomologie 13, 423-28.",,non full-text 
NEW,234,Polygraphus poligraphus,3365,baculovirus-like particles,Virus,,,,,,,,"Händel et al., 2001",2001,"Händel U., M. Kenis & R. Wegensteiner 2001. Untersuchungen zum Vorkommen von Pathogenen und Parasiten in Populationen überwinternder Fichtenborkenkäfer (Col., Scolytidae). Mitteilungen der Deutschen Gesellschaft für allgemeine und angewandte Entomologie 13, 423-28.",,non full-text 
NEW,235,Ips typographus,1733,ItEPV,Virus,pathogen,Austria,evaluation of pathogen infections of emerged beetles,midgut epithelium,,,,"Händel et al., 2003",2003,"Händel, U., Wegensteiner, R., Weiser, J., & Zizka, Z. (2003). Occurrence of pathogens in associated living bark beetles (Col., Scolytidae) from different spruce stands in Austria. Anzeiger für Schädlingskunde= Journal of pest science, 76(1), 22-32.",,full text
NEW,236,Ips typographus,1733,Malamoeba scolyti,Protist,pathogen,Austria,evaluation of pathogen infections of emerged beetles,midgut epithelium; malpighian tubules,,,,"Händel et al., 2003",2003,"Händel, U., Wegensteiner, R., Weiser, J., & Zizka, Z. (2003). Occurrence of pathogens in associated living bark beetles (Col., Scolytidae) from different spruce stands in Austria. Anzeiger für Schädlingskunde= Journal of pest science, 76(1), 22-32.",,full text
NEW,237,Ips typographus,1733,Mattesia sp.,Protist,pathogen,Austria,evaluation of pathogen infections of emerged beetles,fat body,,,,"Händel et al., 2003",2003,"Händel, U., Wegensteiner, R., Weiser, J., & Zizka, Z. (2003). Occurrence of pathogens in associated living bark beetles (Col., Scolytidae) from different spruce stands in Austria. Anzeiger für Schädlingskunde= Journal of pest science, 76(1), 22-32.",,full text
NEW,238,Ips typographus,1733,Gregarina typographi,Protist,pathogen,Austria,evaluation of pathogen infections of emerged beetles,midgut lumen,,,,"Händel et al., 2003",2003,"Händel, U., Wegensteiner, R., Weiser, J., & Zizka, Z. (2003). Occurrence of pathogens in associated living bark beetles (Col., Scolytidae) from different spruce stands in Austria. Anzeiger für Schädlingskunde= Journal of pest science, 76(1), 22-32.",,full text
NEW,239,Ips typographus,1733,Chytridiopsis typographi,Microsporidia,pathogen,Austria,evaluation of pathogen infections of emerged beetles,midgut epithelium,,,,"Händel et al., 2003",2003,"Händel, U., Wegensteiner, R., Weiser, J., & Zizka, Z. (2003). Occurrence of pathogens in associated living bark beetles (Col., Scolytidae) from different spruce stands in Austria. Anzeiger für Schädlingskunde= Journal of pest science, 76(1), 22-32.",,full text
NEW,240,Ips typographus,1733,Nosema typographi,Microsporidia,pathogen,Austria,evaluation of pathogen infections of emerged beetles,midgut epithelium; fat body; gonads,,,,"Händel et al., 2003",2003,"Händel, U., Wegensteiner, R., Weiser, J., & Zizka, Z. (2003). Occurrence of pathogens in associated living bark beetles (Col., Scolytidae) from different spruce stands in Austria. Anzeiger für Schädlingskunde= Journal of pest science, 76(1), 22-32.",,full text
NEW,241,Ips typographus,1733,Unikaryon montanum,Microsporidia,pathogen,Austria,evaluation of pathogen infections of emerged beetles,midgut epithelium; fat body; gonads,,,,"Händel et al., 2003",2003,"Händel, U., Wegensteiner, R., Weiser, J., & Zizka, Z. (2003). Occurrence of pathogens in associated living bark beetles (Col., Scolytidae) from different spruce stands in Austria. Anzeiger für Schädlingskunde= Journal of pest science, 76(1), 22-32.",,full text
NEW,242,Ips typographus,1733,Metschnikowia sp.,Fungi,pathogen,Austria,evaluation of pathogen infections of emerged beetles,midgut epithelium,,,,"Händel et al., 2003",2003,"Händel, U., Wegensteiner, R., Weiser, J., & Zizka, Z. (2003). Occurrence of pathogens in associated living bark beetles (Col., Scolytidae) from different spruce stands in Austria. Anzeiger für Schädlingskunde= Journal of pest science, 76(1), 22-32.",,full text
NEW,243,Pityogenes chalcographus,1739,Gregarina cf. typographi,Protist,pathogen,Austria,evaluation of pathogen infections of emerged beetles,midgut lumen,,,,"Händel et al., 2003",2003,"Händel, U., Wegensteiner, R., Weiser, J., & Zizka, Z. (2003). Occurrence of pathogens in associated living bark beetles (Col., Scolytidae) from different spruce stands in Austria. Anzeiger für Schädlingskunde= Journal of pest science, 76(1), 22-32.",,full text
NEW,244,Pityogenes chalcographus,1739,Menzbieria chalcographi,Protist,pathogen,Austria,evaluation of pathogen infections of emerged beetles,fat body,,,,"Händel et al., 2003",2003,"Händel, U., Wegensteiner, R., Weiser, J., & Zizka, Z. (2003). Occurrence of pathogens in associated living bark beetles (Col., Scolytidae) from different spruce stands in Austria. Anzeiger für Schädlingskunde= Journal of pest science, 76(1), 22-32.",,full text
NEW,245,Pityogenes chalcographus,1739,Mattesia sp.,Protist,pathogen,Austria,evaluation of pathogen infections of emerged beetles,fat body,,,,"Händel et al., 2003",2003,"Händel, U., Wegensteiner, R., Weiser, J., & Zizka, Z. (2003). Occurrence of pathogens in associated living bark beetles (Col., Scolytidae) from different spruce stands in Austria. Anzeiger für Schädlingskunde= Journal of pest science, 76(1), 22-32.",,full text
NEW,246,Pityogenes chalcographus,1739,Chytridiopsis cf. typographi,Microsporidia,pathogen,Austria,evaluation of pathogen infections of emerged beetles,midgut epithelium,,,,"Händel et al., 2003",2003,"Händel, U., Wegensteiner, R., Weiser, J., & Zizka, Z. (2003). Occurrence of pathogens in associated living bark beetles (Col., Scolytidae) from different spruce stands in Austria. Anzeiger für Schädlingskunde= Journal of pest science, 76(1), 22-32.",,full text
NEW,247,Pityogenes chalcographus,1739,Unikaryon-type microsporidium,Microsporidia,pathogen,Austria,evaluation of pathogen infections of emerged beetles,midgut epithelium; malpighian tubules; gonads,,,,"Händel et al., 2003",2003,"Händel, U., Wegensteiner, R., Weiser, J., & Zizka, Z. (2003). Occurrence of pathogens in associated living bark beetles (Col., Scolytidae) from different spruce stands in Austria. Anzeiger für Schädlingskunde= Journal of pest science, 76(1), 22-32.",,full text
NEW,248,Ips amitinus,1696,ItEPV,Virus,pathogen,Austria,evaluation of pathogen infections of emerged beetles,midgut epithelium,,,,"Händel et al., 2003",2003,"Händel, U., Wegensteiner, R., Weiser, J., & Zizka, Z. (2003). Occurrence of pathogens in associated living bark beetles (Col., Scolytidae) from different spruce stands in Austria. Anzeiger für Schädlingskunde= Journal of pest science, 76(1), 22-32.",,full text
NEW,249,Ips amitinus,1696,Gregarina cf. typographi,Protist,pathogen,Austria,evaluation of pathogen infections of emerged beetles,midgut lumen,,,,"Händel et al., 2003",2003,"Händel, U., Wegensteiner, R., Weiser, J., & Zizka, Z. (2003). Occurrence of pathogens in associated living bark beetles (Col., Scolytidae) from different spruce stands in Austria. Anzeiger für Schädlingskunde= Journal of pest science, 76(1), 22-32.",,full text
NEW,250,Ips amitinus,1696,Chytridiopsis cf. typographi,Microsporidia,pathogen,Austria,evaluation of pathogen infections of emerged beetles,midgut epithelium,,,,"Händel et al., 2003",2003,"Händel, U., Wegensteiner, R., Weiser, J., & Zizka, Z. (2003). Occurrence of pathogens in associated living bark beetles (Col., Scolytidae) from different spruce stands in Austria. Anzeiger für Schädlingskunde= Journal of pest science, 76(1), 22-32.",,full text
NEW,251,Ips amitinus,1696,Unikaryon-type microsporidium,Microsporidia,pathogen,Austria,evaluation of pathogen infections of emerged beetles,midgut epithelium; fat body; gonads,,,,"Händel et al., 2003",2003,"Händel, U., Wegensteiner, R., Weiser, J., & Zizka, Z. (2003). Occurrence of pathogens in associated living bark beetles (Col., Scolytidae) from different spruce stands in Austria. Anzeiger für Schädlingskunde= Journal of pest science, 76(1), 22-32.",,full text
NEW,252,Ips amitinus,1696,Metschnikowia sp.,Fungi,pathogen,Austria,evaluation of pathogen infections of emerged beetles,midgut epithelium,,,,"Händel et al., 2003",2003,"Händel, U., Wegensteiner, R., Weiser, J., & Zizka, Z. (2003). Occurrence of pathogens in associated living bark beetles (Col., Scolytidae) from different spruce stands in Austria. Anzeiger für Schädlingskunde= Journal of pest science, 76(1), 22-32.",,full text
NEW,253,Hylastes cunicularius,5178,Malamoeba cf. scolyti,Protist,pathogen,Austria,evaluation of pathogen infections of emerged beetles,malpighian tubules,,,,"Händel et al., 2003",2003,"Händel, U., Wegensteiner, R., Weiser, J., & Zizka, Z. (2003). Occurrence of pathogens in associated living bark beetles (Col., Scolytidae) from different spruce stands in Austria. Anzeiger für Schädlingskunde= Journal of pest science, 76(1), 22-32.",,full text
NEW,254,Hylastes cunicularius,5178,Gregarina hylastidis,Protist,pathogen,Austria,evaluation of pathogen infections of emerged beetles,midgut lumen,,,,"Händel et al., 2003",2003,"Händel, U., Wegensteiner, R., Weiser, J., & Zizka, Z. (2003). Occurrence of pathogens in associated living bark beetles (Col., Scolytidae) from different spruce stands in Austria. Anzeiger für Schädlingskunde= Journal of pest science, 76(1), 22-32.",,full text
NEW,255,Hylurgops palliatus,409,Malamoeba scolyti,Protist,pathogen,Austria,evaluation of pathogen infections of emerged beetles,malpighian tubules,,,,"Händel et al., 2003",2003,"Händel, U., Wegensteiner, R., Weiser, J., & Zizka, Z. (2003). Occurrence of pathogens in associated living bark beetles (Col., Scolytidae) from different spruce stands in Austria. Anzeiger für Schädlingskunde= Journal of pest science, 76(1), 22-32.",,full text
NEW,256,Hylurgops palliatus,409,Nosema-type microsporidium,Microsporidia,pathogen,Austria,evaluation of pathogen infections of emerged beetles,midgut epithelium; fat body,,,,"Händel et al., 2003",2003,"Händel, U., Wegensteiner, R., Weiser, J., & Zizka, Z. (2003). Occurrence of pathogens in associated living bark beetles (Col., Scolytidae) from different spruce stands in Austria. Anzeiger für Schädlingskunde= Journal of pest science, 76(1), 22-32.",,full text
NEW,257,Hylurgops glabratus,5192,Gregarina cf. typographi,Protist,pathogen,Austria,evaluation of pathogen infections of emerged beetles,midgut lumen,,,,"Händel et al., 2003",2003,"Händel, U., Wegensteiner, R., Weiser, J., & Zizka, Z. (2003). Occurrence of pathogens in associated living bark beetles (Col., Scolytidae) from different spruce stands in Austria. Anzeiger für Schädlingskunde= Journal of pest science, 76(1), 22-32.",,full text
NEW,258,Polygraphus poligraphus,3365,Entomopoxvirus-like particles,Virus,pathogen,Austria,evaluation of pathogen infections of emerged beetles,midgut epithelium,,,,"Händel et al., 2003",2003,"Händel, U., Wegensteiner, R., Weiser, J., & Zizka, Z. (2003). Occurrence of pathogens in associated living bark beetles (Col., Scolytidae) from different spruce stands in Austria. Anzeiger für Schädlingskunde= Journal of pest science, 76(1), 22-32.",,full text
NEW,259,Polygraphus poligraphus,3365,Unikaryon polygraphi,Microsporidia,pathogen,Austria,evaluation of pathogen infections of emerged beetles,midgut epithelium; malpighian tubules; fat body; gonads,,,,"Händel et al., 2003",2003,"Händel, U., Wegensteiner, R., Weiser, J., & Zizka, Z. (2003). Occurrence of pathogens in associated living bark beetles (Col., Scolytidae) from different spruce stands in Austria. Anzeiger für Schädlingskunde= Journal of pest science, 76(1), 22-32.",,full text
NEW,260,Dryocoetes autographus,1837,Malamoeba scolyti,Protist,pathogen,Austria,evaluation of pathogen infections of emerged beetles,midgut epithelium; malpighian tubules,,,,"Händel et al., 2003",2003,"Händel, U., Wegensteiner, R., Weiser, J., & Zizka, Z. (2003). Occurrence of pathogens in associated living bark beetles (Col., Scolytidae) from different spruce stands in Austria. Anzeiger für Schädlingskunde= Journal of pest science, 76(1), 22-32.",,full text
NEW,261,Dryocoetes autographus,1837,Gregarina typographi,Protist,pathogen,Austria,evaluation of pathogen infections of emerged beetles,midgut lumen,,,,"Händel et al., 2003",2003,"Händel, U., Wegensteiner, R., Weiser, J., & Zizka, Z. (2003). Occurrence of pathogens in associated living bark beetles (Col., Scolytidae) from different spruce stands in Austria. Anzeiger für Schädlingskunde= Journal of pest science, 76(1), 22-32.",,full text
NEW,262,Ips typographus,1733,Metschnikowia typographi,Fungi,,,,,,,,"Händel, 2001",2001,"Händel U. 2001. Untersuchungen zum Gegenspielerkomplex assoziiert lebender Fichtenborkenkäfer (Col., Scolytidae) aus naturnahen und sekundären Fichtenbeständen unter besonderer Berücksichtigung der Pathogene. PhD thesis, Universität für Bodenkultur Wien.",,
NEW,263,Ips amitinus,1696,Metschnikowia typographi,Fungi,,,,,,,,"Händel, 2001",2001,"Händel U. 2001. Untersuchungen zum Gegenspielerkomplex assoziiert lebender Fichtenborkenkäfer (Col., Scolytidae) aus naturnahen und sekundären Fichtenbeständen unter besonderer Berücksichtigung der Pathogene. PhD thesis, Universität für Bodenkultur Wien.",,
NEW,264,Dendroctonus frontalis,479,Beauveria sp.,Fungi,,,,,,,,"Harrar and Martland, 1940",1940,"Harrar, J. G., & Martland, J. G. (1940). A fungous Parasite of the Pine Bark Beetle.",,only English abstract
NEW,265,Ips avulsus,1698,Parasitylenchus avulsi,Nematode,parasite,United States,,,,,,"Hoffard and Coster, 1976",1976,"Hoffard, W.H., Coster, J.E., 1976. Endoparasitic nematodes of Ips Bark beetles in eastern Texas. Environ. Entomol. 5, 128–132.",,full text
NEW,266,Ips calligraphus,1704,Contortylenchus elongatus,Nematode,parasite,United States,,,,,,"Hoffard and Coster, 1976",1976,"Hoffard, W.H., Coster, J.E., 1976. Endoparasitic nematodes of Ips Bark beetles in eastern Texas. Environ. Entomol. 5, 128–132.",,full text
NEW,267,Ips calligraphus,1704,Parasitaphelenchus sp.,Nematode,parasite,United States,,,,,,"Hoffard and Coster, 1976",1976,"Hoffard, W.H., Coster, J.E., 1976. Endoparasitic nematodes of Ips Bark beetles in eastern Texas. Environ. Entomol. 5, 128–132.",,full text
NEW,268,Ips grandicollis,1709,Contortylenchus grandicolli,Nematode,parasite,United States,,,,,,"Hoffard and Coster, 1976",1976,"Hoffard, W.H., Coster, J.E., 1976. Endoparasitic nematodes of Ips Bark beetles in eastern Texas. Environ. Entomol. 5, 128–132.",,full text
NEW,269,Ips duplicatus,5921,Larssoniella duplicati,Microsporidia,pathogen,Poland,,,,,,"Holuša et al., 2007",2007,"Holusa, J., Weiser, J., & Drapela, K. (2007). Pathogens of Ips duplicatus (Coleoptera: Scolytidae) in three areas in Central Europe. Acta Protozoologica, 46(2), 157-167.",,full text
NEW,270,Ips duplicatus,5921,Larssoniella duplicati,Microsporidia,pathogen,Czech Republic,,,,,,"Holuša et al., 2007",2007,"Holusa, J., Weiser, J., & Drapela, K. (2007). Pathogens of Ips duplicatus (Coleoptera: Scolytidae) in three areas in Central Europe. Acta Protozoologica, 46(2), 157-167.",,full text
NEW,271,Ips duplicatus,5921,Pichia sp.,Fungi,pathogen,Czech Republic,,,,,,"Holuša et al., 2007",2007,"Holusa, J., Weiser, J., & Drapela, K. (2007). Pathogens of Ips duplicatus (Coleoptera: Scolytidae) in three areas in Central Europe. Acta Protozoologica, 46(2), 157-167.",,full text
NEW,272,Ips typographus,1733,Pichia sp.,Fungi,pathogen,Poland,,,,,,"Holuša et al., 2007",2007,"Holusa, J., Weiser, J., & Drapela, K. (2007). Pathogens of Ips duplicatus (Coleoptera: Scolytidae) in three areas in Central Europe. Acta Protozoologica, 46(2), 157-167.",,full text
NEW,273,Ips typographus,1733,Pichia sp.,Fungi,pathogen,Czech Republic,,,,,,"Holuša et al., 2007",2007,"Holusa, J., Weiser, J., & Drapela, K. (2007). Pathogens of Ips duplicatus (Coleoptera: Scolytidae) in three areas in Central Europe. Acta Protozoologica, 46(2), 157-167.",,full text
NEW,274,Ips typographus,1733,Gregarina typographi,Protist,pathogen,Czech Republic,,,,,,"Holuša et al., 2007",2007,"Holusa, J., Weiser, J., & Drapela, K. (2007). Pathogens of Ips duplicatus (Coleoptera: Scolytidae) in three areas in Central Europe. Acta Protozoologica, 46(2), 157-167.",,full text
NEW,275,Ips duplicatus,5921,Gregarina typographi,Protist,pathogen,Czech Republic,,,,,,"Holuša et al., 2007",2007,"Holusa, J., Weiser, J., & Drapela, K. (2007). Pathogens of Ips duplicatus (Coleoptera: Scolytidae) in three areas in Central Europe. Acta Protozoologica, 46(2), 157-167.",,full text
NEW,276,Ips typographus,1733,Chytridiopsis typographi,Microsporidia,pathogen,Poland,,,,,,"Holuša et al., 2007",2007,"Holusa, J., Weiser, J., & Drapela, K. (2007). Pathogens of Ips duplicatus (Coleoptera: Scolytidae) in three areas in Central Europe. Acta Protozoologica, 46(2), 157-167.",,full text
NEW,277,Ips duplicatus,5921,Chytridiopsis typographi,Microsporidia,pathogen,Poland,,,,,,"Holuša et al., 2007",2007,"Holusa, J., Weiser, J., & Drapela, K. (2007). Pathogens of Ips duplicatus (Coleoptera: Scolytidae) in three areas in Central Europe. Acta Protozoologica, 46(2), 157-167.",,full text
NEW,278,Ips typographus,1733,Chytridiopsis typographi,Microsporidia,pathogen,Czech Republic,,,,,,"Holuša et al., 2007",2007,"Holusa, J., Weiser, J., & Drapela, K. (2007). Pathogens of Ips duplicatus (Coleoptera: Scolytidae) in three areas in Central Europe. Acta Protozoologica, 46(2), 157-167.",,full text
NEW,279,Ips duplicatus,5921,Chytridiopsis typographi,Microsporidia,pathogen,Czech Republic,,,,,,"Holuša et al., 2007",2007,"Holusa, J., Weiser, J., & Drapela, K. (2007). Pathogens of Ips duplicatus (Coleoptera: Scolytidae) in three areas in Central Europe. Acta Protozoologica, 46(2), 157-167.",,full text
NEW,280,Ips typographus,1733,Chytridiopsis typographi,Microsporidia,pathogen,Czech Republic,,,,,,"Holuša et al., 2009",2009,"Holusa, J., Weiser, J., & Zizka, Z. (2009). Pathogens of the spruce bark beetles Ips typographus and Ips duplicatus. Central European Journal of Biology, 4(4), 567-573.",,full text
NEW,281,Ips duplicatus,5921,Chytridiopsis typographi,Microsporidia,pathogen,Czech Republic,,,,,,"Holuša et al., 2009",2009,"Holusa, J., Weiser, J., & Zizka, Z. (2009). Pathogens of the spruce bark beetles Ips typographus and Ips duplicatus. Central European Journal of Biology, 4(4), 567-573.",,full text
NEW,282,Ips typographus,1733,Nosema typographi,Microsporidia,pathogen,Czech Republic,,,,,,"Holuša et al., 2009",2009,"Holusa, J., Weiser, J., & Zizka, Z. (2009). Pathogens of the spruce bark beetles Ips typographus and Ips duplicatus. Central European Journal of Biology, 4(4), 567-573.",,full text
NEW,283,Ips typographus,1733,Menzbieria chalcographi,Protist,pathogen,Czech Republic,,,,,,"Holuša et al., 2009",2009,"Holusa, J., Weiser, J., & Zizka, Z. (2009). Pathogens of the spruce bark beetles Ips typographus and Ips duplicatus. Central European Journal of Biology, 4(4), 567-573.",,full text
NEW,284,Ips duplicatus,5921,Larssoniella duplicati,Microsporidia,pathogen,Czech Republic,,,,,,"Holuša et al., 2009",2009,"Holusa, J., Weiser, J., & Zizka, Z. (2009). Pathogens of the spruce bark beetles Ips typographus and Ips duplicatus. Central European Journal of Biology, 4(4), 567-573.",,full text
NEW,285,Ips typographus,1733,Gregarina typographi,Protist,pathogen,Czech Republic,,,,,,"Holuša et al., 2009",2009,"Holusa, J., Weiser, J., & Zizka, Z. (2009). Pathogens of the spruce bark beetles Ips typographus and Ips duplicatus. Central European Journal of Biology, 4(4), 567-573.",,full text
NEW,286,Ips duplicatus,5921,Gregarina typographi,Protist,pathogen,Czech Republic,,,,,,"Holuša et al., 2009",2009,"Holusa, J., Weiser, J., & Zizka, Z. (2009). Pathogens of the spruce bark beetles Ips typographus and Ips duplicatus. Central European Journal of Biology, 4(4), 567-573.",,full text
NEW,287,Ips cembrae,5919,Chytridiopsis typographi,Microsporidia,pathogen,Austria,,,,,,"Holuša et al., 2013",2013,"Holuša, J., Lukášová, K., Wegensteiner, R., Grodzki, W., Pernek, M., & Weiser, J. (2013). Pathogens of the bark beetle Ips cembrae: microsporidia and gregarines also known from other Ips species. Journal of applied entomology, 137(3), 181-187.",,full text
NEW,288,Ips cembrae,5919,Chytridiopsis typographi,Microsporidia,pathogen,Poland,,,,,,"Holuša et al., 2013",2013,"Holuša, J., Lukášová, K., Wegensteiner, R., Grodzki, W., Pernek, M., & Weiser, J. (2013). Pathogens of the bark beetle Ips cembrae: microsporidia and gregarines also known from other Ips species. Journal of applied entomology, 137(3), 181-187.",,full text
NEW,289,Ips cembrae,5919,Chytridiopsis typographi,Microsporidia,pathogen,Hungary,,,,,,"Holuša et al., 2013",2013,"Holuša, J., Lukášová, K., Wegensteiner, R., Grodzki, W., Pernek, M., & Weiser, J. (2013). Pathogens of the bark beetle Ips cembrae: microsporidia and gregarines also known from other Ips species. Journal of applied entomology, 137(3), 181-187.",,full text
NEW,290,Ips cembrae,5919,Chytridiopsis typographi,Microsporidia,pathogen,Czech Republic,,,,,,"Holuša et al., 2013",2013,"Holuša, J., Lukášová, K., Wegensteiner, R., Grodzki, W., Pernek, M., & Weiser, J. (2013). Pathogens of the bark beetle Ips cembrae: microsporidia and gregarines also known from other Ips species. Journal of applied entomology, 137(3), 181-187.",,full text
NEW,291,Ips cembrae,5919,Gregarina typographi,Protist,pathogen,Austria,,,,,,"Holuša et al., 2013",2013,"Holuša, J., Lukášová, K., Wegensteiner, R., Grodzki, W., Pernek, M., & Weiser, J. (2013). Pathogens of the bark beetle Ips cembrae: microsporidia and gregarines also known from other Ips species. Journal of applied entomology, 137(3), 181-187.",,full text
NEW,292,Ips cembrae,5919,Gregarina typographi,Protist,pathogen,Hungary,,,,,,"Holuša et al., 2013",2013,"Holuša, J., Lukášová, K., Wegensteiner, R., Grodzki, W., Pernek, M., & Weiser, J. (2013). Pathogens of the bark beetle Ips cembrae: microsporidia and gregarines also known from other Ips species. Journal of applied entomology, 137(3), 181-187.",,full text
NEW,293,Ips cembrae,5919,Mattesia schwenkei,Protist,pathogen,Hungary,,,,,,"Holuša et al., 2013",2013,"Holuša, J., Lukášová, K., Wegensteiner, R., Grodzki, W., Pernek, M., & Weiser, J. (2013). Pathogens of the bark beetle Ips cembrae: microsporidia and gregarines also known from other Ips species. Journal of applied entomology, 137(3), 181-187.",,full text
NEW,294,Ips cembrae,5919,Nosema sp.,Microsporidia,pathogen,Czech Republic,,,,,,"Holuša et al., 2013",2013,"Holuša, J., Lukášová, K., Wegensteiner, R., Grodzki, W., Pernek, M., & Weiser, J. (2013). Pathogens of the bark beetle Ips cembrae: microsporidia and gregarines also known from other Ips species. Journal of applied entomology, 137(3), 181-187.",,full text
NEW,295,Ips cembrae,5919,Nosema sp.,Microsporidia,pathogen,Poland,,,,,,"Holuša et al., 2013",2013,"Holuša, J., Lukášová, K., Wegensteiner, R., Grodzki, W., Pernek, M., & Weiser, J. (2013). Pathogens of the bark beetle Ips cembrae: microsporidia and gregarines also known from other Ips species. Journal of applied entomology, 137(3), 181-187.",,full text
NEW,296,Ips cembrae,5919,Fusarium sp.,Fungi,pathogen,Czech Republic,,,,,,"Holuša et al., 2013",2013,"Holuša, J., Lukášová, K., Wegensteiner, R., Grodzki, W., Pernek, M., & Weiser, J. (2013). Pathogens of the bark beetle Ips cembrae: microsporidia and gregarines also known from other Ips species. Journal of applied entomology, 137(3), 181-187.",,full text
NEW,297,Ips amitinus,1696,Microsporidium sp.,Microsporidia,occurrence survey,Austria,,,,,,"Holuša et al., 2016",2016,"Holuša, J., Lukášová, K., Žižka, Z., Händel, U., Haidler, B., & Wegensteiner, R. (2016). Occurrence of Microsporidium sp. and other pathogens in Ips amitinus (Coleoptera: Curculionidae). Acta Parasitologica, 61(3), 621-628.",,full text
NEW,298,Ips amitinus,1696,Chytridiopsis cf. typographi,Microsporidia,occurrence survey,Austria,,,,,,"Holuša et al., 2016",2016,"Holuša, J., Lukášová, K., Žižka, Z., Händel, U., Haidler, B., & Wegensteiner, R. (2016). Occurrence of Microsporidium sp. and other pathogens in Ips amitinus (Coleoptera: Curculionidae). Acta Parasitologica, 61(3), 621-628.",,full text
NEW,299,Ips amitinus,1696,Gregarina cf. typographi,Protist,occurrence survey,Austria,,,,,,"Holuša et al., 2016",2016,"Holuša, J., Lukášová, K., Žižka, Z., Händel, U., Haidler, B., & Wegensteiner, R. (2016). Occurrence of Microsporidium sp. and other pathogens in Ips amitinus (Coleoptera: Curculionidae). Acta Parasitologica, 61(3), 621-628.",,full text
NEW,300,Ips amitinus,1696,ItEPV,Virus,occurrence survey,Austria,,,,,,"Holuša et al., 2016",2016,"Holuša, J., Lukášová, K., Žižka, Z., Händel, U., Haidler, B., & Wegensteiner, R. (2016). Occurrence of Microsporidium sp. and other pathogens in Ips amitinus (Coleoptera: Curculionidae). Acta Parasitologica, 61(3), 621-628.",,full text
NEW,301,Ips amitinus,1696,Metschnikowia typographi,Fungi,occurrence survey,Austria,,,,,,"Holuša et al., 2016",2016,"Holuša, J., Lukášová, K., Žižka, Z., Händel, U., Haidler, B., & Wegensteiner, R. (2016). Occurrence of Microsporidium sp. and other pathogens in Ips amitinus (Coleoptera: Curculionidae). Acta Parasitologica, 61(3), 621-628.",,full text
NEW,302,Ips amitinus,1696,Gregarina cf. typographi,Protist,occurrence survey,Czech Republic,,,,,,"Holuša et al., 2016",2016,"Holuša, J., Lukášová, K., Žižka, Z., Händel, U., Haidler, B., & Wegensteiner, R. (2016). Occurrence of Microsporidium sp. and other pathogens in Ips amitinus (Coleoptera: Curculionidae). Acta Parasitologica, 61(3), 621-628.",,full text
NEW,303,Ips amitinus,1696,Nosema cf. typographi,Microsporidia,occurrence survey,Czech Republic,,,,,,"Holuša et al., 2016",2016,"Holuša, J., Lukášová, K., Žižka, Z., Händel, U., Haidler, B., & Wegensteiner, R. (2016). Occurrence of Microsporidium sp. and other pathogens in Ips amitinus (Coleoptera: Curculionidae). Acta Parasitologica, 61(3), 621-628.",,full text
NEW,304,Ips amitinus,1696,Chytridiopsis cf. typographi,Microsporidia,occurrence survey,Czech Republic,,,,,,"Holuša et al., 2016",2016,"Holuša, J., Lukášová, K., Žižka, Z., Händel, U., Haidler, B., & Wegensteiner, R. (2016). Occurrence of Microsporidium sp. and other pathogens in Ips amitinus (Coleoptera: Curculionidae). Acta Parasitologica, 61(3), 621-628.",,full text
NEW,305,Ips amitinus,1696,ItEPV,Virus,occurrence survey,Finland,,,,,,"Holuša et al., 2016",2016,"Holuša, J., Lukášová, K., Žižka, Z., Händel, U., Haidler, B., & Wegensteiner, R. (2016). Occurrence of Microsporidium sp. and other pathogens in Ips amitinus (Coleoptera: Curculionidae). Acta Parasitologica, 61(3), 621-628.",,full text
NEW,306,Ips amitinus,1696,Chytridiopsis cf. typographi,Microsporidia,occurrence survey,Finland,,,,,,"Holuša et al., 2016",2016,"Holuša, J., Lukášová, K., Žižka, Z., Händel, U., Haidler, B., & Wegensteiner, R. (2016). Occurrence of Microsporidium sp. and other pathogens in Ips amitinus (Coleoptera: Curculionidae). Acta Parasitologica, 61(3), 621-628.",,full text
NEW,307,Ips amitinus,1696,Metschnikowia typographi,Fungi,occurrence survey,Finland,,,,,,"Holuša et al., 2016",2016,"Holuša, J., Lukášová, K., Žižka, Z., Händel, U., Haidler, B., & Wegensteiner, R. (2016). Occurrence of Microsporidium sp. and other pathogens in Ips amitinus (Coleoptera: Curculionidae). Acta Parasitologica, 61(3), 621-628.",,full text
NEW,308,Orthotomicus erosus,1708,Chytridiopsis sp.,Microsporidia,pathogen,Hungary,,,,,,"Holuša et al., 2017",2017,"Holuša, J., Lukášová, K., Hubáčková, J., Knížek, M., & Wegensteiner, R. (2017). Pathogens and nematodes associated to three bark beetle species of the genus Orthotomicus (Coleoptera Curculionidae) in central-south Europe. Bulletin of Insectology, 70(2), 291-297.",,full text
NEW,309,Orthotomicus erosus,1708,gut nematodes,Nematode,,Hungary,,,,,,"Holuša et al., 2017",2017,"Holuša, J., Lukášová, K., Hubáčková, J., Knížek, M., & Wegensteiner, R. (2017). Pathogens and nematodes associated to three bark beetle species of the genus Orthotomicus (Coleoptera Curculionidae) in central-south Europe. Bulletin of Insectology, 70(2), 291-297.",,full text
NEW,310,Orthotomicus erosus,1708,hemolymph nematodes,Nematode,,Hungary,,,,,,"Holuša et al., 2017",2017,"Holuša, J., Lukášová, K., Hubáčková, J., Knížek, M., & Wegensteiner, R. (2017). Pathogens and nematodes associated to three bark beetle species of the genus Orthotomicus (Coleoptera Curculionidae) in central-south Europe. Bulletin of Insectology, 70(2), 291-297.",,full text
NEW,311,Orthotomicus erosus,1708,Chytridiopsis sp.,Microsporidia,pathogen,Austria,,,,,,"Holuša et al., 2017",2017,"Holuša, J., Lukášová, K., Hubáčková, J., Knížek, M., & Wegensteiner, R. (2017). Pathogens and nematodes associated to three bark beetle species of the genus Orthotomicus (Coleoptera Curculionidae) in central-south Europe. Bulletin of Insectology, 70(2), 291-297.",,full text
NEW,312,Orthotomicus erosus,1708,Gregarina sp.,Protist,pathogen,Austria,,,,,,"Holuša et al., 2017",2017,"Holuša, J., Lukášová, K., Hubáčková, J., Knížek, M., & Wegensteiner, R. (2017). Pathogens and nematodes associated to three bark beetle species of the genus Orthotomicus (Coleoptera Curculionidae) in central-south Europe. Bulletin of Insectology, 70(2), 291-297.",,full text
NEW,313,Orthotomicus erosus,1708,Mattesia sp.,Protist,pathogen,Austria,,,,,,"Holuša et al., 2017",2017,"Holuša, J., Lukášová, K., Hubáčková, J., Knížek, M., & Wegensteiner, R. (2017). Pathogens and nematodes associated to three bark beetle species of the genus Orthotomicus (Coleoptera Curculionidae) in central-south Europe. Bulletin of Insectology, 70(2), 291-297.",,full text
NEW,314,Orthotomicus laricis,1736,Contortylenchus laricis,Nematode,,Czech Republic,,,,,,"Holuša et al., 2017",2017,"Holuša, J., Lukášová, K., Hubáčková, J., Knížek, M., & Wegensteiner, R. (2017). Pathogens and nematodes associated to three bark beetle species of the genus Orthotomicus (Coleoptera Curculionidae) in central-south Europe. Bulletin of Insectology, 70(2), 291-297.",,full text
NEW,315,Orthotomicus laricis,1736,hemolymph nematodes,Nematode,,Czech Republic,,,,,,"Holuša et al., 2017",2017,"Holuša, J., Lukášová, K., Hubáčková, J., Knížek, M., & Wegensteiner, R. (2017). Pathogens and nematodes associated to three bark beetle species of the genus Orthotomicus (Coleoptera Curculionidae) in central-south Europe. Bulletin of Insectology, 70(2), 291-297.",,full text
NEW,316,Orthotomicus laricis,1736,Gregarina sp.,Protist,pathogen,Czech Republic,,,,,,"Holuša et al., 2017",2017,"Holuša, J., Lukášová, K., Hubáčková, J., Knížek, M., & Wegensteiner, R. (2017). Pathogens and nematodes associated to three bark beetle species of the genus Orthotomicus (Coleoptera Curculionidae) in central-south Europe. Bulletin of Insectology, 70(2), 291-297.",,full text
NEW,317,Orthotomicus laricis,1736,gut nematodes,Nematode,,Czech Republic,,,,,,"Holuša et al., 2017",2017,"Holuša, J., Lukášová, K., Hubáčková, J., Knížek, M., & Wegensteiner, R. (2017). Pathogens and nematodes associated to three bark beetle species of the genus Orthotomicus (Coleoptera Curculionidae) in central-south Europe. Bulletin of Insectology, 70(2), 291-297.",,full text
NEW,318,Orthotomicus laricis,1736,Contortylenchus laricis,Nematode,,Poland,,,,,,"Holuša et al., 2017",2017,"Holuša, J., Lukášová, K., Hubáčková, J., Knížek, M., & Wegensteiner, R. (2017). Pathogens and nematodes associated to three bark beetle species of the genus Orthotomicus (Coleoptera Curculionidae) in central-south Europe. Bulletin of Insectology, 70(2), 291-297.",,full text
NEW,319,Orthotomicus laricis,1736,hemolymph nematodes,Nematode,,Poland,,,,,,"Holuša et al., 2017",2017,"Holuša, J., Lukášová, K., Hubáčková, J., Knížek, M., & Wegensteiner, R. (2017). Pathogens and nematodes associated to three bark beetle species of the genus Orthotomicus (Coleoptera Curculionidae) in central-south Europe. Bulletin of Insectology, 70(2), 291-297.",,full text
NEW,320,Orthotomicus laricis,1736,Chytridiopsis sp.,Microsporidia,pathogen,Austria,,,,,,"Holuša et al., 2017",2017,"Holuša, J., Lukášová, K., Hubáčková, J., Knížek, M., & Wegensteiner, R. (2017). Pathogens and nematodes associated to three bark beetle species of the genus Orthotomicus (Coleoptera Curculionidae) in central-south Europe. Bulletin of Insectology, 70(2), 291-297.",,full text
NEW,321,Orthotomicus nobilis,5927,gut nematodes,Nematode,,Spain,,,,,,"Holuša et al., 2017",2017,"Holuša, J., Lukášová, K., Hubáčková, J., Knížek, M., & Wegensteiner, R. (2017). Pathogens and nematodes associated to three bark beetle species of the genus Orthotomicus (Coleoptera Curculionidae) in central-south Europe. Bulletin of Insectology, 70(2), 291-297.",,full text
NEW,322,Orthotomicus nobilis,5927,hemolymph nematodes,Nematode,,Spain,,,,,,"Holuša et al., 2017",2017,"Holuša, J., Lukášová, K., Hubáčková, J., Knížek, M., & Wegensteiner, R. (2017). Pathogens and nematodes associated to three bark beetle species of the genus Orthotomicus (Coleoptera Curculionidae) in central-south Europe. Bulletin of Insectology, 70(2), 291-297.",,full text
NEW,323,Scolytus multistriatus,1147,Beauveria bassiana,Fungi,,,,,,pathogenicity test,laboratory,"Houle et al., 1987",1987,"Houle C., G.C. Hartmann & S.S. Wasti 1987. Infectivity of eight species of entomogenous fungi to the larvae of the elm bark beetle, Scolytus multistriatus (Marsham). Journal of the New York Entomological Society 95, 14-18.",,full text
NEW,324,Scolytus multistriatus,1147,Cordyceps militaris,Fungi,,,,,,pathogenicity test,laboratory,"Houle et al., 1987",1987,"Houle C., G.C. Hartmann & S.S. Wasti 1987. Infectivity of eight species of entomogenous fungi to the larvae of the elm bark beetle, Scolytus multistriatus (Marsham). Journal of the New York Entomological Society 95, 14-18.",,full text
NEW,325,Scolytus multistriatus,1147,Metarhizium anisopliae,Fungi,,,,,,pathogenicity test,laboratory,"Houle et al., 1987",1987,"Houle C., G.C. Hartmann & S.S. Wasti 1987. Infectivity of eight species of entomogenous fungi to the larvae of the elm bark beetle, Scolytus multistriatus (Marsham). Journal of the New York Entomological Society 95, 14-18.",,full text
NEW,326,Scolytus multistriatus,1147,Hirsutella thompsonii,Fungi,,,,,,pathogenicity test,laboratory,"Houle et al., 1987",1987,"Houle C., G.C. Hartmann & S.S. Wasti 1987. Infectivity of eight species of entomogenous fungi to the larvae of the elm bark beetle, Scolytus multistriatus (Marsham). Journal of the New York Entomological Society 95, 14-18.",,full text
NEW,327,Scolytus multistriatus,1147,Nomuraea rileyi,Fungi,,,,,,pathogenicity test,laboratory,"Houle et al., 1987",1987,"Houle C., G.C. Hartmann & S.S. Wasti 1987. Infectivity of eight species of entomogenous fungi to the larvae of the elm bark beetle, Scolytus multistriatus (Marsham). Journal of the New York Entomological Society 95, 14-18.",,full text
NEW,328,Scolytus multistriatus,1147,Paecilomyces farinosus,Fungi,,,,,,pathogenicity test,laboratory,"Houle et al., 1987",1987,"Houle C., G.C. Hartmann & S.S. Wasti 1987. Infectivity of eight species of entomogenous fungi to the larvae of the elm bark beetle, Scolytus multistriatus (Marsham). Journal of the New York Entomological Society 95, 14-18.",,full text
NEW,329,Scolytus multistriatus,1147,Paecilomyces fumoso-roseus,Fungi,,,,,,pathogenicity test,laboratory,"Houle et al., 1987",1987,"Houle C., G.C. Hartmann & S.S. Wasti 1987. Infectivity of eight species of entomogenous fungi to the larvae of the elm bark beetle, Scolytus multistriatus (Marsham). Journal of the New York Entomological Society 95, 14-18.",,full text
NEW,330,Scolytus multistriatus,1147,Verticillium lecanii,Fungi,,,,,,pathogenicity test,laboratory,"Houle et al., 1987",1987,"Houle C., G.C. Hartmann & S.S. Wasti 1987. Infectivity of eight species of entomogenous fungi to the larvae of the elm bark beetle, Scolytus multistriatus (Marsham). Journal of the New York Entomological Society 95, 14-18.",,full text
NEW,331,Hylurgus ligniperda,502,Steinernema feltiae,Nematode,,China,,,,pathogenicity test,laboratory,"Hu et al., 2004",2004,Study on the biological control of Steinernema feltiae against Hylurgus ligniperda on the entry log,,full text
NEW,332,Scolytinae sp. undetermined,199184,Beauveria caledonica,Fungi,,China,isolated from cadaver,,,,laboratory,"Huang et al., 2007",2007,A new record of Beauveria isolated from Scolytidae in China,,full text
NEW,333,Dendroctonus ponderosae,484,Beauveria bassiana,Fungi,,Canada,,,,,,"Hunt et al., 1984",1984,"Hunt, D. W. A., Borden, J. H., Rahe, J. E., & Whitney, H. S. (1984). Nutrient-mediated germination of Beauveria bassiana conidia on the integument of the bark beetle Dendroctonus ponderosae (Coleoptera: Scolytidae). Journal of Invertebrate Pathology, 44(3), 304-314.",,full text
NEW,334,Ips typographus,1733,Beauveria caledonica,Fungi,,Slovakia,isolated from infected beetle,,morphological and molecular,,,"Hyblerová et al., 2021",2021,"Hyblerová, S., Medo, J., & Barta, M. (2021). Diversity and prevalence of entomopathogenic fungi (Ascomycota, Hypocreales) in epidemic populations of bark beetles (Coleoptera, Scolytinae) in spruce forests of the Tatra National Park in Slovakia. Annals of Forest Research, 64(1), 129-145.",,full text
NEW,335,Ips typographus,1733,Beauveria bassiana,Fungi,,Slovakia,isolated from infected beetle,,morphological and molecular,,,"Hyblerová et al., 2021",2021,"Hyblerová, S., Medo, J., & Barta, M. (2021). Diversity and prevalence of entomopathogenic fungi (Ascomycota, Hypocreales) in epidemic populations of bark beetles (Coleoptera, Scolytinae) in spruce forests of the Tatra National Park in Slovakia. Annals of Forest Research, 64(1), 129-145.",,full text
NEW,336,Ips typographus,1733,Beauveria pseudobassiana,Fungi,,Slovakia,isolated from infected beetle,,morphological and molecular,,,"Hyblerová et al., 2021",2021,"Hyblerová, S., Medo, J., & Barta, M. (2021). Diversity and prevalence of entomopathogenic fungi (Ascomycota, Hypocreales) in epidemic populations of bark beetles (Coleoptera, Scolytinae) in spruce forests of the Tatra National Park in Slovakia. Annals of Forest Research, 64(1), 129-145.",,full text
NEW,337,Ips typographus,1733,Metapochonia bulbillosa,Fungi,,Slovakia,isolated from infected beetle,,morphological and molecular,,,"Hyblerová et al., 2021",2021,"Hyblerová, S., Medo, J., & Barta, M. (2021). Diversity and prevalence of entomopathogenic fungi (Ascomycota, Hypocreales) in epidemic populations of bark beetles (Coleoptera, Scolytinae) in spruce forests of the Tatra National Park in Slovakia. Annals of Forest Research, 64(1), 129-145.",,full text
NEW,338,Ips amitinus,1696,Beauveria bassiana,Fungi,,Slovakia,isolated from infected beetle,,morphological and molecular,,,"Hyblerová et al., 2021",2021,"Hyblerová, S., Medo, J., & Barta, M. (2021). Diversity and prevalence of entomopathogenic fungi (Ascomycota, Hypocreales) in epidemic populations of bark beetles (Coleoptera, Scolytinae) in spruce forests of the Tatra National Park in Slovakia. Annals of Forest Research, 64(1), 129-145.",,full text
NEW,339,Ips amitinus,1696,Beauveria pseudobassiana,Fungi,,Slovakia,isolated from infected beetle,,morphological and molecular,,,"Hyblerová et al., 2021",2021,"Hyblerová, S., Medo, J., & Barta, M. (2021). Diversity and prevalence of entomopathogenic fungi (Ascomycota, Hypocreales) in epidemic populations of bark beetles (Coleoptera, Scolytinae) in spruce forests of the Tatra National Park in Slovakia. Annals of Forest Research, 64(1), 129-145.",,full text
NEW,340,Pityogenes chalcographus,1739,Beauveria bassiana,Fungi,,Slovakia,isolated from infected beetle,,morphological and molecular,,,"Hyblerová et al., 2021",2021,"Hyblerová, S., Medo, J., & Barta, M. (2021). Diversity and prevalence of entomopathogenic fungi (Ascomycota, Hypocreales) in epidemic populations of bark beetles (Coleoptera, Scolytinae) in spruce forests of the Tatra National Park in Slovakia. Annals of Forest Research, 64(1), 129-145.",,full text
NEW,341,Pityogenes chalcographus,1739,Beauveria caledonica,Fungi,,Slovakia,isolated from infected beetle,,morphological and molecular,,,"Hyblerová et al., 2021",2021,"Hyblerová, S., Medo, J., & Barta, M. (2021). Diversity and prevalence of entomopathogenic fungi (Ascomycota, Hypocreales) in epidemic populations of bark beetles (Coleoptera, Scolytinae) in spruce forests of the Tatra National Park in Slovakia. Annals of Forest Research, 64(1), 129-145.",,full text
NEW,342,Pityogenes chalcographus,1739,Metapochonia bulbillosa,Fungi,,Slovakia,isolated from infected beetle,,morphological and molecular,,,"Hyblerová et al., 2021",2021,"Hyblerová, S., Medo, J., & Barta, M. (2021). Diversity and prevalence of entomopathogenic fungi (Ascomycota, Hypocreales) in epidemic populations of bark beetles (Coleoptera, Scolytinae) in spruce forests of the Tatra National Park in Slovakia. Annals of Forest Research, 64(1), 129-145.",,full text
NEW,343,Dendroctonus micans,3927,Bacillus thuringiensis,Bacteria,,,,,,,,"Imnadze, 1978",1978,"Imnadze T.S. 1978. Characteristics of strains of Bacillus thuringiensis serotype I isolated from bark beetles in Georgia. Soobshcheniya Akademii Nauk Gruzinskoi SSR 92, 457-60. In: Review of Applied Entomology, Ser. A, Vol. 68, 1980, no. 2616, p. 328.",,only English abstract
NEW,344,Ips typographus,1733,Bacillus thuringiensis,Bacteria,,,,,,,,"Imnadze, 1978",1978,"Imnadze T.S. 1978. Characteristics of strains of Bacillus thuringiensis serotype I isolated from bark beetles in Georgia. Soobshcheniya Akademii Nauk Gruzinskoi SSR 92, 457-60. In: Review of Applied Entomology, Ser. A, Vol. 68, 1980, no. 2616, p. 328.",,only English abstract
NEW,345,Ips typographus,1733,Beauveria bassiana,Fungi,,Slovakia,,cuticular contact,,pathogenicity test,field,"Jakus and Blazenec, 2011",2011,"Jakus, R., & Blazenec, M. (2011). Treatment of bark beetle attacked trees with entomopathogenic fungus Beauveria bassiana (Balsamo) Vuillemin. Folia Forestalia Polonica. Series A. Forestry, 53(2).",,full text
NEW,346,Ips sexdentatus,1728,Beauveria bassiana,Fungi,,Latvia,isolated from infected beetle,,,,,"Jankevica, 2004",2004,"Jankevica, LĪGA. (2004). Ecological associations between entomopathogenic fungi and pest insects recorded in Latvia. Latvijas entomologs, 41, 60-65.",,full text
NEW,347,Tomicus minor,520,Beauveria bassiana,Fungi,,Latvia,isolated from infected beetle,,,,,"Jankevica, 2004",2004,"Jankevica, LĪGA. (2004). Ecological associations between entomopathogenic fungi and pest insects recorded in Latvia. Latvijas entomologs, 41, 60-65.",,full text
NEW,348,Scolytus scolytus,1172,Bacillus thuringiensis,Bacteria,,,culture collection,cuticular contact,,pathogenicity test,laboratory,"Jassim et al., 1990",1990,"Jassim H.K., H.A. Foster & C.P. Fairhurst 1990. Biological control of Dutch elm disease: Bacillus thuringiensis as a potential control agent for Scolytus scolytus and S. multistriatus. Journal of Applied Bacteriology 69, 563-68.",,full text
NEW,349,Scolytus multistriatus,1147,Bacillus thuringiensis,Bacteria,,,culture collection,cuticular contact,,pathogenicity test,laboratory,"Jassim et al., 1990",1990,"Jassim H.K., H.A. Foster & C.P. Fairhurst 1990. Biological control of Dutch elm disease: Bacillus thuringiensis as a potential control agent for Scolytus scolytus and S. multistriatus. Journal of Applied Bacteriology 69, 563-68.",,full text
NEW,350,Ips calligraphus,1704,Serratia marcescens,Bacteria,,United States,,,,,,"Jouvenaz and Wilkinson, 1970",1970,"Jouvenaz D.P. & R.C. Wilkinson 1970. Incidence of Serratia marcescens in Wild Ips calligraphus Populations in Florida. Journal of Invertebrate Pathology 16, 295-96.",,full text
NEW,351,Orthotomicus laricis,1736,Beauveria bassiana,Fungi,,Slovenia,isolated from cadaver,,,,,"Jurc, 2004",2004,"Jurc, M. (2004). insect pathogens with special reference to pathogens of bark beetles (COL. Solytidae: Ips typographus L.): preliminary results of isolation of entomopathogenic fungi from two spruce bark beetles in Slovenia. Zbornik gozdarstva in lesarstva. forest and wood science & technology, 74, 97-124.",,full text
NEW,352,Dryocoetes autographus,1837,Beauveria bassiana,Fungi,,Slovenia,isolated from cadaver,,,,,"Jurc, 2004",2004,"Jurc, M. (2004). insect pathogens with special reference to pathogens of bark beetles (COL. Solytidae: Ips typographus L.): preliminary results of isolation of entomopathogenic fungi from two spruce bark beetles in Slovenia. Zbornik gozdarstva in lesarstva. forest and wood science & technology, 74, 97-124.",,full text
NEW,353,Ips typographus,1733,Beauveria bassiana,Fungi,,,,,,,,Karpinski 1935,1935,"Karpinski J.J. 1935. Les causes qui limitent la reproduction de Bostryches typographes (Ips typographus L. et Ips duplicatus Sahlb.) dans la foret primitive. Inst.Rech.Forets doman., Trav., Compt.rend., Ser. A, Warszawa 15, 1-86, cit. in: Müller-Kögler E. 1965. Pilzkrankheiten bei Insekten. P. Parey.",,non full-text 
NEW,354,Ips typographus,1733,Metarhizium anisopliae,Fungi,,Switzerland,,,,,,"Keller et al., 2004",2004,"Keller, S., Epper, C., & Wermelinger, B. (2004). Metarhizium anisopliae as a new pathogen of the spruce bark beetle Ips typographus.",,
NEW,355,Ips typographus,1733,Beauveria bassiana,Fungi,,Switzerland,,,,,,"Keller et al., 2004",2004,"Keller, S., Epper, C., & Wermelinger, B. (2004). Metarhizium anisopliae as a new pathogen of the spruce bark beetle Ips typographus.",,
NEW,356,Xylosandrus germanus,2185,Steinernema feltiae,Nematode,,Turkey,culture collection,,,pathogenicity test,laboratory,"Kepenekci et al., 2018",2018,"Kepenekci, I., Toksöz, S., Atay, T., & Saruhan, I. (2018). Efficacyof of entomopathogenic nematode isolates from Turkey and Kyrgyzstan against black timber bark beetle, Xylosandrus germanus (Blandford)(Coleoptera: Curculionidae: Scolytinae) adults. Pakistan Journal of Nematology, 36(1), 65-70.",,full text
NEW,357,Xylosandrus germanus,2185,Steinernema carpocapsae,Nematode,,Turkey,culture collection,,,pathogenicity test,laboratory,"Kepenekci et al., 2018",2018,"Kepenekci, I., Toksöz, S., Atay, T., & Saruhan, I. (2018). Efficacyof of entomopathogenic nematode isolates from Turkey and Kyrgyzstan against black timber bark beetle, Xylosandrus germanus (Blandford)(Coleoptera: Curculionidae: Scolytinae) adults. Pakistan Journal of Nematology, 36(1), 65-70.",,full text
NEW,358,Xylosandrus germanus,2185,Heterorhabditis bacteriophora,Nematode,,Turkey,culture collection,,,pathogenicity test,laboratory,"Kepenekci et al., 2018",2018,"Kepenekci, I., Toksöz, S., Atay, T., & Saruhan, I. (2018). Efficacyof of entomopathogenic nematode isolates from Turkey and Kyrgyzstan against black timber bark beetle, Xylosandrus germanus (Blandford)(Coleoptera: Curculionidae: Scolytinae) adults. Pakistan Journal of Nematology, 36(1), 65-70.",,full text
NEW,359,Xylosandrus germanus,2185,Steinernema feltiae,Nematode,,Kyrgyzstan,culture collection,,,pathogenicity test,laboratory,"Kepenekci et al., 2018",2018,"Kepenekci, I., Toksöz, S., Atay, T., & Saruhan, I. (2018). Efficacyof of entomopathogenic nematode isolates from Turkey and Kyrgyzstan against black timber bark beetle, Xylosandrus germanus (Blandford)(Coleoptera: Curculionidae: Scolytinae) adults. Pakistan Journal of Nematology, 36(1), 65-70.",,full text
NEW,360,Xylosandrus germanus,2185,Steinernema carpocapsae,Nematode,,Kyrgyzstan,culture collection,,,pathogenicity test,laboratory,"Kepenekci et al., 2018",2018,"Kepenekci, I., Toksöz, S., Atay, T., & Saruhan, I. (2018). Efficacyof of entomopathogenic nematode isolates from Turkey and Kyrgyzstan against black timber bark beetle, Xylosandrus germanus (Blandford)(Coleoptera: Curculionidae: Scolytinae) adults. Pakistan Journal of Nematology, 36(1), 65-70.",,full text
NEW,361,Polygraphus proximus,8944,Beauveria bassiana,Fungi,pathogen,Russia,isolated from cadaver,cuticular contact,molecular,pathogenicity test,laboratory,"Kerchev et al., 2017",2017,"Kerchev, I. A., Kryukov, V. Y., Yaroslavtseva, O. N., Polovinko, G. P., Tokarev, Y. S., & Glupov, V. V. (2017). The first data on fungal pathogens (ascomycota, hypocreales) in the invasive populations of four-eyed fir bark beetle Polygraphus proximus Blandf. Russian journal of biological invasions, 8(1), 34-40.",,full text
NEW,362,Polygraphus proximus,8944,Beauveria pseudobassiana,Fungi,pathogen,Russia,isolated from cadaver,,molecular,,,"Kerchev et al., 2017",2017,"Kerchev, I. A., Kryukov, V. Y., Yaroslavtseva, O. N., Polovinko, G. P., Tokarev, Y. S., & Glupov, V. V. (2017). The first data on fungal pathogens (ascomycota, hypocreales) in the invasive populations of four-eyed fir bark beetle Polygraphus proximus Blandf. Russian journal of biological invasions, 8(1), 34-40.",,full text
NEW,363,Polygraphus proximus,8944,Isaria farinosa,Fungi,pathogen,Russia,isolated from cadaver,cuticular contact,morphological,pathogenicity test,laboratory,"Kerchev et al., 2017",2017,"Kerchev, I. A., Kryukov, V. Y., Yaroslavtseva, O. N., Polovinko, G. P., Tokarev, Y. S., & Glupov, V. V. (2017). The first data on fungal pathogens (ascomycota, hypocreales) in the invasive populations of four-eyed fir bark beetle Polygraphus proximus Blandf. Russian journal of biological invasions, 8(1), 34-40.",,full text
NEW,364,Polygraphus proximus,8944,Lecanicillium attenuatum,Fungi,pathogen,Russia,isolated from cadaver,,molecular,,,"Kerchev et al., 2017",2017,"Kerchev, I. A., Kryukov, V. Y., Yaroslavtseva, O. N., Polovinko, G. P., Tokarev, Y. S., & Glupov, V. V. (2017). The first data on fungal pathogens (ascomycota, hypocreales) in the invasive populations of four-eyed fir bark beetle Polygraphus proximus Blandf. Russian journal of biological invasions, 8(1), 34-40.",,full text
NEW,365,Ips typographus,1733,Gregarina typographi,Protist,,Georgia,evaluation of pathogens from beetles,,,,,"Kereselidze and Wegensteiner, 2007",2007,"Kereselidze, M., & Wegensteiner, R. (2007). Occurrence of pathogens and parasites in Ips typographus L. from spruce stands (Picea orientalis L.) in Georgia. IOBC wprs Bulletin, 30(1), 207.",,full text
NEW,366,Ips typographus,1733,Contortylenchus diplogaster,Nematode,,Georgia,evaluation of pathogens from beetles,hemocoel,,,,"Kereselidze and Wegensteiner, 2007",2007,"Kereselidze, M., & Wegensteiner, R. (2007). Occurrence of pathogens and parasites in Ips typographus L. from spruce stands (Picea orientalis L.) in Georgia. IOBC wprs Bulletin, 30(1), 207.",,full text
NEW,367,Ips typographus,1733,un identified entomopathogenic fungus,Fungi,,Georgia,evaluation of pathogens from beetles,,,,,"Kereselidze and Wegensteiner, 2007",2007,"Kereselidze, M., & Wegensteiner, R. (2007). Occurrence of pathogens and parasites in Ips typographus L. from spruce stands (Picea orientalis L.) in Georgia. IOBC wprs Bulletin, 30(1), 207.",,full text
NEW,368,Ips typographus,1733,Chytridiopsis typographi,Microsporidia,,Georgia,,,,,,"Kereselidze et al., 2010",2010,"Kereselidze, M., Wegensteiner, R., Goginashvili, N., Tvaradze, M., & Pilarska, D. (2010). Further studies on the occurrence of natural enemies of Ips typographus (Coleoptera: Curculionidae: Scolytinae) in Georgia. Acta zool. bulg, 62(2), 131-139.",,full text
NEW,369,Ips typographus,1733,Gregarina typographi,Protist,,Georgia,,,,,,"Kereselidze et al., 2010",2010,"Kereselidze, M., Wegensteiner, R., Goginashvili, N., Tvaradze, M., & Pilarska, D. (2010). Further studies on the occurrence of natural enemies of Ips typographus (Coleoptera: Curculionidae: Scolytinae) in Georgia. Acta zool. bulg, 62(2), 131-139.",,full text
NEW,370,Ips typographus,1733,Fusarium sp.,Fungi,,Georgia,,,,,,"Kereselidze et al., 2010",2010,"Kereselidze, M., Wegensteiner, R., Goginashvili, N., Tvaradze, M., & Pilarska, D. (2010). Further studies on the occurrence of natural enemies of Ips typographus (Coleoptera: Curculionidae: Scolytinae) in Georgia. Acta zool. bulg, 62(2), 131-139.",,full text
NEW,371,Ips typographus,1733,Contortylenchus diplogaster,Nematode,,Georgia,,,,,,"Kereselidze et al., 2010",2010,"Kereselidze, M., Wegensteiner, R., Goginashvili, N., Tvaradze, M., & Pilarska, D. (2010). Further studies on the occurrence of natural enemies of Ips typographus (Coleoptera: Curculionidae: Scolytinae) in Georgia. Acta zool. bulg, 62(2), 131-139.",,full text
NEW,372,Ips stebbingi,5932,Beauveria bassiana,Fungi,pathogen,India,commercial strain,cuticular contact,,virulence test,laboratory,"Khanday et al., 2018",2018,"Khanday, A. L., Buhroo, A. A., Ranjith, A. P., & Kerchev, I. A. (2018). Evaluating the efficacy of entomopathogenic fungi against the bark beetle, Ips stebbingi Strohmeyer (Coleoptera, Curculionidae: Scolytinae) in India. Entomological Review, 98(8), 985-994.",,full text
NEW,373,Ips stebbingi,5932,Lecanicillium lecanii,Fungi,pathogen,India,commercial strain,cuticular contact,,virulence test,laboratory,"Khanday et al., 2018",2018,"Khanday, A. L., Buhroo, A. A., Ranjith, A. P., & Kerchev, I. A. (2018). Evaluating the efficacy of entomopathogenic fungi against the bark beetle, Ips stebbingi Strohmeyer (Coleoptera, Curculionidae: Scolytinae) in India. Entomological Review, 98(8), 985-994.",,full text
NEW,374,Ips stebbingi,5932,Metarhizium anisopliae,Fungi,pathogen,India,commercial strain,cuticular contact,,virulence test,laboratory,"Khanday et al., 2018",2018,"Khanday, A. L., Buhroo, A. A., Ranjith, A. P., & Kerchev, I. A. (2018). Evaluating the efficacy of entomopathogenic fungi against the bark beetle, Ips stebbingi Strohmeyer (Coleoptera, Curculionidae: Scolytinae) in India. Entomological Review, 98(8), 985-994.",,full text
NEW,375,Polygraphus major,1036,Beauveria bassiana,Fungi,pathogen,India,commercial strain,cuticular contact,,virulence test,laboratory,"Khanday et al., 2018",2018,"Khanday, A. L., & Buhroo, A. A. (2018). An assessment of biological control of Polygraphus major Stebbing, 1903 (Coleoptera: Curculionidae) by entomopathogenic fungi. Journal of Forest Science, 64(4), 178-186.",,full text
NEW,376,Polygraphus major,1036,Lecanicillium lecanii,Fungi,pathogen,India,commercial strain,cuticular contact,,virulence test,laboratory,"Khanday et al., 2018",2018,"Khanday, A. L., & Buhroo, A. A. (2018). An assessment of biological control of Polygraphus major Stebbing, 1903 (Coleoptera: Curculionidae) by entomopathogenic fungi. Journal of Forest Science, 64(4), 178-186.",,full text
NEW,377,Polygraphus major,1036,Metarhizium anisopliae,Fungi,pathogen,India,commercial strain,cuticular contact,,virulence test,laboratory,"Khanday et al., 2018",2018,"Khanday, A. L., & Buhroo, A. A. (2018). An assessment of biological control of Polygraphus major Stebbing, 1903 (Coleoptera: Curculionidae) by entomopathogenic fungi. Journal of Forest Science, 64(4), 178-186.",,full text
NEW,378,Pityogenes scitus,5959,Beauveria bassiana,Fungi,pathogen,India,commercial strain,cuticular contact,,virulence test,laboratory,"Khanday et al., 2018",2018,"Khanday, A. L., Buhroo, A. A., Ranjith, A. P., & Mazur, S. (2018). Laboratory evaluation of entomopathogenic fungi as biological control agents against the bark beetle Pityogenes scitus Blandford (Coleoptera: Curculionidae) in Kashmir. Folia Forestalia Polonica. Series A. Forestry, 60(2).",,full text
NEW,379,Pityogenes scitus,5959,Lecanicillium lecanii,Fungi,pathogen,India,commercial strain,cuticular contact,,virulence test,laboratory,"Khanday et al., 2018",2018,"Khanday, A. L., Buhroo, A. A., Ranjith, A. P., & Mazur, S. (2018). Laboratory evaluation of entomopathogenic fungi as biological control agents against the bark beetle Pityogenes scitus Blandford (Coleoptera: Curculionidae) in Kashmir. Folia Forestalia Polonica. Series A. Forestry, 60(2).",,full text
NEW,380,Pityogenes scitus,5959,Metarhizium anisopliae,Fungi,pathogen,India,commercial strain,cuticular contact,,virulence test,laboratory,"Khanday et al., 2018",2018,"Khanday, A. L., Buhroo, A. A., Ranjith, A. P., & Mazur, S. (2018). Laboratory evaluation of entomopathogenic fungi as biological control agents against the bark beetle Pityogenes scitus Blandford (Coleoptera: Curculionidae) in Kashmir. Folia Forestalia Polonica. Series A. Forestry, 60(2).",,full text
NEW,381,Dendroctonus frontalis,479,Contortylenchus brevicomi,Nematode,parasite,,,,,,,"Kinn and Stephen, 1981",1981,"Kinn, D. N., & Stephen, F. M. (1981). The incidence of endoparasitism of Dendroctonus frontalis Zimm.(Coleoptera: Scolytidae) by Contortylenchus brevicomi (Massey) Rühm (Nematoda: Sphaerulariidae) 1. Zeitschrift für Angewandte Entomologie, 91(1‐5), 452-458.",,full text
NEW,382,Dryocoetes autographus,1837,Malamoeba scolyti,Protist,parasite,Germany,,,,,,"Kirchhoff and Führer, 1985",1985,"Kirchhoff J.-F. & E. Führer 1985. Häufigkeit und Verbreitung von Malamoeba scolyti Purrini bei Dryocoetes autographus in einigen Gebieten Nord- und Nordwestdeutschlands. Forstwissenschaftliches Centralblatt 104, 373-80.",,full text
NEW,383,Hylurgops palliatus,409,Malamoeba scolyti,Protist,parasite,Germany,,,,,,"Kirchhoff and Führer, 1985",1985,"Kirchhoff J.-F. & E. Führer 1985. Häufigkeit und Verbreitung von Malamoeba scolyti Purrini bei Dryocoetes autographus in einigen Gebieten Nord- und Nordwestdeutschlands. Forstwissenschaftliches Centralblatt 104, 373-80.",,full text
NEW,384,Dryocoetes autographus,1837,Malamoeba scolyti,Protist,parasite,,,,,,,"Kirchhoff and Führer, 1990",1990,"Kirchhoff J.-F. & E. Führer 1990. Experimentelle Analyse der Infektion und des Entwicklungszyklus von Malamoeba scolyti in Dryocoetes autographus (Coleoptera: Scolytidae). Entomophaga 35 (4), 537-44.",,full text
NEW,385,Crypturgus pusillus,1868,Beauveria caledonica,Fungi,pathogen,Europe,detected from beetle,,,,,"Kirschner, 2001",2001,"Kirschner R. 2001. Diversity of Filamentous Fungi in Bark Beetle Galleries in Central Europe. In: Trichomycetes and Other Fungal Groups: Professor Robert W. Lichtwardt Commemoration Volume, Editors-J. K. Misra and Bruce W. Horn, Science Publishers, Inc., Enfield (NH), USA, 175-96.",,
NEW,386,Dryocoetes autographus,1837,Beauveria caledonica,Fungi,pathogen,Europe,detected from beetle,,,,,"Kirschner, 2001",2001,"Kirschner R. 2001. Diversity of Filamentous Fungi in Bark Beetle Galleries in Central Europe. In: Trichomycetes and Other Fungal Groups: Professor Robert W. Lichtwardt Commemoration Volume, Editors-J. K. Misra and Bruce W. Horn, Science Publishers, Inc., Enfield (NH), USA, 175-96.",,
NEW,387,Hylurgops palliatus,409,Beauveria caledonica,Fungi,pathogen,Europe,detected from beetle,,,,,"Kirschner, 2001",2001,"Kirschner R. 2001. Diversity of Filamentous Fungi in Bark Beetle Galleries in Central Europe. In: Trichomycetes and Other Fungal Groups: Professor Robert W. Lichtwardt Commemoration Volume, Editors-J. K. Misra and Bruce W. Horn, Science Publishers, Inc., Enfield (NH), USA, 175-96.",,
NEW,388,Ips typographus,1733,Beauveria caledonica,Fungi,pathogen,Europe,detected from beetle,,,,,"Kirschner, 2001",2001,"Kirschner R. 2001. Diversity of Filamentous Fungi in Bark Beetle Galleries in Central Europe. In: Trichomycetes and Other Fungal Groups: Professor Robert W. Lichtwardt Commemoration Volume, Editors-J. K. Misra and Bruce W. Horn, Science Publishers, Inc., Enfield (NH), USA, 175-96.",,
NEW,389,Orthotomicus laricis,1736,Beauveria caledonica,Fungi,pathogen,Europe,detected from beetle,,,,,"Kirschner, 2001",2001,"Kirschner R. 2001. Diversity of Filamentous Fungi in Bark Beetle Galleries in Central Europe. In: Trichomycetes and Other Fungal Groups: Professor Robert W. Lichtwardt Commemoration Volume, Editors-J. K. Misra and Bruce W. Horn, Science Publishers, Inc., Enfield (NH), USA, 175-96.",,
NEW,390,Pityogenes chalcographus,1739,Beauveria caledonica,Fungi,pathogen,Europe,detected from beetle,,,,,"Kirschner, 2001",2001,"Kirschner R. 2001. Diversity of Filamentous Fungi in Bark Beetle Galleries in Central Europe. In: Trichomycetes and Other Fungal Groups: Professor Robert W. Lichtwardt Commemoration Volume, Editors-J. K. Misra and Bruce W. Horn, Science Publishers, Inc., Enfield (NH), USA, 175-96.",,
NEW,391,Polygraphus poligraphus,3365,Beauveria caledonica,Fungi,pathogen,Europe,detected from beetle,,,,,"Kirschner, 2001",2001,"Kirschner R. 2001. Diversity of Filamentous Fungi in Bark Beetle Galleries in Central Europe. In: Trichomycetes and Other Fungal Groups: Professor Robert W. Lichtwardt Commemoration Volume, Editors-J. K. Misra and Bruce W. Horn, Science Publishers, Inc., Enfield (NH), USA, 175-96.",,
NEW,392,Cryphalus piceae,2218,Beauveria bassiana,Fungi,pathogen,Europe,detected from beetle,,,,,"Kirschner, 2001",2001,"Kirschner R. 2001. Diversity of Filamentous Fungi in Bark Beetle Galleries in Central Europe. In: Trichomycetes and Other Fungal Groups: Professor Robert W. Lichtwardt Commemoration Volume, Editors-J. K. Misra and Bruce W. Horn, Science Publishers, Inc., Enfield (NH), USA, 175-96.",,
NEW,393,Crypturgus cinereus,6387,Beauveria bassiana,Fungi,pathogen,Europe,detected from beetle,,,,,"Kirschner, 2001",2001,"Kirschner R. 2001. Diversity of Filamentous Fungi in Bark Beetle Galleries in Central Europe. In: Trichomycetes and Other Fungal Groups: Professor Robert W. Lichtwardt Commemoration Volume, Editors-J. K. Misra and Bruce W. Horn, Science Publishers, Inc., Enfield (NH), USA, 175-96.",,
NEW,394,Crypturgus pusillus,1868,Beauveria bassiana,Fungi,pathogen,Europe,detected from beetle,,,,,"Kirschner, 2001",2001,"Kirschner R. 2001. Diversity of Filamentous Fungi in Bark Beetle Galleries in Central Europe. In: Trichomycetes and Other Fungal Groups: Professor Robert W. Lichtwardt Commemoration Volume, Editors-J. K. Misra and Bruce W. Horn, Science Publishers, Inc., Enfield (NH), USA, 175-96.",,
NEW,395,Dryocoetes autographus,1837,Beauveria bassiana,Fungi,pathogen,Europe,detected from beetle,,,,,"Kirschner, 2001",2001,"Kirschner R. 2001. Diversity of Filamentous Fungi in Bark Beetle Galleries in Central Europe. In: Trichomycetes and Other Fungal Groups: Professor Robert W. Lichtwardt Commemoration Volume, Editors-J. K. Misra and Bruce W. Horn, Science Publishers, Inc., Enfield (NH), USA, 175-96.",,
NEW,396,Hylurgops palliatus,409,Beauveria bassiana,Fungi,pathogen,Europe,detected from beetle,,,,,"Kirschner, 2001",2001,"Kirschner R. 2001. Diversity of Filamentous Fungi in Bark Beetle Galleries in Central Europe. In: Trichomycetes and Other Fungal Groups: Professor Robert W. Lichtwardt Commemoration Volume, Editors-J. K. Misra and Bruce W. Horn, Science Publishers, Inc., Enfield (NH), USA, 175-96.",,
NEW,397,Ips sexdentatus,1728,Beauveria bassiana,Fungi,pathogen,Europe,detected from beetle,,,,,"Kirschner, 2001",2001,"Kirschner R. 2001. Diversity of Filamentous Fungi in Bark Beetle Galleries in Central Europe. In: Trichomycetes and Other Fungal Groups: Professor Robert W. Lichtwardt Commemoration Volume, Editors-J. K. Misra and Bruce W. Horn, Science Publishers, Inc., Enfield (NH), USA, 175-96.",,
NEW,398,Ips typographus,1733,Beauveria bassiana,Fungi,pathogen,Europe,detected from beetle,,,,,"Kirschner, 2001",2001,"Kirschner R. 2001. Diversity of Filamentous Fungi in Bark Beetle Galleries in Central Europe. In: Trichomycetes and Other Fungal Groups: Professor Robert W. Lichtwardt Commemoration Volume, Editors-J. K. Misra and Bruce W. Horn, Science Publishers, Inc., Enfield (NH), USA, 175-96.",,
NEW,399,Hylesinus varius,445,Beauveria bassiana,Fungi,pathogen,Europe,detected from beetle,,,,,"Kirschner, 2001",2001,"Kirschner R. 2001. Diversity of Filamentous Fungi in Bark Beetle Galleries in Central Europe. In: Trichomycetes and Other Fungal Groups: Professor Robert W. Lichtwardt Commemoration Volume, Editors-J. K. Misra and Bruce W. Horn, Science Publishers, Inc., Enfield (NH), USA, 175-96.",,
NEW,400,Orthotomicus laricis,1736,Beauveria bassiana,Fungi,pathogen,Europe,detected from beetle,,,,,"Kirschner, 2001",2001,"Kirschner R. 2001. Diversity of Filamentous Fungi in Bark Beetle Galleries in Central Europe. In: Trichomycetes and Other Fungal Groups: Professor Robert W. Lichtwardt Commemoration Volume, Editors-J. K. Misra and Bruce W. Horn, Science Publishers, Inc., Enfield (NH), USA, 175-96.",,
NEW,401,Pityogenes chalcographus,1739,Beauveria bassiana,Fungi,pathogen,Europe,detected from beetle,,,,,"Kirschner, 2001",2001,"Kirschner R. 2001. Diversity of Filamentous Fungi in Bark Beetle Galleries in Central Europe. In: Trichomycetes and Other Fungal Groups: Professor Robert W. Lichtwardt Commemoration Volume, Editors-J. K. Misra and Bruce W. Horn, Science Publishers, Inc., Enfield (NH), USA, 175-96.",,
NEW,402,Polygraphus poligraphus,3365,Beauveria bassiana,Fungi,pathogen,Europe,detected from beetle,,,,,"Kirschner, 2001",2001,"Kirschner R. 2001. Diversity of Filamentous Fungi in Bark Beetle Galleries in Central Europe. In: Trichomycetes and Other Fungal Groups: Professor Robert W. Lichtwardt Commemoration Volume, Editors-J. K. Misra and Bruce W. Horn, Science Publishers, Inc., Enfield (NH), USA, 175-96.",,
NEW,403,Trypodendron lineatum,1874,Beauveria bassiana,Fungi,pathogen,Europe,detected from beetle,,,,,"Kirschner, 2001",2001,"Kirschner R. 2001. Diversity of Filamentous Fungi in Bark Beetle Galleries in Central Europe. In: Trichomycetes and Other Fungal Groups: Professor Robert W. Lichtwardt Commemoration Volume, Editors-J. K. Misra and Bruce W. Horn, Science Publishers, Inc., Enfield (NH), USA, 175-96.",,
NEW,404,Ips sexdentatus,1728,Metschnikowia cf. typographi,Fungi,,Austria,detected from beetle,,morphological and molecular,,,"Kleespies et al., 2017",2017,"Kleespies, R. G., Lim, Y. W., Tkaczuk, C., Wrzosek, M., Steinwender, B. M., & Wegensteiner, R. (2017). Metschnikowia cf. typographi and other pathogens from the bark beetle Ips sexdentatus–Prevalence, histological and ultrastructural evidence, and molecular characterization. Journal of invertebrate pathology, 143, 69-78.",,full text
NEW,405,Ips sexdentatus,1728,Gregarina typographi,Protist,,Poland,detected from beetle,,,,,"Kleespies et al., 2017",2017,"Kleespies, R. G., Lim, Y. W., Tkaczuk, C., Wrzosek, M., Steinwender, B. M., & Wegensteiner, R. (2017). Metschnikowia cf. typographi and other pathogens from the bark beetle Ips sexdentatus–Prevalence, histological and ultrastructural evidence, and molecular characterization. Journal of invertebrate pathology, 143, 69-78.",,full text
NEW,406,Ips sexdentatus,1728,Beauveria bassiana,Fungi,,Austria,detected from beetle,,morphological,,,"Kleespies et al., 2017",2017,"Kleespies, R. G., Lim, Y. W., Tkaczuk, C., Wrzosek, M., Steinwender, B. M., & Wegensteiner, R. (2017). Metschnikowia cf. typographi and other pathogens from the bark beetle Ips sexdentatus–Prevalence, histological and ultrastructural evidence, and molecular characterization. Journal of invertebrate pathology, 143, 69-78.",,full text
NEW,407,Ips sexdentatus,1728,Gregarina typographi,Protist,,Poland,detected from beetle,,,,,"Kleespies et al., 2017",2017,"Kleespies, R. G., Lim, Y. W., Tkaczuk, C., Wrzosek, M., Steinwender, B. M., & Wegensteiner, R. (2017). Metschnikowia cf. typographi and other pathogens from the bark beetle Ips sexdentatus–Prevalence, histological and ultrastructural evidence, and molecular characterization. Journal of invertebrate pathology, 143, 69-78.",,full text
NEW,408,Ips sexdentatus,1728,Gregarina typographi,Protist,,Austria,detected from beetle,,,,,"Kleespies et al., 2017",2017,"Kleespies, R. G., Lim, Y. W., Tkaczuk, C., Wrzosek, M., Steinwender, B. M., & Wegensteiner, R. (2017). Metschnikowia cf. typographi and other pathogens from the bark beetle Ips sexdentatus–Prevalence, histological and ultrastructural evidence, and molecular characterization. Journal of invertebrate pathology, 143, 69-78.",,full text
NEW,409,Polygraphus poligraphus,3365,Anguillulina orta,Nematode,,Germany,,,,,,"Kleine, 1944",1944,"Kleine, R. (1944). Die europäischen Borkenkäfer und die bei ihnen lebenden Räuber Parasiten und Commensalen.(Ipidae). Publications of famous biologists-a collection of prints.",,full text
NEW,410,Anisandrus dispar,2083,Anguillonema pinguicauda,Nematode,,Germany,,,,,,"Kleine, 1944",1944,"Kleine, R. (1944). Die europäischen Borkenkäfer und die bei ihnen lebenden Räuber Parasiten und Commensalen.(Ipidae). Publications of famous biologists-a collection of prints.",,full text
NEW,411,Polygraphus poligraphus,3365,Anguillonema pinguicauda,Nematode,,Germany,,,,,,"Kleine, 1944",1944,"Kleine, R. (1944). Die europäischen Borkenkäfer und die bei ihnen lebenden Räuber Parasiten und Commensalen.(Ipidae). Publications of famous biologists-a collection of prints.",,full text
NEW,412,Ips typographus,1733,Telosporidium typographi,Protist,,Germany,,,,,,"Kleine, 1944",1944,"Kleine, R. (1944). Die europäischen Borkenkäfer und die bei ihnen lebenden Räuber Parasiten und Commensalen.(Ipidae). Publications of famous biologists-a collection of prints.",,full text
NEW,413,Pityogenes chalcographus,1739,Telosporidium chalcographi,Protist,,Germany,,,,,,"Kleine, 1944",1944,"Kleine, R. (1944). Die europäischen Borkenkäfer und die bei ihnen lebenden Räuber Parasiten und Commensalen.(Ipidae). Publications of famous biologists-a collection of prints.",,full text
NEW,414,Dendroctonus frontalis,479,Unikaryon minutum,Microsporidia,parasite,United States,,malpighian tubules; fat body; midgut,,,,"Knell and Allen, 1978",1978,"Knell J.D. & G.E. Allen 1978. Morphology and Ultrastructure of Unikaryon minutum sp.n. (Microsporidia: Protozoa), a Parasite of the Southern Pine Beetle, Dendroctonus frontalis. Acta Protozoologica 17, 271-78.",,full text
NEW,415,Dendroctonus micans,3927,Beauveria pseudobassiana,Fungi,pathogen,Turkey,culture collection,cuticular contact,morphological and molecular,virulence test,laboratory,"Kocacevik et al., 2015",2015,"Kocacevik, S., Sevim, A., Eroglu, M., Demirbag, Z. İ. H. N. İ., & Demir, I. (2015). Molecular characterization, virulence and horizontal transmission of B eauveria pseudobassiana from D endroctonus micans (K ug.)(C oleoptera: C urculionidae). Journal of Applied Entomology, 139(5), 381-389.",,full text
NEW,416,Ips sexdentatus,1728,Beauveria pseudobassiana,Fungi,pathogen,Turkey,culture collection,cuticular contact,morphological and molecular,virulence test,laboratory,"Kocacevik et al., 2016",2016,"Kocacevik, S., Sevim, A., Eroğlu, M., Demirbağ, Z., & Demir, I. (2016). Virulence and horizontal transmission of Beauveria pseudobassiana SA Rehner & Humber in Ips sexdentatus and Ips typographus (Coleoptera: Curculionidae). Turkish Journal of Agriculture and Forestry, 40(2), 241-248.",,full text
NEW,417,Tomicus piniperda,521,Canningia tomici,Microsporidia,,,,midgut epithelium; malpighian tubules; gut muscules; gonads,,,,"Kohlmayr et al., 2003",2003,"Kohlmayr B., J. Weiser, R. Wegensteiner, U. Händel & Z. Zizka 2003. Infection of Tomicus piniperda (Col., Scolytidae) with Canningia tomici sp.n. (Microsporidia, Unikaryonidae). Journal of Pest Science 76, 65-73.",,full text
NEW,418,Tomicus piniperda,521,Beauveria bassiana,Fungi,pathogen,Latvia,,cuticular contact,,pathogenicity test; resistance test,laboratory,"Krams et al., 2012",2012,"Krams, I., Daukšte, J., Kivleniece, I., Brūmelis, G., Cibuļskis, R., Āboliņš-Ābols, M., ... & Krama, T. (2012). Drought-induced positive feedback in xylophagous insects: Easier invasion of Scots pine leading to greater investment in immunity of emerging individuals. Forest Ecology and Management, 270, 147-152.",,full text
NEW,419,Dendroctonus ponderosae,484,Gemycircularvirus sp.,Virus,occurrence survey,United States,,,,,,"Kraberger et al., 2018",2018,"Kraberger, S., Hofstetter, R. W., Potter, K. A., & Varsani, A. (2018). Genomoviruses associated with mountain and western pine beetles. Virus research, 256, 17-20.",,full text
NEW,420,Dendroctonus ponderosae,484,Gemykibivirus sp.,Virus,occurrence survey,United States,,,,,,"Kraberger et al., 2018",2018,"Kraberger, S., Hofstetter, R. W., Potter, K. A., & Varsani, A. (2018). Genomoviruses associated with mountain and western pine beetles. Virus research, 256, 17-20.",,full text
NEW,421,Ips typographus,1733,Beauveria bassiana,Fungi,,,,,,,,"Kreutz et al., 2000a",2000,"Kreutz J., G. Zimmermann, H. Marohn, O. Vaupel & G. Mosbacher 2000a. Möglichkeiten des Einsatzes von Beauveria bassiana (Bals.) Vuill. und anderen Kontrollmethoden zur biologischen Bekämpfung des Buchdruckers Ips typographus L. (Col., Scolytidae) im Freiland. Mitteilungen der Deutschen Gesellschaft für allgemeine und angewandte Entomologie 12, 119-25.",,non full-text 
NEW,422,Ips typographus,1733,Beauveria bassiana,Fungi,,Germany,,,,pathogenicity test,laboratory,"Kreutz et al., 2000b",2000,"Kreutz J., G. Zimmermann, H. Marohn, O. Vaupel & G. Mosbacher 2000b. Preliminary investigations on the use of Beauveria bassiana (Bals.) Vuill. and other control methods against the bark beetle Ips typographus (Col., Scolytidae) in the field. IOBC/wprs Bulletin 23 (2), 167-73.",,only English abstract
NEW,423,Ips typographus,1733,Beauveria bassiana,Fungi,,,commercial strain; isolated from beetle,,,virulence test,laboratory,"Kreutz et al., 2004",2004,"Kreutz, J., Vaupel, O., & Zimmermann, G. (2004). Efficacy of Beauveria bassiana (Bals.) Vuill. against the spruce bark beetle, Ips typographus L., in the laboratory under various conditions. Journal of Applied Entomology, 128(6), 384-389.",,full text
NEW,424,Ips typographus,1733,Beauveria bassiana,Fungi,pathogen,Germany,commercial strain,cuticular contact,,transmission test,laboratory and field,"Kreutz et al., 2010",2010,"Kreutz, J., Zimmermann, G., & Vaupel, O. (2004). Horizontal transmission of the entomopathogenic fungus Beauveria bassiana among the spruce bark beetle, Ips typographus (Col., Scolytidae) in the laboratory and under field conditions. Biocontrol Science and Technology, 14(8), 837-848.",,full text
NEW,425,Xylosandrus germanus,2185,Isaria fumosorosea,Fungi,,Turkey,culture collection; isolated from Hyphantria cunea,cuticular contact,,virulence test,laboratory,"Kushiyev et al., 2018",2018,"Kushiyev, R., Tuncer, C., Erper, I., Ozdemir, I. O., & Saruhan, I. (2018). Efficacy of native entomopathogenic fungus, Isaria fumosorosea, against bark and ambrosia beetles, Anisandrus dispar Fabricius and Xylosandrus germanus Blandford (Coleoptera: Curculionidae: Scolytinae). Egyptian Journal of Biological Pest Control, 28(1), 55.",,full text
NEW,426,Anisandrus dispar,2083,Isaria fumosorosea,Fungi,,Turkey,culture collection; isolated from Hyphantria cunea,cuticular contact,,virulence test,laboratory,"Kushiyev et al., 2018",2018,"Kushiyev, R., Tuncer, C., Erper, I., Ozdemir, I. O., & Saruhan, I. (2018). Efficacy of native entomopathogenic fungus, Isaria fumosorosea, against bark and ambrosia beetles, Anisandrus dispar Fabricius and Xylosandrus germanus Blandford (Coleoptera: Curculionidae: Scolytinae). Egyptian Journal of Biological Pest Control, 28(1), 55.",,full text
NEW,427,Xylosandrus germanus,2185,Beauveria bassiana,Fungi,pathogen,Turkey,isolated from cadaver and infected beetle,cuticular contact,molecular,virulence test,laboratory,"Kushiyev et al., 2022",2022,"Kushiyev, R., Tunçer, C., Özdemir, İ. O., Erper, İ., Kalendar, R., Alkan, M., & Özer, G. (2022). Molecular characterization of native entomopathogenic fungi from ambrosia beetles in hazelnut orchards of Turkey and evaluation of their in vitro efficacy. Insects, 13(9), 824.",,full text
NEW,428,Xyleborinus saxesenii,2037,Beauveria bassiana,Fungi,pathogen,Turkey,isolated from cadaver and infected beetle,cuticular contact,molecular,virulence test,laboratory,"Kushiyev et al., 2022",2022,"Kushiyev, R., Tunçer, C., Özdemir, İ. O., Erper, İ., Kalendar, R., Alkan, M., & Özer, G. (2022). Molecular characterization of native entomopathogenic fungi from ambrosia beetles in hazelnut orchards of Turkey and evaluation of their in vitro efficacy. Insects, 13(9), 824.",,full text
NEW,429,Anisandrus dispar,2083,Beauveria bassiana,Fungi,pathogen,Turkey,isolated from cadaver and infected beetle,cuticular contact,molecular,virulence test,laboratory,"Kushiyev et al., 2022",2022,"Kushiyev, R., Tunçer, C., Özdemir, İ. O., Erper, İ., Kalendar, R., Alkan, M., & Özer, G. (2022). Molecular characterization of native entomopathogenic fungi from ambrosia beetles in hazelnut orchards of Turkey and evaluation of their in vitro efficacy. Insects, 13(9), 824.",,full text
NEW,430,Xylosandrus germanus,2185,Beauveria pseudobassiana,Fungi,pathogen,Turkey,isolated from cadaver and infected beetle,cuticular contact,molecular,virulence test,laboratory,"Kushiyev et al., 2022",2022,"Kushiyev, R., Tunçer, C., Özdemir, İ. O., Erper, İ., Kalendar, R., Alkan, M., & Özer, G. (2022). Molecular characterization of native entomopathogenic fungi from ambrosia beetles in hazelnut orchards of Turkey and evaluation of their in vitro efficacy. Insects, 13(9), 824.",,full text
NEW,431,Xyleborinus saxesenii,2037,Beauveria pseudobassiana,Fungi,pathogen,Turkey,isolated from cadaver and infected beetle,cuticular contact,molecular,virulence test,laboratory,"Kushiyev et al., 2022",2022,"Kushiyev, R., Tunçer, C., Özdemir, İ. O., Erper, İ., Kalendar, R., Alkan, M., & Özer, G. (2022). Molecular characterization of native entomopathogenic fungi from ambrosia beetles in hazelnut orchards of Turkey and evaluation of their in vitro efficacy. Insects, 13(9), 824.",,full text
NEW,432,Anisandrus dispar,2083,Beauveria pseudobassiana,Fungi,pathogen,Turkey,isolated from cadaver and infected beetle,cuticular contact,molecular,virulence test,laboratory,"Kushiyev et al., 2022",2022,"Kushiyev, R., Tunçer, C., Özdemir, İ. O., Erper, İ., Kalendar, R., Alkan, M., & Özer, G. (2022). Molecular characterization of native entomopathogenic fungi from ambrosia beetles in hazelnut orchards of Turkey and evaluation of their in vitro efficacy. Insects, 13(9), 824.",,full text
NEW,433,Xylosandrus germanus,2185,Cordyceps fumosorosea,Fungi,pathogen,Turkey,isolated from cadaver and infected beetle,cuticular contact,molecular,virulence test,laboratory,"Kushiyev et al., 2022",2022,"Kushiyev, R., Tunçer, C., Özdemir, İ. O., Erper, İ., Kalendar, R., Alkan, M., & Özer, G. (2022). Molecular characterization of native entomopathogenic fungi from ambrosia beetles in hazelnut orchards of Turkey and evaluation of their in vitro efficacy. Insects, 13(9), 824.",,full text
NEW,434,Xyleborinus saxesenii,2037,Cordyceps fumosorosea,Fungi,pathogen,Turkey,isolated from cadaver and infected beetle,cuticular contact,molecular,virulence test,laboratory,"Kushiyev et al., 2022",2022,"Kushiyev, R., Tunçer, C., Özdemir, İ. O., Erper, İ., Kalendar, R., Alkan, M., & Özer, G. (2022). Molecular characterization of native entomopathogenic fungi from ambrosia beetles in hazelnut orchards of Turkey and evaluation of their in vitro efficacy. Insects, 13(9), 824.",,full text
NEW,435,Anisandrus dispar,2083,Cordyceps fumosorosea,Fungi,pathogen,Turkey,isolated from cadaver and infected beetle,cuticular contact,molecular,virulence test,laboratory,"Kushiyev et al., 2022",2022,"Kushiyev, R., Tunçer, C., Özdemir, İ. O., Erper, İ., Kalendar, R., Alkan, M., & Özer, G. (2022). Molecular characterization of native entomopathogenic fungi from ambrosia beetles in hazelnut orchards of Turkey and evaluation of their in vitro efficacy. Insects, 13(9), 824.",,full text
NEW,436,Anisandrus dispar,2083,Cordyceps farinosa,Fungi,pathogen,Turkey,isolated from cadaver and infected beetle,cuticular contact,molecular,virulence test,laboratory,"Kushiyev et al., 2022",2022,"Kushiyev, R., Tunçer, C., Özdemir, İ. O., Erper, İ., Kalendar, R., Alkan, M., & Özer, G. (2022). Molecular characterization of native entomopathogenic fungi from ambrosia beetles in hazelnut orchards of Turkey and evaluation of their in vitro efficacy. Insects, 13(9), 824.",,full text
NEW,437,Xylosandrus germanus,2185,Akanthomyces lecanii,Fungi,pathogen,Turkey,isolated from cadaver and infected beetle,cuticular contact,molecular,virulence test,laboratory,"Kushiyev et al., 2022",2022,"Kushiyev, R., Tunçer, C., Özdemir, İ. O., Erper, İ., Kalendar, R., Alkan, M., & Özer, G. (2022). Molecular characterization of native entomopathogenic fungi from ambrosia beetles in hazelnut orchards of Turkey and evaluation of their in vitro efficacy. Insects, 13(9), 824.",,full text
NEW,438,Xyleborinus saxesenii,2037,Akanthomyces lecanii,Fungi,pathogen,Turkey,isolated from cadaver and infected beetle,cuticular contact,molecular,virulence test,laboratory,"Kushiyev et al., 2022",2022,"Kushiyev, R., Tunçer, C., Özdemir, İ. O., Erper, İ., Kalendar, R., Alkan, M., & Özer, G. (2022). Molecular characterization of native entomopathogenic fungi from ambrosia beetles in hazelnut orchards of Turkey and evaluation of their in vitro efficacy. Insects, 13(9), 824.",,full text
NEW,439,Anisandrus dispar,2083,Akanthomyces lecanii,Fungi,pathogen,Turkey,isolated from cadaver and infected beetle,cuticular contact,molecular,virulence test,laboratory,"Kushiyev et al., 2022",2022,"Kushiyev, R., Tunçer, C., Özdemir, İ. O., Erper, İ., Kalendar, R., Alkan, M., & Özer, G. (2022). Molecular characterization of native entomopathogenic fungi from ambrosia beetles in hazelnut orchards of Turkey and evaluation of their in vitro efficacy. Insects, 13(9), 824.",,full text
NEW,440,Anisandrus dispar,2083,Purpureocillium lilacinum,Fungi,pathogen,Turkey,isolated from cadaver and infected beetle,cuticular contact,molecular,virulence test,laboratory,"Kushiyev et al., 2022",2022,"Kushiyev, R., Tunçer, C., Özdemir, İ. O., Erper, İ., Kalendar, R., Alkan, M., & Özer, G. (2022). Molecular characterization of native entomopathogenic fungi from ambrosia beetles in hazelnut orchards of Turkey and evaluation of their in vitro efficacy. Insects, 13(9), 824.",,full text
NEW,441,Xylosandrus germanus,2185,Purpureocillium lilacinum,Fungi,pathogen,Turkey,isolated from cadaver and infected beetle,cuticular contact,molecular,virulence test,laboratory,"Kushiyev et al., 2022",2022,"Kushiyev, R., Tunçer, C., Özdemir, İ. O., Erper, İ., Kalendar, R., Alkan, M., & Özer, G. (2022). Molecular characterization of native entomopathogenic fungi from ambrosia beetles in hazelnut orchards of Turkey and evaluation of their in vitro efficacy. Insects, 13(9), 824.",,full text
NEW,442,Anisandrus dispar,2083,Clonostachys rosea,Fungi,pathogen,Turkey,isolated from cadaver and infected beetle,cuticular contact,molecular,virulence test,laboratory,"Kushiyev et al., 2022",2022,"Kushiyev, R., Tunçer, C., Özdemir, İ. O., Erper, İ., Kalendar, R., Alkan, M., & Özer, G. (2022). Molecular characterization of native entomopathogenic fungi from ambrosia beetles in hazelnut orchards of Turkey and evaluation of their in vitro efficacy. Insects, 13(9), 824.",,full text
NEW,443,Xylosandrus germanus,2185,Clonostachys rosea,Fungi,pathogen,Turkey,isolated from cadaver and infected beetle,cuticular contact,molecular,virulence test,laboratory,"Kushiyev et al., 2022",2022,"Kushiyev, R., Tunçer, C., Özdemir, İ. O., Erper, İ., Kalendar, R., Alkan, M., & Özer, G. (2022). Molecular characterization of native entomopathogenic fungi from ambrosia beetles in hazelnut orchards of Turkey and evaluation of their in vitro efficacy. Insects, 13(9), 824.",,full text
NEW,444,Anisandrus dispar,2083,Metarhizium anisopliae,Fungi,pathogen,Turkey,isolated from cadaver and infected beetle,cuticular contact,molecular,virulence test,laboratory,"Kushiyev et al., 2022",2022,"Kushiyev, R., Tunçer, C., Özdemir, İ. O., Erper, İ., Kalendar, R., Alkan, M., & Özer, G. (2022). Molecular characterization of native entomopathogenic fungi from ambrosia beetles in hazelnut orchards of Turkey and evaluation of their in vitro efficacy. Insects, 13(9), 824.",,full text
NEW,445,Xylosandrus germanus,2185,Metarhizium anisopliae,Fungi,pathogen,Turkey,isolated from cadaver and infected beetle,cuticular contact,molecular,virulence test,laboratory,"Kushiyev et al., 2022",2022,"Kushiyev, R., Tunçer, C., Özdemir, İ. O., Erper, İ., Kalendar, R., Alkan, M., & Özer, G. (2022). Molecular characterization of native entomopathogenic fungi from ambrosia beetles in hazelnut orchards of Turkey and evaluation of their in vitro efficacy. Insects, 13(9), 824.",,full text
NEW,446,Ips typographus,1733,Beauveria sp.,Fungi,pathogen; occurrence survey,Czech Republic,isolated from beetle,,,,laboratory,"Landa et al., 2001a",2001,"Landa Z., P. Hornak, L.S. Osborne, A. Novakova & E. Bursova 2001. Entomogenous fungi associated with spruce bark beetle Ips typographus L. (Coleoptera, Scolytidae) in the Bohemian Forest. Silva Gabreta 6, 250-72.",,full text
NEW,447,Ips typographus,1733,Beauveria bassiana,Fungi,pathogen; occurrence survey,Czech Republic,isolated from beetle,,,,laboratory,"Landa et al., 2001a",2001,"Landa Z., P. Hornak, L.S. Osborne, A. Novakova & E. Bursova 2001. Entomogenous fungi associated with spruce bark beetle Ips typographus L. (Coleoptera, Scolytidae) in the Bohemian Forest. Silva Gabreta 6, 250-72.",,full text
NEW,448,Ips typographus,1733,Isaria sp.,Fungi,pathogen; occurrence survey,Czech Republic,isolated from beetle,,,,laboratory,"Landa et al., 2001a",2001,"Landa Z., P. Hornak, L.S. Osborne, A. Novakova & E. Bursova 2001. Entomogenous fungi associated with spruce bark beetle Ips typographus L. (Coleoptera, Scolytidae) in the Bohemian Forest. Silva Gabreta 6, 250-72.",,full text
NEW,449,Ips typographus,1733,Isaria farinosa,Fungi,pathogen; occurrence survey,Czech Republic,isolated from beetle,,,,laboratory,"Landa et al., 2001a",2001,"Landa Z., P. Hornak, L.S. Osborne, A. Novakova & E. Bursova 2001. Entomogenous fungi associated with spruce bark beetle Ips typographus L. (Coleoptera, Scolytidae) in the Bohemian Forest. Silva Gabreta 6, 250-72.",,full text
NEW,450,Ips typographus,1733,Isaria fumosorosea,Fungi,pathogen; occurrence survey,Czech Republic,isolated from beetle,,,,laboratory,"Landa et al., 2001a",2001,"Landa Z., P. Hornak, L.S. Osborne, A. Novakova & E. Bursova 2001. Entomogenous fungi associated with spruce bark beetle Ips typographus L. (Coleoptera, Scolytidae) in the Bohemian Forest. Silva Gabreta 6, 250-72.",,full text
NEW,451,Ips typographus,1733,Isaria penicillatus,Fungi,pathogen; occurrence survey,Czech Republic,isolated from beetle,,,,laboratory,"Landa et al., 2001a",2001,"Landa Z., P. Hornak, L.S. Osborne, A. Novakova & E. Bursova 2001. Entomogenous fungi associated with spruce bark beetle Ips typographus L. (Coleoptera, Scolytidae) in the Bohemian Forest. Silva Gabreta 6, 250-72.",,full text
NEW,452,Ips typographus,1733,Lecanicillium lecanii,Fungi,pathogen; occurrence survey,Czech Republic,isolated from beetle,,,,laboratory,"Landa et al., 2001a",2001,"Landa Z., P. Hornak, L.S. Osborne, A. Novakova & E. Bursova 2001. Entomogenous fungi associated with spruce bark beetle Ips typographus L. (Coleoptera, Scolytidae) in the Bohemian Forest. Silva Gabreta 6, 250-72.",,full text
NEW,453,Ips typographus,1733,Unknown Pathogen,Fungi,,,,,,,,"Landa et al., 2001b",2001,"Landa, Z., Bielikova´, L., Osborne, L.S., Bobkova´, E., 2001b. Assesment of isolates of entomogenous fungi collected from spruce bark beetle Ips typographus L. (Coleoptera, Scolytidae) in the Bohemian Forest. Silva Gabreta 6, 273–286.",,non full-text 
NEW,454,Ips typographus,1733,nematodes,Nematode,,,,hemocoel,,,,"Laucius and Zolubas, 1997",1997,"Laucius S. & P. Zolubas 1997. Spruce bark beetle (Ips typographus L.) dynamics in forest reserve in 1995-1996. Miskininkyste 1 (39), 84-92.",,only English abstract
NEW,455,Ips typographus,1733,nematodes,Nematode,,,,midgut,,,,"Laucius and Zolubas, 1997",1997,"Laucius S. & P. Zolubas 1997. Spruce bark beetle (Ips typographus L.) dynamics in forest reserve in 1995-1996. Miskininkyste 1 (39), 84-92.",,only English abstract
NEW,456,Hylastes ater,390,Beauveria bassiana,Fungi,,,,,,,,"Leatherdale, 1970",1970,"Leatherdale D. 1970. The arthropod hosts of entomogenous fungi in Britain. Entomophaga 15, 419-35.",,full text
NEW,457,Hylastinus obscurus,426,Beauveria bassiana,Fungi,association report,United States,isolated from cadaver,,morphological and molecular,,,"Lestari, 2016",2016,"Lestari, A. S. (2016). Isolation and pathogenicity of naturally occurring entomopathogenic fungi to clover root borer (Coleoptera: Curculionidae: Scolytinae), a pest of red clover seed crops.",,full text
NEW,458,Hylastinus obscurus,426,Beauveria pseudobassiana,Fungi,association report,United States,isolated from cadaver,,morphological and molecular,,,"Lestari, 2016",2016,"Lestari, A. S. (2016). Isolation and pathogenicity of naturally occurring entomopathogenic fungi to clover root borer (Coleoptera: Curculionidae: Scolytinae), a pest of red clover seed crops.",,full text
NEW,459,Tomicus piniperda,521,Paecilomyces farinosus,Fungi,pathogen,China,isolated from infected beetle,cuticular contact,,pathogenicity test,laboratory and field,"Li et al., 2003",2003,Application of entomopathogenic fungi in the integrated management of Tomicus piniperda,,full text
NEW,460,Tomicus piniperda,521,Beauveria bassiana,Fungi,pathogen,China,isolated from infected beetle,cuticular contact,,pathogenicity test,laboratory and field,"Li et al., 2003",2003,Application of entomopathogenic fungi in the integrated management of Tomicus piniperda,,full text
NEW,461,Tomicus piniperda,521,Fusarium concolor,Fungi,pathogen,China,isolated from infected beetle,cuticular contact,,pathogenicity test,laboratory and field,"Li et al., 2003",2003,Application of entomopathogenic fungi in the integrated management of Tomicus piniperda,,full text
NEW,462,Tomicus piniperda,521,Beauveria velata,Fungi,pathogen,China,isolated from infected beetle,cuticular contact,,pathogenicity test,laboratory and field,"Li et al., 2003",2003,Application of entomopathogenic fungi in the integrated management of Tomicus piniperda,,full text
NEW,463,Tomicus piniperda,521,Penicillium sp.,Fungi,pathogen,China,isolated from infected beetle,cuticular contact,,pathogenicity test,laboratory and field,"Li et al., 2003",2003,Application of entomopathogenic fungi in the integrated management of Tomicus piniperda,,full text
NEW,464,Dendroctonus ponderosae,484,Beauveria bassiana,Fungi,pathogen,,culture collection,,,,,"Li et al., 2023",2023,"Li, J. X., Fernandez, K. X., Ritland, C., Jancsik, S., Engelhardt, D. B., Coombe, L., ... & Birol, I. (2023). Genomic virulence features of Beauveria bassiana as a biocontrol agent for the mountain pine beetle population. BMC genomics, 24(1), 390.",,full text
NEW,465,Ips sexdentatus,1728,Parasitorhabditis ipsophila,Nematode,parasite,,,,,,,"Lieutier and Laumond, 1978",1978,"Lieutier, F., & Laumond, C. (1978). Nématodes parasites et associés à Ips sexdentatus et Ips typographus (Coleoptera, Scolytidae) en région parisienne. Nematologica, 24(2), 184-200.",,full text
NEW,466,Ips typographus,1733,Parasitorhabditis bellifonti,Nematode,parasite,,,,,,,"Lieutier and Laumond, 1978",1978,"Lieutier, F., & Laumond, C. (1978). Nématodes parasites et associés à Ips sexdentatus et Ips typographus (Coleoptera, Scolytidae) en région parisienne. Nematologica, 24(2), 184-200.",,full text
NEW,467,Ips typographus,1733,Parasitorhabditis subelongati,Nematode,parasite,,,,,,,"Lieutier and Laumond, 1978",1978,"Lieutier, F., & Laumond, C. (1978). Nématodes parasites et associés à Ips sexdentatus et Ips typographus (Coleoptera, Scolytidae) en région parisienne. Nematologica, 24(2), 184-200.",,full text
NEW,468,Ips sexdentatus,1728,Parasitorhabditis ipsophila,Nematode,parasite,,,,,,,"Lieutier and Laumond, 1984",1984,"Lieutier, F. (1984). Observations sur le parasitisme d’Ips sexdenta tus (Insecta: Scolytidae) par Parasitorhabditis ipsophila (Nematoda: Rhabditidae). Annales de parasitologie humaine et comparée, 59(5), 507-520.",,full text
NEW,469,Ips sexdentatus,1728,Parasitaphelenchus sp.,Nematode,parasite,France,,,,,,"Lieutier et al., 1982",1982,"Lieutier, F., Jastrabsky, M., & Bonnafe, P. (1982). Les variations pondérales du tissu adipeux et des ovaires, et les variations de longueur des ovocytes, chez Ips sexdentatus Boern (Coleoptera: Scolytidae); relations avec le parasitisme par les nématodes. Annales de Parasitologie Humaine et Comparée, 57(4), 407-418.",,full text
NEW,470,Ips sexdentatus,1728,Parasitaphelenchus sexdentati,Nematode,parasite,France,,,,,,"Lieutier et al., 1982",1982,"Lieutier, F., Jastrabsky, M., & Bonnafe, P. (1982). Les variations pondérales du tissu adipeux et des ovaires, et les variations de longueur des ovocytes, chez Ips sexdentatus Boern (Coleoptera: Scolytidae); relations avec le parasitisme par les nématodes. Annales de Parasitologie Humaine et Comparée, 57(4), 407-418.",,full text
NEW,471,Ips sexdentatus,1728,Contortylenchus diplogaster,Nematode,parasite,France,,,,,,"Lieutier et al., 1982",1982,"Lieutier, F., Jastrabsky, M., & Bonnafe, P. (1982). Les variations pondérales du tissu adipeux et des ovaires, et les variations de longueur des ovocytes, chez Ips sexdentatus Boern (Coleoptera: Scolytidae); relations avec le parasitisme par les nématodes. Annales de Parasitologie Humaine et Comparée, 57(4), 407-418.",,full text
NEW,472,Ips sexdentatus,1728,Parasitorhabditis ipsophila,Nematode,parasite,France,,,,,,"Lieutier, 1984a",1984,"Lieutier, F. (1984). Les perturbations induites par Parasitorhabditis ipsophila (Nematoda: Rhabditidae) dans le tube digestif d’Ips sexdentatus (Insecta: Scolytidae). Annales de parasitologie humaine et comparée, 59(6), 597-605.",,full text
NEW,473,Ips sexdentatus,1728,Parasitorhabditis ipsophila,Nematode,parasite,France,,,,,,"Lieutier, 1984b",1984,"Lieutier, F. (1984). Observations on the parasitism of Ips sexdentatus (Insecta: Scolytidae) by Parasitorhabditis ipsophila (Nematoda: Rhabditidae). Annales de parasitologie humaine et comparée , 59 (5), 507-520.",,full text
NEW,474,Phloeosinus sinensis,5592,Beauveria brongniartii,Fungi,pathogen,China,isolated from infected larva of Cerambycidae sp.,cuticular contact,morphological and molecular,pathogenicity test,laboratory,"Lin et al., 2025",2025,Identification of Entomopathogenous Fungus and Pathogenicity Test  of Phloeosinus sinensis Adult,,full text
NEW,475,Scolytus ensifer,5697,Stempellia scolyti,Microsporidia,,Germany,,hemocoel; midgut,morphological,pathogenicity test,laboratory,"Lipa, 1968",1968,"Lipa J.J. 1968. Stempellia scolyti Weiser com.nov. and Nosema scolyti n.sp. microsporidian parasites of four species of Scolytus (Coleoptera). Acta Protozoologica 6, 69-78.",,
NEW,476,Scolytus multistriatus,1147,Stempellia scolyti,Microsporidia,,Germany,,hemocoel; midgut,morphological,pathogenicity test,laboratory,"Lipa, 1968",1968,"Lipa J.J. 1968. Stempellia scolyti Weiser com.nov. and Nosema scolyti n.sp. microsporidian parasites of four species of Scolytus (Coleoptera). Acta Protozoologica 6, 69-78.",,
NEW,477,Scolytus pygmaeus,1165,Stempellia scolyti,Microsporidia,,Germany,,hemocoel; midgut,morphological,pathogenicity test,laboratory,"Lipa, 1968",1968,"Lipa J.J. 1968. Stempellia scolyti Weiser com.nov. and Nosema scolyti n.sp. microsporidian parasites of four species of Scolytus (Coleoptera). Acta Protozoologica 6, 69-78.",,
NEW,478,Scolytus scolytus,1172,Stempellia scolyti,Microsporidia,,Germany,,hemocoel; midgut,morphological,pathogenicity test,laboratory,"Lipa, 1968",1968,"Lipa J.J. 1968. Stempellia scolyti Weiser com.nov. and Nosema scolyti n.sp. microsporidian parasites of four species of Scolytus (Coleoptera). Acta Protozoologica 6, 69-78.",,
NEW,479,Scolytus ensifer,5697,Nosema scolyti,Microsporidia,,Germany,,midgut; malpighian tubules; hemocoel,morphological,pathogenicity test,laboratory,"Lipa, 1968",1968,"Lipa J.J. 1968. Stempellia scolyti Weiser com.nov. and Nosema scolyti n.sp. microsporidian parasites of four species of Scolytus (Coleoptera). Acta Protozoologica 6, 69-78.",,
NEW,480,Scolytus multistriatus,1147,Nosema scolyti,Microsporidia,,Germany,,midgut; malpighian tubules; hemocoel,morphological,pathogenicity test,laboratory,"Lipa, 1968",1968,"Lipa J.J. 1968. Stempellia scolyti Weiser com.nov. and Nosema scolyti n.sp. microsporidian parasites of four species of Scolytus (Coleoptera). Acta Protozoologica 6, 69-78.",,
NEW,481,Scolytus pygmaeus,1165,Nosema scolyti,Microsporidia,,Germany,,midgut; malpighian tubules; hemocoel,morphological,pathogenicity test,laboratory,"Lipa, 1968",1968,"Lipa J.J. 1968. Stempellia scolyti Weiser com.nov. and Nosema scolyti n.sp. microsporidian parasites of four species of Scolytus (Coleoptera). Acta Protozoologica 6, 69-78.",,
NEW,482,Scolytus scolytus,1172,Nosema scolyti,Microsporidia,,Germany,,midgut; malpighian tubules; hemocoel,morphological,pathogenicity test,laboratory,"Lipa, 1968",1968,"Lipa J.J. 1968. Stempellia scolyti Weiser com.nov. and Nosema scolyti n.sp. microsporidian parasites of four species of Scolytus (Coleoptera). Acta Protozoologica 6, 69-78.",,
NEW,483,Phloeosinus sinensis,5592,Beauveria bassiana,Fungi,pathogen,China,culture collection,,,virulence test,laboratory,"Liu and Yang, 1992",1992,A preliminary report on the virulence of Beauveria bassiana against Phloeosinus sinensis and three other insect pests,,full text
NEW,484,Euwallacea interjectus,1966,Beauveria bassiana,Fungi,pathogen,China,,,,pathogenicity test,laboratory,"Liu et al., 2025",2025,"Liu, J., Jiang, N., Gao, H., Lai, S., Zhou, Y., Hao, D., & Dai, L. (2025). Laboratory exploration of several potential biocontrol methods against the Ambrosia beetle, Euwallacea interjectus. Insects, 16(1), 56.",,full text
NEW,485,Euwallacea interjectus,1966,Serratia marcescens,Bacteria,pathogen,China,,,,pathogenicity test,laboratory,"Liu et al., 2025",2025,"Liu, J., Jiang, N., Gao, H., Lai, S., Zhou, Y., Hao, D., & Dai, L. (2025). Laboratory exploration of several potential biocontrol methods against the Ambrosia beetle, Euwallacea interjectus. Insects, 16(1), 56.",,full text
NEW,486,Hypothenemus hampei,2273,Beauveria bassiana,Fungi,pathogen,China,isolated from infected beetle,cuticular contact,morphological and molecular,pathogenicity test,laboratory,"Liu et al., 2026",2026,Isolation and Identification of Beauveria bassiana Strain Bb-QJC2 and Evaluation of its Pathogenicity Against the Coffee Berry Borer (Hypothenemus hampei),,full text
NEW,487,Ips typographus,1733,gut nematodes,Nematode,pathogen,Czech Republic,evaluation of pathogen from beetles,,,,,"Lukasova et al., 2013",2013,"Lukášová, K., Holuša, J., & Turčáni, M. (2013). Pathogens of Ips amitinus: new species and comparison with I ps typographus. Journal of Applied Entomology, 137(3), 188-196.",,full text
NEW,488,Ips typographus,1733,Chytridiopsis typographi,Microsporidia,pathogen,Czech Republic,evaluation of pathogen from beetles,,,,,"Lukasova et al., 2013",2013,"Lukášová, K., Holuša, J., & Turčáni, M. (2013). Pathogens of Ips amitinus: new species and comparison with I ps typographus. Journal of Applied Entomology, 137(3), 188-196.",,full text
NEW,489,Ips typographus,1733,Nosema typographi,Microsporidia,pathogen,Czech Republic,evaluation of pathogen from beetles,,,,,"Lukasova et al., 2013",2013,"Lukášová, K., Holuša, J., & Turčáni, M. (2013). Pathogens of Ips amitinus: new species and comparison with I ps typographus. Journal of Applied Entomology, 137(3), 188-196.",,full text
NEW,490,Ips typographus,1733,Gregarina typographi,Protist,pathogen,Czech Republic,evaluation of pathogen from beetles,,,,,"Lukasova et al., 2013",2013,"Lukášová, K., Holuša, J., & Turčáni, M. (2013). Pathogens of Ips amitinus: new species and comparison with I ps typographus. Journal of Applied Entomology, 137(3), 188-196.",,full text
NEW,491,Ips typographus,1733,Mattesia schwenkei,Protist,pathogen,Czech Republic,evaluation of pathogen from beetles,,,,,"Lukasova et al., 2013",2013,"Lukášová, K., Holuša, J., & Turčáni, M. (2013). Pathogens of Ips amitinus: new species and comparison with I ps typographus. Journal of Applied Entomology, 137(3), 188-196.",,full text
NEW,492,Ips typographus,1733,ItEPV,Virus,pathogen,Czech Republic,evaluation of pathogen from beetles,,,,,"Lukasova et al., 2013",2013,"Lukášová, K., Holuša, J., & Turčáni, M. (2013). Pathogens of Ips amitinus: new species and comparison with I ps typographus. Journal of Applied Entomology, 137(3), 188-196.",,full text
NEW,493,Ips amitinus,1696,gut nematodes,Nematode,pathogen,Czech Republic,evaluation of pathogen from beetles,,,,,"Lukasova et al., 2013",2013,"Lukášová, K., Holuša, J., & Turčáni, M. (2013). Pathogens of Ips amitinus: new species and comparison with I ps typographus. Journal of Applied Entomology, 137(3), 188-196.",,full text
NEW,494,Ips amitinus,1696,Chytridiopsis typographi,Microsporidia,pathogen,Czech Republic,evaluation of pathogen from beetles,,,,,"Lukasova et al., 2013",2013,"Lukášová, K., Holuša, J., & Turčáni, M. (2013). Pathogens of Ips amitinus: new species and comparison with I ps typographus. Journal of Applied Entomology, 137(3), 188-196.",,full text
NEW,495,Ips amitinus,1696,Metschnikowia typographi,Fungi,pathogen,Czech Republic,evaluation of pathogen from beetles,,,,,"Lukasova et al., 2013",2013,"Lukášová, K., Holuša, J., & Turčáni, M. (2013). Pathogens of Ips amitinus: new species and comparison with I ps typographus. Journal of Applied Entomology, 137(3), 188-196.",,full text
NEW,496,Ips amitinus,1696,Gregarina typographi,Protist,pathogen,Czech Republic,evaluation of pathogen from beetles,,,,,"Lukasova et al., 2013",2013,"Lukášová, K., Holuša, J., & Turčáni, M. (2013). Pathogens of Ips amitinus: new species and comparison with I ps typographus. Journal of Applied Entomology, 137(3), 188-196.",,full text
NEW,497,Ips amitinus,1696,Mattesia schwenkei,Protist,pathogen,Czech Republic,evaluation of pathogen from beetles,,,,,"Lukasova et al., 2013",2013,"Lukášová, K., Holuša, J., & Turčáni, M. (2013). Pathogens of Ips amitinus: new species and comparison with I ps typographus. Journal of Applied Entomology, 137(3), 188-196.",,full text
NEW,498,Ips amitinus,1696,ItEPV,Virus,pathogen,Czech Republic,evaluation of pathogen from beetles,,,,,"Lukasova et al., 2013",2013,"Lukášová, K., Holuša, J., & Turčáni, M. (2013). Pathogens of Ips amitinus: new species and comparison with I ps typographus. Journal of Applied Entomology, 137(3), 188-196.",,full text
NEW,499,Ips typographus,1733,Gregarina typographi,Protist,,Czech Republic,evaluation of pathogen from beetles,,morphological,,,"Lukášová and Holuša, 2015",2015,"Lukášová, K., & Holuša, J. (2015). Comparison of pathogens infection level in Ips typographus (Coleoptera: Curculionidae) beetles sampled in pheromone traps and at place of overwintering. Acta Parasitologica, 60(3), 462-465.",,full text
NEW,500,Ips typographus,1733,ItEPV,Virus,,Czech Republic,evaluation of pathogen from beetles,,morphological,,,"Lukášová and Holuša, 2015",2015,"Lukášová, K., & Holuša, J. (2015). Comparison of pathogens infection level in Ips typographus (Coleoptera: Curculionidae) beetles sampled in pheromone traps and at place of overwintering. Acta Parasitologica, 60(3), 462-465.",,full text
NEW,501,Ips typographus,1733,Nosema typographi,Microsporidia,,Czech Republic,evaluation of pathogen from beetles,,morphological,,,"Lukášová and Holuša, 2015",2015,"Lukášová, K., & Holuša, J. (2015). Comparison of pathogens infection level in Ips typographus (Coleoptera: Curculionidae) beetles sampled in pheromone traps and at place of overwintering. Acta Parasitologica, 60(3), 462-465.",,full text
NEW,502,Ips typographus,1733,Beauveria bassiana,Fungi,pathogen,,,,,pathogenicity test,,"Lutyk and Swiezynska, 1984",1984,"Lutyk P. & H. Swiezynska 1984. Trials to control the larger pine-shoot beetle (Tomicus piniperda L.) with the use of the fungus Beauveria bassiana (Bals.) Vuill. on piled wood. Sylwan, 9, 41-45.",,full text
NEW,503,Pityokteines curvidens,1747,Nosema curvidentis,Microsporidia,,,,,,,,Lysenko 1959,1959,"Lysenko, O. (1959). Report on diagnosis of bacteria isolated from insects (1954–1958). Entomophaga, 4(1), 15-22.",,full text
NEW,504,Pityokteines curvidens,1747,Serratia marcescens,Bacteria,,,,,,,,Lysenko 1959,1959,"Lysenko, O. (1959). Report on diagnosis of bacteria isolated from insects (1954–1958). Entomophaga, 4(1), 15-22.",,full text
NEW,505,Trypodendron lineatum,1874,Pseudomonas septica,Bacteria,,,,,,,,Lysenko 1959,1959,"Lysenko, O. (1959). Report on diagnosis of bacteria isolated from insects (1954–1958). Entomophaga, 4(1), 15-22.",,full text
NEW,506,Dendroctonus frontalis,479,Contortylenchus brevicomi,Nematode,parasite,United States,evaluation of infection from beetles,,,,,"MacGuidwin et al., 1980",1980,"MacGuidwin, A. E., Smart Jr, G. C., Wilkinson, R. C., & Allen, G. E. (1980). Effect of the nematode Contortylenchus brevicomi on gallery construction and fecundity of the southern pine beetle. Journal of nematology, 12(4), 278.",,full text
NEW,507,Dendroctonus frontalis,479,Unikaryon minutum,Microsporidia,parasite,United States,evaluation of infection from beetles,,,,,"MacGuidwin et al., 1980",1980,"MacGuidwin, A. E., Smart Jr, G. C., Wilkinson, R. C., & Allen, G. E. (1980). Effect of the nematode Contortylenchus brevicomi on gallery construction and fecundity of the southern pine beetle. Journal of nematology, 12(4), 278.",,full text
NEW,508,Trypodendron lineatum,1874,Beauveria bassiana,Fungi,,,,,,,,"Magema et al., 1981",1981,"Magema N., C. Verstraeten & C. Gaspar 1981. Les ennemis naturels du scolyte Trypodendron lineatum (Olivier, 1795) (Coleopetra, Scolytidae) dans la forest de Hazeilles et des Epioux. Annales de la Societe Royale Zoologique de Belgique 111, 89-95.",,non full-text 
NEW,509,Dendroctonus rufipennis,488,Beauveria bassiana,Fungi,,United States,,,morphological and molecular,virulence test,laboratory,"Mann and Davis, 2020",2020,"Mann, A. J., & Davis, T. S. (2020). Plant secondary metabolites and low temperature are the major limiting factors for Beauveria bassiana (Bals.-Criv.) Vuill.(Ascomycota: Hypocreales) growth and virulence in a bark beetle system. Biological Control, 141, 104130.",,full text
NEW,510,Ips typographus,1733,Beauveria bassiana,Fungi,,,,,,virulence test,laboratory,"Markova, 2000",2000,"Markova, G. (2000). Pathogenicity of several entomogenous fungi to some of the most serious forest insect pests in Europe.",,only English abstract
NEW,511,Ips typographus,1733,Paecilomyces farinosus,Fungi,,,,,,virulence test,laboratory,"Markova, 2000",2000,"Markova, G. (2000). Pathogenicity of several entomogenous fungi to some of the most serious forest insect pests in Europe.",,only English abstract
NEW,512,Ips typographus,1733,Metarhizium anisopliae,Fungi,,,,,,virulence test,laboratory,"Markova, 2000",2000,"Markova, G. (2000). Pathogenicity of several entomogenous fungi to some of the most serious forest insect pests in Europe.",,only English abstract
NEW,513,Ips typographus,1733,Verticillium lecanii,Fungi,,,,,,virulence test,laboratory,"Markova, 2000",2000,"Markova, G. (2000). Pathogenicity of several entomogenous fungi to some of the most serious forest insect pests in Europe.",,only English abstract
NEW,514,Dendroctonus rufipennis,488,Ektaphelenchus obtusus,Nematode,parasite,,,,,,,"Massey, 1956",1956,"Massey, C. L. (1956). Nematode parasites and associates of the Engelmann spruce beetle (Dendroctonus engelmanni Hopk.).",,only English abstract
NEW,515,Dendroctonus rufipennis,488,Sphaerularia dendroctoni,Nematode,parasite,,,,,,,"Massey, 1956",1956,"Massey, C. L. (1956). Nematode parasites and associates of the Engelmann spruce beetle (Dendroctonus engelmanni Hopk.).",,only English abstract
NEW,516,Dendroctonus barberi,9676,Alphelenchulus barberus,Nematode,parasite,United States,,,,,,"Massey, 1957",1957,"Massey, C. L. (1957). Four new species of Alphelenchulus (Nematoda) parasitic in bark beetles in the United States.",,only English abstract
NEW,517,Dendroctonus frontalis,479,Alphelenchulus barberus,Nematode,parasite,United States,,,,,,"Massey, 1957",1957,"Massey, C. L. (1957). Four new species of Alphelenchulus (Nematoda) parasitic in bark beetles in the United States.",,only English abstract
NEW,518,Dendroctonus brevicomis,478,Alphelenchulus brevicomi,Nematode,parasite,United States,,,,,,"Massey, 1957",1957,"Massey, C. L. (1957). Four new species of Alphelenchulus (Nematoda) parasitic in bark beetles in the United States.",,only English abstract
NEW,519,Ips pini,1725,Alphelenchulus spirus,Nematode,parasite,United States,,,,,,"Massey, 1957",1957,"Massey, C. L. (1957). Four new species of Alphelenchulus (Nematoda) parasitic in bark beetles in the United States.",,only English abstract
NEW,520,Ips grandicollis,1709,Alphelenchulus grandicolli,Nematode,parasite,United States,,,,,,"Massey, 1957",1957,"Massey, C. L. (1957). Four new species of Alphelenchulus (Nematoda) parasitic in bark beetles in the United States.",,only English abstract
NEW,521,Ips confusus,1706,Aphelenchulus elongatus,Nematode,parasite,United States,,,,,,"Massey, 1960",1960,"Massey, C. L. (1960). Nematode parasites and associates of the California five-spined engraver, Ips confusus (Lec.).",,only English abstract
NEW,522,Ips confusus,1706,Parasitaphelenchus sp.,Nematode,parasite; no harm to the host,United States,,,,,,"Massey, 1960",1960,"Massey, C. L. (1960). Nematode parasites and associates of the California five-spined engraver, Ips confusus (Lec.).",,only English abstract
NEW,523,Ips confusus,1706,Parasitorhabditis obtusa,Nematode,parasite,United States,,,,,,"Massey, 1960",1960,"Massey, C. L. (1960). Nematode parasites and associates of the California five-spined engraver, Ips confusus (Lec.).",,only English abstract
NEW,524,Ips confusus,1706,Diplogaster bandelieri,Nematode,,United States,,,,,,"Massey, 1960",1960,"Massey, C. L. (1960). Nematode parasites and associates of the California five-spined engraver, Ips confusus (Lec.).",,only English abstract
NEW,525,Scolytus ventralis,1186,Parasitylenchus elongatus,Nematode,parasite,United States,,,,,,"Massey, 1964a",1964,"Massey, C.L., 1964a. The nematode parasites and associates of the fir engraver beetle, Scolytus ventralis Le Conte, in New Mexico. J. Insect Pathol. 6, 133–155.",,only English abstract
NEW,526,Scolytus ventralis,1186,Parasitylenchus scrutillus,Nematode,parasite,United States,,,,,,"Massey, 1964a",1964,"Massey, C.L., 1964a. The nematode parasites and associates of the fir engraver beetle, Scolytus ventralis Le Conte, in New Mexico. J. Insect Pathol. 6, 133–155.",,only English abstract
NEW,527,Scolytus ventralis,1186,Panagrolaimus judithae,Nematode,associate?,United States,,,,,,"Massey, 1964a",1964,"Massey, C.L., 1964a. The nematode parasites and associates of the fir engraver beetle, Scolytus ventralis Le Conte, in New Mexico. J. Insect Pathol. 6, 133–155.",,only English abstract
NEW,528,Scolytus ventralis,1186,Panagrolaimus concolor,Nematode,associate?,United States,,,,,,"Massey, 1964a",1964,"Massey, C.L., 1964a. The nematode parasites and associates of the fir engraver beetle, Scolytus ventralis Le Conte, in New Mexico. J. Insect Pathol. 6, 133–155.",,only English abstract
NEW,529,Scolytus ventralis,1186,Plectonchus wyganti,Nematode,associate?,United States,,,,,,"Massey, 1964a",1964,"Massey, C.L., 1964a. The nematode parasites and associates of the fir engraver beetle, Scolytus ventralis Le Conte, in New Mexico. J. Insect Pathol. 6, 133–155.",,only English abstract
NEW,530,Scolytus ventralis,1186,Panagrobelus scolyti,Nematode,associate?,United States,,,,,,"Massey, 1964a",1964,"Massey, C.L., 1964a. The nematode parasites and associates of the fir engraver beetle, Scolytus ventralis Le Conte, in New Mexico. J. Insect Pathol. 6, 133–155.",,only English abstract
NEW,531,Scolytus ventralis,1186,Bunonema newmexicana,Nematode,associate?,United States,,,,,,"Massey, 1964a",1964,"Massey, C.L., 1964a. The nematode parasites and associates of the fir engraver beetle, Scolytus ventralis Le Conte, in New Mexico. J. Insect Pathol. 6, 133–155.",,only English abstract
NEW,532,Scolytus ventralis,1186,Ektaphelenchus sandiaensis,Nematode,associate?,United States,,,,,,"Massey, 1964a",1964,"Massey, C.L., 1964a. The nematode parasites and associates of the fir engraver beetle, Scolytus ventralis Le Conte, in New Mexico. J. Insect Pathol. 6, 133–155.",,only English abstract
NEW,533,Scolytus ventralis,1186,Bursaphelenchus wilfordi,Nematode,associate?,United States,,,,,,"Massey, 1964a",1964,"Massey, C.L., 1964a. The nematode parasites and associates of the fir engraver beetle, Scolytus ventralis Le Conte, in New Mexico. J. Insect Pathol. 6, 133–155.",,only English abstract
NEW,534,Scolytus ventralis,1186,Plectus eurycerus,Nematode,associate?,United States,,,,,,"Massey, 1964a",1964,"Massey, C.L., 1964a. The nematode parasites and associates of the fir engraver beetle, Scolytus ventralis Le Conte, in New Mexico. J. Insect Pathol. 6, 133–155.",,only English abstract
NEW,535,Scolytus ventralis,1186,Plectus makrodemas,Nematode,associate?,United States,,,,,,"Massey, 1964a",1964,"Massey, C.L., 1964a. The nematode parasites and associates of the fir engraver beetle, Scolytus ventralis Le Conte, in New Mexico. J. Insect Pathol. 6, 133–155.",,only English abstract
NEW,536,Scolytus ventralis,1186,Panagromacra margaretae,Nematode,associate?,United States,,,,,,"Massey, 1964a",1964,"Massey, C.L., 1964a. The nematode parasites and associates of the fir engraver beetle, Scolytus ventralis Le Conte, in New Mexico. J. Insect Pathol. 6, 133–155.",,only English abstract
NEW,537,Dendroctonus rufipennis,488,Ektaphelenchus riograndensis,Nematode,parasite,United States,,,,,,"Massey, 1964b",1964,"Massey, C.L., 1964b. Two new species of the nematode genus Ektaphelenchus (Nematoda: Aphelenchoididae) parasites of bark beetles in the south-western United States. Proc. Helminthol. Soc. Wash. 31, 37–40.",,only English abstract
NEW,538,Dendroctonus barberi,9676,Ektaphelenchus riograndensis,Nematode,parasite,United States,,,,,,"Massey, 1964b",1964,"Massey, C.L., 1964b. Two new species of the nematode genus Ektaphelenchus (Nematoda: Aphelenchoididae) parasites of bark beetles in the south-western United States. Proc. Helminthol. Soc. Wash. 31, 37–40.",,only English abstract
NEW,539,Ips integer,1712,Ektaphelenchus riograndensis,Nematode,parasite,United States,,,,,,"Massey, 1964b",1964,"Massey, C.L., 1964b. Two new species of the nematode genus Ektaphelenchus (Nematoda: Aphelenchoididae) parasites of bark beetles in the south-western United States. Proc. Helminthol. Soc. Wash. 31, 37–40.",,only English abstract
NEW,540,Ips calligraphus,1704,Ektaphelenchus riograndensis,Nematode,parasite,United States,,,,,,"Massey, 1964b",1964,"Massey, C.L., 1964b. Two new species of the nematode genus Ektaphelenchus (Nematoda: Aphelenchoididae) parasites of bark beetles in the south-western United States. Proc. Helminthol. Soc. Wash. 31, 37–40.",,only English abstract
NEW,541,Ips lecontei,1715,Ektaphelenchus riograndensis,Nematode,parasite,United States,,,,,,"Massey, 1964b",1964,"Massey, C.L., 1964b. Two new species of the nematode genus Ektaphelenchus (Nematoda: Aphelenchoididae) parasites of bark beetles in the south-western United States. Proc. Helminthol. Soc. Wash. 31, 37–40.",,only English abstract
NEW,542,Ips pini,1725,Ektaphelenchus riograndensis,Nematode,parasite,United States,,,,,,"Massey, 1964b",1964,"Massey, C.L., 1964b. Two new species of the nematode genus Ektaphelenchus (Nematoda: Aphelenchoididae) parasites of bark beetles in the south-western United States. Proc. Helminthol. Soc. Wash. 31, 37–40.",,only English abstract
NEW,543,Dryocoetes confusus,1840,Ektaphelenchus prolobos,Nematode,parasite,United States,,,,,,"Massey, 1964b",1964,"Massey, C.L., 1964b. Two new species of the nematode genus Ektaphelenchus (Nematoda: Aphelenchoididae) parasites of bark beetles in the south-western United States. Proc. Helminthol. Soc. Wash. 31, 37–40.",,only English abstract
NEW,544,Dendroctonus adjunctus,476,Parasitylenchus stipatus,Nematode,internal parasite,United States,,,,,,"Massey, 1966a",1966,"Massey, C. L. (1966). The nematode parasites and associates of Dendroctonus adjunctus (Coleoptera: Scolytidae) in New Mexico. Annals of the Entomological Society of America, 59(3), 424-440.",,
NEW,545,Dendroctonus adjunctus,476,Parasitaphelenchus dendroctoni,Nematode,internal parasite,United States,,,,,,"Massey, 1966a",1966,"Massey, C. L. (1966). The nematode parasites and associates of Dendroctonus adjunctus (Coleoptera: Scolytidae) in New Mexico. Annals of the Entomological Society of America, 59(3), 424-440.",,
NEW,546,Dendroctonus pseudotsugae,485,Neoditylenchus puniwopus,Nematode,associate,United States,,,,,,"Massey, 1969",1969,"Massey, C.L., 1969. New species of tylenchs associated with bark beetles in New Mexico and Colorado. Proc. Helminthol. Soc. Wash. 64, 43–52.",,
NEW,547,Dendroctonus rufipennis,488,Neoditylenchus yasinskii,Nematode,associate,United States,,,,,,"Massey, 1969",1969,"Massey, C.L., 1969. New species of tylenchs associated with bark beetles in New Mexico and Colorado. Proc. Helminthol. Soc. Wash. 64, 43–52.",,
NEW,548,Scolytus multistriatus,1147,Sychnotylenchus scolyti,Nematode,associate,United States,,,,,,"Massey, 1969",1969,"Massey, C.L., 1969. New species of tylenchs associated with bark beetles in New Mexico and Colorado. Proc. Helminthol. Soc. Wash. 64, 43–52.",,
NEW,549,Phloeosinus sp. undetermined,3341,Sychnotylenchus phloeosini,Nematode,associate,United States,,,,,,"Massey, 1969",1969,"Massey, C.L., 1969. New species of tylenchs associated with bark beetles in New Mexico and Colorado. Proc. Helminthol. Soc. Wash. 64, 43–52.",,
NEW,550,Dendroctonus rufipennis,488,Aglenchus exignus,Nematode,associate,United States,,,,,,"Massey, 1969",1969,"Massey, C.L., 1969. New species of tylenchs associated with bark beetles in New Mexico and Colorado. Proc. Helminthol. Soc. Wash. 64, 43–52.",,
NEW,551,Dendroctonus rufipennis,488,Neotylenchus nitidus,Nematode,associate,United States,,,,,,"Massey, 1969",1969,"Massey, C.L., 1969. New species of tylenchs associated with bark beetles in New Mexico and Colorado. Proc. Helminthol. Soc. Wash. 64, 43–52.",,
NEW,552,Dendroctonus adjunctus,476,Parasitylenchus stipatus,Nematode,parasite,United States,,,,,,"Massey, 1974",1974,"Massey, C. L. (1974). Biology and taxonomy of nematode parasites and associates of bark beetles in the United States (No. 446). Forest Service, US Department of Agriculture.",,full text
NEW,553,Dendroctonus adjunctus,476,Parasitaphelenchus dendroctoni,Nematode,parasite,United States,,,,,,"Massey, 1974",1974,"Massey, C. L. (1974). Biology and taxonomy of nematode parasites and associates of bark beetles in the United States (No. 446). Forest Service, US Department of Agriculture.",,full text
NEW,554,Dendroctonus brevicomis,478,Contortylenchus brevicomi,Nematode,parasite,United States,,,,,,"Massey, 1974",1974,"Massey, C. L. (1974). Biology and taxonomy of nematode parasites and associates of bark beetles in the United States (No. 446). Forest Service, US Department of Agriculture.",,full text
NEW,555,Dendroctonus frontalis,479,Contortylenchus brevicomi,Nematode,parasite,United States,,,,,,"Massey, 1974",1974,"Massey, C. L. (1974). Biology and taxonomy of nematode parasites and associates of bark beetles in the United States (No. 446). Forest Service, US Department of Agriculture.",,full text
NEW,556,Dendroctonus ponderosae,484,Contortylenchus reversus,Nematode,parasite,United States,,,,,,"Massey, 1974",1974,"Massey, C. L. (1974). Biology and taxonomy of nematode parasites and associates of bark beetles in the United States (No. 446). Forest Service, US Department of Agriculture.",,full text
NEW,557,Dendroctonus pseudotsugae,485,Contortylenchus reversus,Nematode,parasite,United States,,,,,,"Massey, 1974",1974,"Massey, C. L. (1974). Biology and taxonomy of nematode parasites and associates of bark beetles in the United States (No. 446). Forest Service, US Department of Agriculture.",,full text
NEW,558,Dendroctonus pseudotsugae,485,Parasitylenchus beccus,Nematode,parasite,United States,,,,,,"Massey, 1974",1974,"Massey, C. L. (1974). Biology and taxonomy of nematode parasites and associates of bark beetles in the United States (No. 446). Forest Service, US Department of Agriculture.",,full text
NEW,559,Dendroctonus rufipennis,488,Sphaerularia dendroctoni,Nematode,parasite,United States,,,,,,"Massey, 1974",1974,"Massey, C. L. (1974). Biology and taxonomy of nematode parasites and associates of bark beetles in the United States (No. 446). Forest Service, US Department of Agriculture.",,full text
NEW,560,Dendroctonus rufipennis,488,Contortylenchus reversus,Nematode,parasite,United States,,,,,,"Massey, 1974",1974,"Massey, C. L. (1974). Biology and taxonomy of nematode parasites and associates of bark beetles in the United States (No. 446). Forest Service, US Department of Agriculture.",,full text
NEW,561,Dendroctonus terebrans,490,Contortylenchus terebranus,Nematode,parasite,United States,,,,,,"Massey, 1974",1974,"Massey, C. L. (1974). Biology and taxonomy of nematode parasites and associates of bark beetles in the United States (No. 446). Forest Service, US Department of Agriculture.",,full text
NEW,562,Dendroctonus valens,491,Contortylenchus sp.,Nematode,parasite,United States,,,,,,"Massey, 1974",1974,"Massey, C. L. (1974). Biology and taxonomy of nematode parasites and associates of bark beetles in the United States (No. 446). Forest Service, US Department of Agriculture.",,full text
NEW,563,Ips avulsus,1698,Parasitylenchus avulsi,Nematode,parasite,United States,,,,,,"Massey, 1974",1974,"Massey, C. L. (1974). Biology and taxonomy of nematode parasites and associates of bark beetles in the United States (No. 446). Forest Service, US Department of Agriculture.",,full text
NEW,564,Ips calligraphus,1704,Contortylenchus grandicolli,Nematode,parasite,United States,,,,,,"Massey, 1974",1974,"Massey, C. L. (1974). Biology and taxonomy of nematode parasites and associates of bark beetles in the United States (No. 446). Forest Service, US Department of Agriculture.",,full text
NEW,565,Ips confusus,1706,Contortylenchus elongatus,Nematode,parasite,United States,,,,,,"Massey, 1974",1974,"Massey, C. L. (1974). Biology and taxonomy of nematode parasites and associates of bark beetles in the United States (No. 446). Forest Service, US Department of Agriculture.",,full text
NEW,566,Ips cribricollis,3730,Contortylenchus cribicolli,Nematode,parasite,United States,,,,,,"Massey, 1974",1974,"Massey, C. L. (1974). Biology and taxonomy of nematode parasites and associates of bark beetles in the United States (No. 446). Forest Service, US Department of Agriculture.",,full text
NEW,567,Ips grandicollis,1709,Contortylenchus grandicolli,Nematode,parasite,United States,,,,,,"Massey, 1974",1974,"Massey, C. L. (1974). Biology and taxonomy of nematode parasites and associates of bark beetles in the United States (No. 446). Forest Service, US Department of Agriculture.",,full text
NEW,568,Ips pilifrons,1721,Contortylenchus spirus,Nematode,parasite,United States,,,,,,"Massey, 1974",1974,"Massey, C. L. (1974). Biology and taxonomy of nematode parasites and associates of bark beetles in the United States (No. 446). Forest Service, US Department of Agriculture.",,full text
NEW,569,Ips pini,1725,Parasitylenchus ipinius,Nematode,parasite,United States,,,,,,"Massey, 1974",1974,"Massey, C. L. (1974). Biology and taxonomy of nematode parasites and associates of bark beetles in the United States (No. 446). Forest Service, US Department of Agriculture.",,full text
NEW,570,Ips pini,1725,Parasitylenchus ovarius,Nematode,parasite,United States,,,,,,"Massey, 1974",1974,"Massey, C. L. (1974). Biology and taxonomy of nematode parasites and associates of bark beetles in the United States (No. 446). Forest Service, US Department of Agriculture.",,full text
NEW,571,Ips pini,1725,Contortylenchus spirus,Nematode,parasite,United States,,,,,,"Massey, 1974",1974,"Massey, C. L. (1974). Biology and taxonomy of nematode parasites and associates of bark beetles in the United States (No. 446). Forest Service, US Department of Agriculture.",,full text
NEW,572,Hylurgops pinifex,413,Parasitylenchus coronatus,Nematode,parasite,United States,,,,,,"Massey, 1974",1974,"Massey, C. L. (1974). Biology and taxonomy of nematode parasites and associates of bark beetles in the United States (No. 446). Forest Service, US Department of Agriculture.",,full text
NEW,573,Hylurgops pinifex,413,Contortylenchus sp.,Nematode,parasite,United States,,,,,,"Massey, 1974",1974,"Massey, C. L. (1974). Biology and taxonomy of nematode parasites and associates of bark beetles in the United States (No. 446). Forest Service, US Department of Agriculture.",,full text
NEW,574,Hylesinus aculeatus,432,Parasitylenchus lepersini,Nematode,parasite,United States,,,,,,"Massey, 1974",1974,"Massey, C. L. (1974). Biology and taxonomy of nematode parasites and associates of bark beetles in the United States (No. 446). Forest Service, US Department of Agriculture.",,full text
NEW,575,Orthotomicus caelatus,1735,Parasitylenchus oriundus,Nematode,parasite,United States,,,,,,"Massey, 1974",1974,"Massey, C. L. (1974). Biology and taxonomy of nematode parasites and associates of bark beetles in the United States (No. 446). Forest Service, US Department of Agriculture.",,full text
NEW,576,Pityophthorus sp. undetermined,2799,Contortylenchus pityophthori,Nematode,parasite,United States,,,,,,"Massey, 1974",1974,"Massey, C. L. (1974). Biology and taxonomy of nematode parasites and associates of bark beetles in the United States (No. 446). Forest Service, US Department of Agriculture.",,full text
NEW,577,Pityophthorus sp. undetermined,2799,Parasitaphelenchus sp.,Nematode,parasite,United States,,,,,,"Massey, 1974",1974,"Massey, C. L. (1974). Biology and taxonomy of nematode parasites and associates of bark beetles in the United States (No. 446). Forest Service, US Department of Agriculture.",,full text
NEW,578,Pityophthorus sp. undetermined,2799,Parasitylenchus sp.,Nematode,parasite,United States,,,,,,"Massey, 1974",1974,"Massey, C. L. (1974). Biology and taxonomy of nematode parasites and associates of bark beetles in the United States (No. 446). Forest Service, US Department of Agriculture.",,full text
NEW,579,Polygraphus hoppingi,1035,Parasitylenchus parasitus,Nematode,parasite,United States,,,,,,"Massey, 1974",1974,"Massey, C. L. (1974). Biology and taxonomy of nematode parasites and associates of bark beetles in the United States (No. 446). Forest Service, US Department of Agriculture.",,full text
NEW,580,Scolytus multistriatus,1147,Parasitaphelenchus sp.,Nematode,parasite,United States,,,,,,"Massey, 1974",1974,"Massey, C. L. (1974). Biology and taxonomy of nematode parasites and associates of bark beetles in the United States (No. 446). Forest Service, US Department of Agriculture.",,full text
NEW,581,Scolytus ventralis,1186,Parasitylenchus elongatus,Nematode,parasite,United States,,,,,,"Massey, 1974",1974,"Massey, C. L. (1974). Biology and taxonomy of nematode parasites and associates of bark beetles in the United States (No. 446). Forest Service, US Department of Agriculture.",,full text
NEW,582,Ips typographus,1733,Beauveria bassiana,Fungi,,,,,,pathogenicity test,,"Matha and Weiser, 1985",1985,"Matha V. & J. Weiser 1985. Effect of the fungus Beauveria bassiana on adult bark beetles Ips typographus. Conference Biological and Biotechnical Control of Forest Pests, Tabor (CSFR).",,non full-text 
NEW,583,Ips typographus,1733,Chytridiopsis typographi,Microsporidia,pathogen,Slovakia,evaluation of pathogen from beetles,,,,,"Michalková et al., 2012",2012,"Michalková, V., Krascsenitsová, E., & Kozánek, M. (2012). On the pathogens of the spruce bark beetle Ips typographus (Coleoptera: Scolytinae) in the Western Carpathians. Biologia, 67(1), 217-221.",,full text
NEW,584,Ips typographus,1733,Gregarina typographi,Protist,pathogen,Slovakia,evaluation of pathogen from beetles,,,,,"Michalková et al., 2012",2012,"Michalková, V., Krascsenitsová, E., & Kozánek, M. (2012). On the pathogens of the spruce bark beetle Ips typographus (Coleoptera: Scolytinae) in the Western Carpathians. Biologia, 67(1), 217-221.",,full text
NEW,585,Ips typographus,1733,Malamoeba scolyti,Protist,pathogen,Slovakia,evaluation of pathogen from beetles,,,,,"Michalková et al., 2012",2012,"Michalková, V., Krascsenitsová, E., & Kozánek, M. (2012). On the pathogens of the spruce bark beetle Ips typographus (Coleoptera: Scolytinae) in the Western Carpathians. Biologia, 67(1), 217-221.",,full text
NEW,586,Ips typographus,1733,Neoparasitylenchus sp.,Nematode,pathogen,Slovakia,evaluation of pathogen from beetles,,,,,"Michalková et al., 2012",2012,"Michalková, V., Krascsenitsová, E., & Kozánek, M. (2012). On the pathogens of the spruce bark beetle Ips typographus (Coleoptera: Scolytinae) in the Western Carpathians. Biologia, 67(1), 217-221.",,full text
NEW,587,Ips typographus,1733,unidentified nematode species,Nematode,pathogen,Slovakia,evaluation of pathogen from beetles,,,,,"Michalková et al., 2012",2012,"Michalková, V., Krascsenitsová, E., & Kozánek, M. (2012). On the pathogens of the spruce bark beetle Ips typographus (Coleoptera: Scolytinae) in the Western Carpathians. Biologia, 67(1), 217-221.",,full text
NEW,588,Ips typographus,1733,Beauveria bassiana,Fungi,pathogen,Slovakia,evaluation of pathogen from beetles,,,,,"Michalková et al., 2012",2012,"Michalková, V., Krascsenitsová, E., & Kozánek, M. (2012). On the pathogens of the spruce bark beetle Ips typographus (Coleoptera: Scolytinae) in the Western Carpathians. Biologia, 67(1), 217-221.",,full text
NEW,589,Ips typographus,1733,Beauveria bassiana,Fungi,pathogen,Serbia,isolated from infected beetle,,morphological and molecular,,,"Milosavljević et al., 2021",2021,"Milosavljević, M., Tabaković-Tošić, M., Radulović, Z., Marković, M., & Rindoš, M. (2021). Isolation, identification and phylogenetic position of entomopathogenic fungus Beauveria bassiana from Ips typographus in Serbia. Fresenius Environ. Bull, 30, 9443-9448.",,full text
NEW,590,Ips typographus,1733,Beauveria bassiana,Fungi,pathogen,Serbia,isolated from infected beetle,cuticular contact,,pathogenicity test,laboratory,"Milosavljević et al., 2026",2026,"Milosavljević, M., Tabaković-Tošić, M., Stajić, S., Mitrović, S., Radulović, Z., Poduška, Z., & Gavrilović, B. (2026). Biocontrol Potential of Indigenous Beauveria bassiana Strain Against Ips typographus from Tara National Park Under Varying Temperature Regimes. Šumarski list, 150(5-6), 219-227.",,full text
NEW,591,Hypothenemus hampei,2273,Beauveria bassiana,Fungi,associate; occurrence survey,Nicaragua,isolated from infected beetle,,morphological,,,"Monzón et al., 2007",2007,"Monzón, A., Klingen, I., Guharay, F., & Papierok, B. (2007). Naturally occurring Beauveria bassiana in Hypothenemus hampei populations in unsprayed coffee fields. IOBC WPRS BULLETIN, 30(1), 131.",,full text
NEW,592,Dendroctonus frontalis,479,Serratia marcescens,Bacteria,pathogen,United States,evaluation of pathogen from beetles,,,,,Moore 1971,1971,"Moore G.E. 1971. Mortality Factors Caused by Pathogenic Bacteria and Fungi of the Southern Pine Beetle in North Carolina. Journal of Invertebrate Pathology 17, 28-37.",,full text
NEW,593,Dendroctonus frontalis,479,Pseudomonas aeruginosa,Bacteria,pathogen,United States,evaluation of pathogen from beetles,,,,,Moore 1971,1971,"Moore G.E. 1971. Mortality Factors Caused by Pathogenic Bacteria and Fungi of the Southern Pine Beetle in North Carolina. Journal of Invertebrate Pathology 17, 28-37.",,full text
NEW,594,Dendroctonus frontalis,479,Bacillus thuringiensis var. thuringiensis,Bacteria,pathogen,United States,evaluation of pathogen from beetles,,,,,Moore 1971,1971,"Moore G.E. 1971. Mortality Factors Caused by Pathogenic Bacteria and Fungi of the Southern Pine Beetle in North Carolina. Journal of Invertebrate Pathology 17, 28-37.",,full text
NEW,595,Dendroctonus frontalis,479,Flavobacterium sp.,Bacteria,pathogen,United States,evaluation of pathogen from beetles,,,,,Moore 1971,1971,"Moore G.E. 1971. Mortality Factors Caused by Pathogenic Bacteria and Fungi of the Southern Pine Beetle in North Carolina. Journal of Invertebrate Pathology 17, 28-37.",,full text
NEW,596,Dendroctonus frontalis,479,Bacillus cereus,Bacteria,pathogen,United States,evaluation of pathogen from beetles,,,,,Moore 1971,1971,"Moore G.E. 1971. Mortality Factors Caused by Pathogenic Bacteria and Fungi of the Southern Pine Beetle in North Carolina. Journal of Invertebrate Pathology 17, 28-37.",,full text
NEW,597,Dendroctonus frontalis,479,Pseudomonas fluorescens,Bacteria,pathogen,United States,evaluation of pathogen from beetles,,,,,Moore 1971,1971,"Moore G.E. 1971. Mortality Factors Caused by Pathogenic Bacteria and Fungi of the Southern Pine Beetle in North Carolina. Journal of Invertebrate Pathology 17, 28-37.",,full text
NEW,598,Dendroctonus frontalis,479,Fusarium solani,Fungi,pathogen,United States,evaluation of pathogen from beetles,,,,,Moore 1971,1971,"Moore G.E. 1971. Mortality Factors Caused by Pathogenic Bacteria and Fungi of the Southern Pine Beetle in North Carolina. Journal of Invertebrate Pathology 17, 28-37.",,full text
NEW,599,Dendroctonus frontalis,479,Beauveria bassiana,Fungi,pathogen,United States,evaluation of pathogen from beetles,,,,,Moore 1971,1971,"Moore G.E. 1971. Mortality Factors Caused by Pathogenic Bacteria and Fungi of the Southern Pine Beetle in North Carolina. Journal of Invertebrate Pathology 17, 28-37.",,full text
NEW,600,Dendroctonus frontalis,479,Aspergillus flavus,Fungi,pathogen,United States,evaluation of pathogen from beetles,,,,,Moore 1971,1971,"Moore G.E. 1971. Mortality Factors Caused by Pathogenic Bacteria and Fungi of the Southern Pine Beetle in North Carolina. Journal of Invertebrate Pathology 17, 28-37.",,full text
NEW,601,Dendroctonus frontalis,479,Cephalosporium sp.,Fungi,pathogen,United States,evaluation of pathogen from beetles,,,,,Moore 1971,1971,"Moore G.E. 1971. Mortality Factors Caused by Pathogenic Bacteria and Fungi of the Southern Pine Beetle in North Carolina. Journal of Invertebrate Pathology 17, 28-37.",,full text
NEW,602,Dendroctonus frontalis,479,Metarhizium anisopliae,Fungi,pathogen,United States,evaluation of pathogen from beetles,,,,,Moore 1971,1971,"Moore G.E. 1971. Mortality Factors Caused by Pathogenic Bacteria and Fungi of the Southern Pine Beetle in North Carolina. Journal of Invertebrate Pathology 17, 28-37.",,full text
NEW,603,Dendroctonus frontalis,479,Paecilomyces sp.,Fungi,pathogen,United States,evaluation of pathogen from beetles,,,,,Moore 1971,1971,"Moore G.E. 1971. Mortality Factors Caused by Pathogenic Bacteria and Fungi of the Southern Pine Beetle in North Carolina. Journal of Invertebrate Pathology 17, 28-37.",,full text
NEW,604,Dendroctonus frontalis,479,Scopulariopsis sp.,Fungi,pathogen,United States,evaluation of pathogen from beetles,,,,,Moore 1971,1971,"Moore G.E. 1971. Mortality Factors Caused by Pathogenic Bacteria and Fungi of the Southern Pine Beetle in North Carolina. Journal of Invertebrate Pathology 17, 28-37.",,full text
NEW,605,Dendroctonus frontalis,479,Aerobacter aerogenes,Bacteria,,United States,isolated from beetle,,,,,Moore 1972a,1972,"Moore G.E. 1972. Microflora from the Alimentary Tract of Healthy Southern Pine Beetles, Dendroctonus frontalis (Scolytidae), and Their Possible Relationship to Pathogenicity. Journal of Invertebrate Pathology 19, 72-75.",,full text
NEW,606,Dendroctonus frontalis,479,Alcaligenes faecalis,Bacteria,,United States,isolated from beetle,,,,,Moore 1972a,1972,"Moore G.E. 1972. Microflora from the Alimentary Tract of Healthy Southern Pine Beetles, Dendroctonus frontalis (Scolytidae), and Their Possible Relationship to Pathogenicity. Journal of Invertebrate Pathology 19, 72-75.",,full text
NEW,607,Dendroctonus frontalis,479,Serratia marcescens,Bacteria,,United States,isolated from beetle,,,,,Moore 1972a,1972,"Moore G.E. 1972. Microflora from the Alimentary Tract of Healthy Southern Pine Beetles, Dendroctonus frontalis (Scolytidae), and Their Possible Relationship to Pathogenicity. Journal of Invertebrate Pathology 19, 72-75.",,full text
NEW,608,Dendroctonus frontalis,479,Bacillus cereus,Bacteria,,United States,isolated from beetle,,,,,Moore 1972a,1972,"Moore G.E. 1972. Microflora from the Alimentary Tract of Healthy Southern Pine Beetles, Dendroctonus frontalis (Scolytidae), and Their Possible Relationship to Pathogenicity. Journal of Invertebrate Pathology 19, 72-75.",,full text
NEW,609,Dendroctonus frontalis,479,Beauveria bassiana,Fungi,pathogen,United States,isolated from beetle,,,,,Moore 1972a,1972,"Moore G.E. 1972. Microflora from the Alimentary Tract of Healthy Southern Pine Beetles, Dendroctonus frontalis (Scolytidae), and Their Possible Relationship to Pathogenicity. Journal of Invertebrate Pathology 19, 72-75.",,full text
NEW,610,Dendroctonus frontalis,479,Aspergillus flavus,Fungi,,United States,isolated from beetle,,,,,Moore 1972a,1972,"Moore G.E. 1972. Microflora from the Alimentary Tract of Healthy Southern Pine Beetles, Dendroctonus frontalis (Scolytidae), and Their Possible Relationship to Pathogenicity. Journal of Invertebrate Pathology 19, 72-75.",,full text
NEW,611,Dendroctonus frontalis,479,Fusarium solani,Fungi,,United States,isolated from beetle,,,,,Moore 1972a,1972,"Moore G.E. 1972. Microflora from the Alimentary Tract of Healthy Southern Pine Beetles, Dendroctonus frontalis (Scolytidae), and Their Possible Relationship to Pathogenicity. Journal of Invertebrate Pathology 19, 72-75.",,full text
NEW,612,Dendroctonus frontalis,479,Beauveria bassiana,Fungi,,,,,,pathogenicity test,laboratory,"Moore, 1970",1970,"Moore, G. E. (1970). Isolating entomogenous fungi and bacteria, and tests of fungal isolates against the southern pine beetle.",,full text
NEW,613,Dendroctonus frontalis,479,Aspergillus flavus,Fungi,,,,,,pathogenicity test,laboratory,"Moore, 1970",1970,"Moore, G. E. (1970). Isolating entomogenous fungi and bacteria, and tests of fungal isolates against the southern pine beetle.",,full text
NEW,614,Dendroctonus frontalis,479,Fusarium solani,Fungi,,,,,,pathogenicity test,laboratory,"Moore, 1970",1970,"Moore, G. E. (1970). Isolating entomogenous fungi and bacteria, and tests of fungal isolates against the southern pine beetle.",,full text
NEW,615,Dendroctonus frontalis,479,Bacillus cereus,Bacteria,,United States,isolated from infected beetle,,,pathogenicity test,laboratory,"Moore, 1972b",1972,"Moore, G.E., 1972. Pathogenicity of ten strains of bacteria to larvae of the southern pine beetle. J. Invertebr. Pathol. 20, 41–45.",,full text
NEW,616,Dendroctonus frontalis,479,Bacillus thuringiensis var. thuringiensis,Bacteria,,United States,isolated from infected beetle,,,pathogenicity test,laboratory,"Moore, 1972b",1972,"Moore, G.E., 1972. Pathogenicity of ten strains of bacteria to larvae of the southern pine beetle. J. Invertebr. Pathol. 20, 41–45.",,full text
NEW,617,Dendroctonus frontalis,479,Bacillus thuringiensis var. kenyae,Bacteria,,United States,isolated from infected beetle,,,pathogenicity test,laboratory,"Moore, 1972b",1972,"Moore, G.E., 1972. Pathogenicity of ten strains of bacteria to larvae of the southern pine beetle. J. Invertebr. Pathol. 20, 41–45.",,full text
NEW,618,Dendroctonus frontalis,479,Pseudomonas aeruginosa,Bacteria,,United States,isolated from infected beetle,,,pathogenicity test,laboratory,"Moore, 1972b",1972,"Moore, G.E., 1972. Pathogenicity of ten strains of bacteria to larvae of the southern pine beetle. J. Invertebr. Pathol. 20, 41–45.",,full text
NEW,619,Dendroctonus frontalis,479,Pseudomonas fluorescens,Bacteria,,United States,isolated from infected beetle,,,pathogenicity test,laboratory,"Moore, 1972b",1972,"Moore, G.E., 1972. Pathogenicity of ten strains of bacteria to larvae of the southern pine beetle. J. Invertebr. Pathol. 20, 41–45.",,full text
NEW,620,Dendroctonus frontalis,479,Serratia marcescens,Bacteria,,United States,isolated from infected beetle,,,pathogenicity test,laboratory,"Moore, 1972b",1972,"Moore, G.E., 1972. Pathogenicity of ten strains of bacteria to larvae of the southern pine beetle. J. Invertebr. Pathol. 20, 41–45.",,full text
NEW,621,Dendroctonus frontalis,479,Beauveria bassiana,Fungi,,,isolated from infected beetle,,,pathogenicity test,laboratory,"Moore, 1973",1973,"Moore, G. E. (1973). Pathogenicity of three entomogenous fungi to the southern pine beetle at various temperatures and humidities. Environmental Entomology, 2(1), 54-57.",,full text
NEW,622,Dendroctonus frontalis,479,Aspergillus flavus,Fungi,,,isolated from infected beetle,,,pathogenicity test,laboratory,"Moore, 1973",1973,"Moore, G. E. (1973). Pathogenicity of three entomogenous fungi to the southern pine beetle at various temperatures and humidities. Environmental Entomology, 2(1), 54-57.",,full text
NEW,623,Dendroctonus frontalis,479,Fusarium solani,Fungi,,,isolated from infected beetle,,,pathogenicity test,laboratory,"Moore, 1973",1973,"Moore, G. E. (1973). Pathogenicity of three entomogenous fungi to the southern pine beetle at various temperatures and humidities. Environmental Entomology, 2(1), 54-57.",,full text
NEW,624,Ips typographus,1733,Beauveria bassiana,Fungi,,Slovakia,isolated from infected beetle,,morphological and molecular,pathogenicity test,laboratory,"Mudrončeková et al., 2013",2013,"Mudrončeková, S., Mazáň, M., & Nemčovič, M. (2013). Entomopathogenic fungus species Beauveria bassiana (Bals.) and Metarhizium anisopliae (Metsch.) used as mycoinsecticide effective in biological control of Ips typographus (L.). Journal of Microbiology, Biotechnology and Food Sciences, 2(6), 2469-2472.",,full text
NEW,625,Ips typographus,1733,Metarhizium anisopliae,Fungi,,Slovakia,isolated from soil,,morphological and molecular,pathogenicity test,laboratory,"Mudrončeková et al., 2013",2013,"Mudrončeková, S., Mazáň, M., & Nemčovič, M. (2013). Entomopathogenic fungus species Beauveria bassiana (Bals.) and Metarhizium anisopliae (Metsch.) used as mycoinsecticide effective in biological control of Ips typographus (L.). Journal of Microbiology, Biotechnology and Food Sciences, 2(6), 2469-2472.",,full text
NEW,626,Ips typographus,1733,Aspergillus flavus,Fungi,,Slovakia,isolated from infected beetle,,morphological and molecular,pathogenicity test,laboratory,"Mudrončeková et al., 2013",2013,"Mudrončeková, S., Mazáň, M., & Nemčovič, M. (2013). Entomopathogenic fungus species Beauveria bassiana (Bals.) and Metarhizium anisopliae (Metsch.) used as mycoinsecticide effective in biological control of Ips typographus (L.). Journal of Microbiology, Biotechnology and Food Sciences, 2(6), 2469-2472.",,full text
NEW,627,Ips typographus,1733,Aspergilus oryzae,Fungi,,Slovakia,isolated from infected beetle,,morphological and molecular,pathogenicity test,laboratory,"Mudrončeková et al., 2013",2013,"Mudrončeková, S., Mazáň, M., & Nemčovič, M. (2013). Entomopathogenic fungus species Beauveria bassiana (Bals.) and Metarhizium anisopliae (Metsch.) used as mycoinsecticide effective in biological control of Ips typographus (L.). Journal of Microbiology, Biotechnology and Food Sciences, 2(6), 2469-2472.",,full text
NEW,628,Ips typographus,1733,Penicillium ochrochloron,Fungi,,Slovakia,isolated from infected beetle,,morphological and molecular,pathogenicity test,laboratory,"Mudrončeková et al., 2013",2013,"Mudrončeková, S., Mazáň, M., & Nemčovič, M. (2013). Entomopathogenic fungus species Beauveria bassiana (Bals.) and Metarhizium anisopliae (Metsch.) used as mycoinsecticide effective in biological control of Ips typographus (L.). Journal of Microbiology, Biotechnology and Food Sciences, 2(6), 2469-2472.",,full text
NEW,629,Ips typographus,1733,Serratia liquifaciens,Bacteria,pathogen? increased mortality relative to the control,Turkey,isolated from cadaver,,morphological and molecular,pathogenicity test,laboratory,"Muratoglu et al., 2011",2011,"Muratoǧlu, H., Sezen, K., & Demirbaǧ, Z. (2011). Determination and pathogenicity of the bacterial flora associated with the spruce bark beetle, Ips typographus (L.)(Coleoptera: Curculionidae: Scolytinae). Turkish Journal of Biology, 35(1), 9-20.",,full text
NEW,630,Ips typographus,1733,Bacillus sphaericus,Bacteria,,Turkey,isolated from cadaver,,morphological and molecular,pathogenicity test,laboratory,"Muratoglu et al., 2011",2011,"Muratoǧlu, H., Sezen, K., & Demirbaǧ, Z. (2011). Determination and pathogenicity of the bacterial flora associated with the spruce bark beetle, Ips typographus (L.)(Coleoptera: Curculionidae: Scolytinae). Turkish Journal of Biology, 35(1), 9-20.",,full text
NEW,631,Ips typographus,1733,Acinetobacter sp.,Bacteria,,Turkey,isolated from cadaver,,morphological and molecular,pathogenicity test,laboratory,"Muratoglu et al., 2011",2011,"Muratoǧlu, H., Sezen, K., & Demirbaǧ, Z. (2011). Determination and pathogenicity of the bacterial flora associated with the spruce bark beetle, Ips typographus (L.)(Coleoptera: Curculionidae: Scolytinae). Turkish Journal of Biology, 35(1), 9-20.",,full text
NEW,632,Ips typographus,1733,Proteus vulgaris,Bacteria,,Turkey,isolated from cadaver,,morphological and molecular,pathogenicity test,laboratory,"Muratoglu et al., 2011",2011,"Muratoǧlu, H., Sezen, K., & Demirbaǧ, Z. (2011). Determination and pathogenicity of the bacterial flora associated with the spruce bark beetle, Ips typographus (L.)(Coleoptera: Curculionidae: Scolytinae). Turkish Journal of Biology, 35(1), 9-20.",,full text
NEW,633,Anisandrus dispar,2083,Bacillus thuringiensis subsp. Tolworthi,Bacteria,pathogen,Italy,,,,,,Natali et al. 1994,1994,"Natali, V., Paparatti, B., & Canganella, F. (1994). Microorganisms carried by Xyleborus dispar (F.)(Coleoptera, Scolytidae) females, collected on European hazel trees in the area surrounding the lake of Vico (Viterbo, central Italy).",,only English abstract
NEW,634,Anisandrus dispar,2083,Pseudomonas chlororaphis,Bacteria,pathogen,Italy,,,,,,Natali et al. 1994,1994,"Natali, V., Paparatti, B., & Canganella, F. (1994). Microorganisms carried by Xyleborus dispar (F.)(Coleoptera, Scolytidae) females, collected on European hazel trees in the area surrounding the lake of Vico (Viterbo, central Italy).",,only English abstract
NEW,635,Euwallacea fornicatus,1964,Beauveria bassiana,Fungi,pathogen,South Africa,commercial strain,cuticular contact,,pathogenicity test,laboratory,"Nel et al., 2023",2023,"Nel, W. J., Slippers, B., Wingfield, M. J., Yilmaz, N., & Hurley, B. P. (2023). Efficacy of commercially available entomopathogenic agents against the polyphagous shot hole borer in South Africa. Insects, 14(4), 361.",,full text
NEW,636,Euwallacea fornicatus,1964,Metarhizium anisopliae,Fungi,pathogen,South Africa,commercial strain,cuticular contact,,pathogenicity test,laboratory,"Nel et al., 2023",2023,"Nel, W. J., Slippers, B., Wingfield, M. J., Yilmaz, N., & Hurley, B. P. (2023). Efficacy of commercially available entomopathogenic agents against the polyphagous shot hole borer in South Africa. Insects, 14(4), 361.",,full text
NEW,637,Ips confusus,1706,Contortylenchus elongatus,Nematode,parasite,,,,,,,"Nickle, 1963",1963,"Nickle, W. R. (1963). Observations on the effect of nematodes on Ips confusus (LeConte) and other bark beetles.",,only English abstract
NEW,638,Dendroctonus brevicomis,478,Contortylenchus brevicomi,Nematode,parasite,,,,,,,"Nickle, 1963",1963,"Nickle, W. R. (1963). Observations on the effect of nematodes on Ips confusus (LeConte) and other bark beetles.",,only English abstract
NEW,639,Ips confusus,1706,Sulphurtylenchus sp.,Nematode,pathogen,,,,,,,"Nickle, 1963",1963,"Nickle, W. R. (1963). Observations on the effect of nematodes on Ips confusus (LeConte) and other bark beetles.",,only English abstract
NEW,640,Scolytus rugulosus,1170,Neoparasitylenchus rugulosi,Nematode,parasite,United States,,,,,,"Nickle, 1971",1971,"Nickle, W. R. (1971). Behavior of the shothole borer, Scolytus rugulosus, altered by the nematode parasite Neoparasitylenchus rugulosi. Annals of the Entomological Society of America, 64(3), 751-751.",,full text
NEW,641,Dendroctonus valens,491,Cephalosporium sp.,Fungi,pathogen,China,,,,,,"Nie et al., 2010",2010,Research on using Beauveria bassiana to control Dendroctonus valens,,full text
NEW,642,Dendroctonus valens,491,Acremonium sp.,Fungi,pathogen,China,,,,,,"Nie et al., 2010",2010,Research on using Beauveria bassiana to control Dendroctonus valens,,full text
NEW,643,Dendroctonus valens,491,Trichoderma sp.,Fungi,pathogen,China,,,,,,"Nie et al., 2010",2010,Research on using Beauveria bassiana to control Dendroctonus valens,,full text
NEW,644,Dendroctonus valens,491,Beauveria bassiana,Fungi,pathogen,China,,,,,,"Nie et al., 2010",2010,Research on using Beauveria bassiana to control Dendroctonus valens,,full text
NEW,645,Ips typographus,1733,Bacillus thuringiensis var. tenebrionis,Bacteria,,,,,,pathogenicity test,,"Novotny and Turcani, 2000",2000,"Novotny J. & M. Turcani 2000. The results of experimental treatment of biopreparation on the basis of Bacillus thuringiensis var. tenebrionis Berl. for control of Ips typographus L. (Col., Scolytidae). Lesnicky casopis (Forestry Journal) 46, 303-10.",,only English abstract
NEW,646,Tomicus piniperda,521,Beauveria bassiana,Fungi,,,,,,,,"Nuorteva and Salonen, 1968",1968,"Nuorteva M. & M. Salonen 1968. Versuche mit Beauveria bassiana (Bals.) Vuill. gegen Blastophagus piniperda L. (Col., Scolytidae). Annales Entomologici Fennici 34, 49-55.",,full text
NEW,647,Dendroctonus micans,3927,Bacillus mycoides,Bacteria,,Turkey,four soil-originated Bacillus spp.,,morphological,infection test,laboratory,"Odabas Alver et al., 2018",2018,"Odabas Alver, D., & Ertürk, Ö. (2018). Effects of four soil-originated Bacillus spp. on the great spruce bark beetle, Dendroctonus micans (Kugelann)(Coleoptera: Curculionidae, Scolytinae). Egyptian Journal of Biological Pest Control, 28(1), 70.",,full text
NEW,648,Dendroctonus micans,3927,Bacillus cereus,Bacteria,,Turkey,four soil-originated Bacillus spp.,,morphological,infection test,laboratory,"Odabas Alver et al., 2018",2018,"Odabas Alver, D., & Ertürk, Ö. (2018). Effects of four soil-originated Bacillus spp. on the great spruce bark beetle, Dendroctonus micans (Kugelann)(Coleoptera: Curculionidae, Scolytinae). Egyptian Journal of Biological Pest Control, 28(1), 70.",,full text
NEW,649,Dendroctonus micans,3927,Bacillus thuringiensis,Bacteria,,Turkey,four soil-originated Bacillus spp.,,morphological,infection test,laboratory,"Odabas Alver et al., 2018",2018,"Odabas Alver, D., & Ertürk, Ö. (2018). Effects of four soil-originated Bacillus spp. on the great spruce bark beetle, Dendroctonus micans (Kugelann)(Coleoptera: Curculionidae, Scolytinae). Egyptian Journal of Biological Pest Control, 28(1), 70.",,full text
NEW,650,Ips avulsus,1698,Beauveria bassiana,Fungi,,United States,,,morphological,pathogenicity test,field,"Olatinwo et al., 2018",2018,"Olatinwo, R., Walters, S., & Strom, B. (2018). Impact of Beauveria bassiana (Ascomycota: Hypocreales) on the Small Southern Pine Engraver (Coleoptera: Scolytidae) in a Loblolly Pine Bolt Assay1. Journal of Entomological Science, 53(2), 180-191.",,full text
NEW,651,Dendroctonus frontalis,479,Metarhizium anisopliae,Fungi,,,,,,pathogenicity test,laboratory,"Pabst and Sikorowski, 1981",1981,"Pabst, G. S., & Sikorowski, P. P. (1981). Susceptibility of southern pine beetle (Dendroctonus frontalis) on oligidic medium to Paecilomyces viridis and also Beauveria bassiana, and Metarhizium anisopliae.",,only English abstract
NEW,652,Dendroctonus frontalis,479,Beauveria bassiana,Fungi,,,,,,pathogenicity test,laboratory,"Pabst and Sikorowski, 1981",1981,"Pabst, G. S., & Sikorowski, P. P. (1981). Susceptibility of southern pine beetle (Dendroctonus frontalis) on oligidic medium to Paecilomyces viridis and also Beauveria bassiana, and Metarhizium anisopliae.",,only English abstract
NEW,653,Dendroctonus frontalis,479,Paecilomyces viridis,Fungi,,,,,,pathogenicity test,laboratory,"Pabst and Sikorowski, 1981",1981,"Pabst, G. S., & Sikorowski, P. P. (1981). Susceptibility of southern pine beetle (Dendroctonus frontalis) on oligidic medium to Paecilomyces viridis and also Beauveria bassiana, and Metarhizium anisopliae.",,only English abstract
NEW,654,Polygraphus proximus,8944,Beauveria bassiana,Fungi,,,isolated from Dendrolimus sibiricus,,,pathogenicity test,,"Pavlov et al., 2020",2020,"Pavlov, I. N., Litovka, Y. A., Golubev, D. V., Astapenko, S. A., Chromogin, P. V., Usoltseva, Y. V., ... & Petrenko, S. M. (2020). Mass reproduction of Polygraphus proximus Blandford in fir forests of Siberia infected with root and stem pathogens: monitoring, patterns, and biological control. Contemporary Problems of Ecology, 13(1), 71-84.",,full text
NEW,655,Ips amitinus,1696,Beauveria bassiana,Fungi,association report,Russia,,,molecular,,,"Pavlov et al., 2023",2023,"Pavlov, I. N., Vasaitis, R., Litovka, Y. A., Timofeev, A. A., & Menkis, A. (2023). Infestation by Ips amitinus (Eichhoff, 1872), its associated fungi, and butt rots in stands of Pinus sibirica in South-Western Siberia. Forests, 14(12), 2383.",,full text
NEW,656,Pityokteines curvidens,1747,Chytridiopsis cf. typographi,Microsporidia,pathogen; occurrence survey,Croatia,isolated from beetle,midgut epithelium,,,,"Pernek et al., 2009",2009,"Pernek, M., Matošević, D., Hrašovec, B., Kučinić, M., & Wegensteiner, R. (2009). Occurrence of pathogens in outbreak populations of Pityokteines spp.(Coleoptera, Curculionidae, Scolytinae) in silver fir forests. Journal of Pest Science, 82(4), 343-349.",,full text
NEW,657,Pityokteines curvidens,1747,Gregarina sp.,Protist,pathogen; occurrence survey,Croatia,isolated from beetle,midgut lumen,,,,"Pernek et al., 2009",2009,"Pernek, M., Matošević, D., Hrašovec, B., Kučinić, M., & Wegensteiner, R. (2009). Occurrence of pathogens in outbreak populations of Pityokteines spp.(Coleoptera, Curculionidae, Scolytinae) in silver fir forests. Journal of Pest Science, 82(4), 343-349.",,full text
NEW,658,Pityokteines spinidens,1754,Gregarina sp.,Protist,pathogen; occurrence survey,Croatia,isolated from beetle,midgut lumen,,,,"Pernek et al., 2009",2009,"Pernek, M., Matošević, D., Hrašovec, B., Kučinić, M., & Wegensteiner, R. (2009). Occurrence of pathogens in outbreak populations of Pityokteines spp.(Coleoptera, Curculionidae, Scolytinae) in silver fir forests. Journal of Pest Science, 82(4), 343-349.",,full text
NEW,659,Pityokteines spinidens,1754,Chytridiopsis cf. typographi,Microsporidia,pathogen; occurrence survey,Croatia,isolated from beetle,midgut epithelium,,,,"Pernek et al., 2009",2009,"Pernek, M., Matošević, D., Hrašovec, B., Kučinić, M., & Wegensteiner, R. (2009). Occurrence of pathogens in outbreak populations of Pityokteines spp.(Coleoptera, Curculionidae, Scolytinae) in silver fir forests. Journal of Pest Science, 82(4), 343-349.",,full text
NEW,660,Pityokteines spinidens,1754,Canningia spinidentis,Microsporidia,pathogen; occurrence survey,Croatia,isolated from beetle,fat body; gonads; midgut epithelium,,,,"Pernek et al., 2009",2009,"Pernek, M., Matošević, D., Hrašovec, B., Kučinić, M., & Wegensteiner, R. (2009). Occurrence of pathogens in outbreak populations of Pityokteines spp.(Coleoptera, Curculionidae, Scolytinae) in silver fir forests. Journal of Pest Science, 82(4), 343-349.",,full text
NEW,661,Pityokteines spinidens,1754,Menzbieria sp.,Protist,pathogen; occurrence survey,Croatia,isolated from beetle,midgut epithelium,,,,"Pernek et al., 2009",2009,"Pernek, M., Matošević, D., Hrašovec, B., Kučinić, M., & Wegensteiner, R. (2009). Occurrence of pathogens in outbreak populations of Pityokteines spp.(Coleoptera, Curculionidae, Scolytinae) in silver fir forests. Journal of Pest Science, 82(4), 343-349.",,full text
NEW,662,Pityokteines vorontzowi,1755,Chytridiopsis cf. typographi,Microsporidia,pathogen; occurrence survey,Croatia,isolated from beetle,midgut epithelium,,,,"Pernek et al., 2009",2009,"Pernek, M., Matošević, D., Hrašovec, B., Kučinić, M., & Wegensteiner, R. (2009). Occurrence of pathogens in outbreak populations of Pityokteines spp.(Coleoptera, Curculionidae, Scolytinae) in silver fir forests. Journal of Pest Science, 82(4), 343-349.",,full text
NEW,663,Pityokteines vorontzowi,1755,Gregarina sp.,Protist,pathogen; occurrence survey,Croatia,isolated from beetle,midgut lumen,,,,"Pernek et al., 2009",2009,"Pernek, M., Matošević, D., Hrašovec, B., Kučinić, M., & Wegensteiner, R. (2009). Occurrence of pathogens in outbreak populations of Pityokteines spp.(Coleoptera, Curculionidae, Scolytinae) in silver fir forests. Journal of Pest Science, 82(4), 343-349.",,full text
NEW,664,Pityokteines curvidens,1747,Beauveria bassiana,Fungi,,Croatia,,,,pathogenicity test,,"Pernek, 2007",2007,"Pernek, M. (2007). Influence of the entomopathogenic fungi Beauveria bassiana on the mortality of fir bark beetles Pityokteines spinidens and Pityokteines curvidens. Radovi, 42(2), 143-153.",,full text
NEW,665,Pityokteines spinidens,1754,Beauveria bassiana,Fungi,,Croatia,,,,pathogenicity test,,"Pernek, 2007",2007,"Pernek, M. (2007). Influence of the entomopathogenic fungi Beauveria bassiana on the mortality of fir bark beetles Pityokteines spinidens and Pityokteines curvidens. Radovi, 42(2), 143-153.",,full text
NEW,666,Scolytus multistriatus,1147,bacteria,Bacteria,,Europe,,,,,,Pesson et al. 1955,1955,"Pesson P., C. Toumonoff & C. Chararas 1955. Étude des epizooties bactériennes observées dans les élevages d’insectes xylophages. Annales Épiphyties 6, 315-28.",,non full-text 
NEW,667,Hylastes ater,390,Beauveria bassiana,Fungi,pathogen,Great Britain,,,,,,"Petch, 1932",1932,"Petch, T., 1932. A list of the entomogenous fungi of Great Britain. T. Brit. Mycol. Soc. 17, 170–178.",,full text
NEW,668,Ips typographus,1733,ItEPV,Virus,,Bulgaria,,,,,,"Pilarska et al., 2018",2018,"Pilarska, D., Georgiev, G., Dobreva, M., Takov, D., Mirchev, P., Doychev, D., ... & Hajek, A. E. (2018). Pathogens and parasitoids of forest pest insects in the region of Forest Protection Station Plovdiv during the period 1990–2017. Silva, 19, 3.",,full text
NEW,669,Ips typographus,1733,Gregarina typographi,Protist,,Bulgaria,,,,,,"Pilarska et al., 2018",2018,"Pilarska, D., Georgiev, G., Dobreva, M., Takov, D., Mirchev, P., Doychev, D., ... & Hajek, A. E. (2018). Pathogens and parasitoids of forest pest insects in the region of Forest Protection Station Plovdiv during the period 1990–2017. Silva, 19, 3.",,full text
NEW,670,Ips sexdentatus,1728,Gregarina typographi,Protist,,Bulgaria,,,,,,"Pilarska et al., 2018",2018,"Pilarska, D., Georgiev, G., Dobreva, M., Takov, D., Mirchev, P., Doychev, D., ... & Hajek, A. E. (2018). Pathogens and parasitoids of forest pest insects in the region of Forest Protection Station Plovdiv during the period 1990–2017. Silva, 19, 3.",,full text
NEW,671,Ips acuminatus,1695,Gregarina typographi,Protist,,Bulgaria,,,,,,"Pilarska et al., 2018",2018,"Pilarska, D., Georgiev, G., Dobreva, M., Takov, D., Mirchev, P., Doychev, D., ... & Hajek, A. E. (2018). Pathogens and parasitoids of forest pest insects in the region of Forest Protection Station Plovdiv during the period 1990–2017. Silva, 19, 3.",,full text
NEW,672,Ips typographus,1733,Chytridiopsis typographi,Microsporidia,,Bulgaria,,,,,,"Pilarska et al., 2018",2018,"Pilarska, D., Georgiev, G., Dobreva, M., Takov, D., Mirchev, P., Doychev, D., ... & Hajek, A. E. (2018). Pathogens and parasitoids of forest pest insects in the region of Forest Protection Station Plovdiv during the period 1990–2017. Silva, 19, 3.",,full text
NEW,673,Dryocoetes autographus,1837,Beauveria bassiana,Fungi,,Bulgaria,,,,,,"Pilarska et al., 2018",2018,"Pilarska, D., Georgiev, G., Dobreva, M., Takov, D., Mirchev, P., Doychev, D., ... & Hajek, A. E. (2018). Pathogens and parasitoids of forest pest insects in the region of Forest Protection Station Plovdiv during the period 1990–2017. Silva, 19, 3.",,full text
NEW,674,Hylurgops palliatus,409,Beauveria bassiana,Fungi,,Bulgaria,,,,,,"Pilarska et al., 2018",2018,"Pilarska, D., Georgiev, G., Dobreva, M., Takov, D., Mirchev, P., Doychev, D., ... & Hajek, A. E. (2018). Pathogens and parasitoids of forest pest insects in the region of Forest Protection Station Plovdiv during the period 1990–2017. Silva, 19, 3.",,full text
NEW,675,Trypodendron lineatum,1874,Beauveria bassiana,Fungi,,,,,,,,"Prazak, 1988",1988,"Prazak R. 1988. Die Wirkung des insektenpathogenen Pilzes Beauveria bassiana (Bals.) Vuill. auf den Gestreiften Nutzholzborkenkäfer Trypodendron lineatum Oliv. (Coleoptera: Scolytidae). PhD thesis, Universität für Bodenkultur Wien.",,non full-text 
NEW,676,Trypodendron lineatum,1874,Beauveria bassiana,Fungi,,,,,,pathogenicity test,,"Prazak, 1991",1991,"Prazak R. 1991. Studies on indirect infection of Trypodendron lineatum Oliv. with Beauveria bassiana (Bals.) Vuill. Journal of Applied Entomology 111, 431-41.",,full text
NEW,677,Trypodendron lineatum,1874,Beauveria bassiana,Fungi,,,,cuticular contact,,pathogenicity test,laboratory,"Prazak, 1997",1997,"Prazak R. 1997. Laboratory evaluation of Beauveria bassiana (Bals.) Vuill. (Deuteromycotina: Hyphomycetes) against Trypodendron lineatum Oliv. (Coleopetra: Scolytidae). Journal of Plant Diseases and Protection 104, 459-65.",,full text
NEW,678,Ips typographus,1733,ItEPV,Virus,,,,,,,,"Pultar and Weiser, 1999",1999,Pultar O. & J. Weiser 1999. Infection of Ips typographus with entomopoxvirus in the forest. Poster at 7th IOBC/wprs meeting in Vienna.,,non full-text 
NEW,679,Pityogenes chalcographus,1739,Malamoeba scolyti,Protist,,,,,,pathogenicity test,,"Purrini and Führer, 1979",1979,"Purrini K. & E. Führer 1979. Experimentelle Infektion von Pityogenes chalcographus L. (Col.: Scolytidae) durch Malamoeba scolyti Purrini (Amoebina, Amoebidae) und Menzbieria chalcographi Weiser (Neogregarina, Ophryocystidae). Anzeiger für Schädlingskunde, Pflanzenschutz, Umweltschutz 52, 167-73.",,only English abstract
NEW,680,Pityogenes chalcographus,1739,Menzbieria chalcographi,Protist,,,,,,pathogenicity test,,"Purrini and Führer, 1979",1979,"Purrini K. & E. Führer 1979. Experimentelle Infektion von Pityogenes chalcographus L. (Col.: Scolytidae) durch Malamoeba scolyti Purrini (Amoebina, Amoebidae) und Menzbieria chalcographi Weiser (Neogregarina, Ophryocystidae). Anzeiger für Schädlingskunde, Pflanzenschutz, Umweltschutz 52, 167-73.",,only English abstract
NEW,681,Pityogenes calcaratus,5950,Nosema calcarati,Microsporidia,parasite,Israel,,,,,,"Purrini and Halperin, 1982",1982,"Purrini K. & J. Halperin 1982. Nosema calcarati n.sp. (Microsporidia), a new parasite of Pityogenes calcaratus Eichhoff (Col., Scolytidae). Zeitschrift für angewandte Entomologie 94, 87-92.",,full text
NEW,682,Hylesinus varius,445,Ophryocystis hylesini,Protist,parasite,Germany,,,,,,"Purrini and Ormieres, 1981",1981,"Purrini K. & R. Ormieres 1981. On three new sporozoan parasites of bark beetles (Scolytidae, Coleoptera). Zeitschrift für angewandte Entomologie 91, 67-74.",,full text
NEW,683,Trypodendron domesticum,1873,Pleistophora xyloteri,Microsporidia,parasite,Germany,,,,,,"Purrini and Ormieres, 1981",1981,"Purrini K. & R. Ormieres 1981. On three new sporozoan parasites of bark beetles (Scolytidae, Coleoptera). Zeitschrift für angewandte Entomologie 91, 67-74.",,full text
NEW,684,Dryocoetes autographus,1837,Nosema dryocoetesi,Microsporidia,parasite,Germany,,,,,,"Purrini and Ormieres, 1981",1981,"Purrini K. & R. Ormieres 1981. On three new sporozoan parasites of bark beetles (Scolytidae, Coleoptera). Zeitschrift für angewandte Entomologie 91, 67-74.",,full text
NEW,685,Hylastes cunicularius,5178,Chytridiopsis typographi,Microsporidia,parasite,,,,,,,"Purrini and Weiser, 1984",1984,"Purrini K. & J. Weiser 1984. Light- and electron microscopic studies of Chytridiopsis typographi (Weiser 1954) Weiser 1970 (Microspora), parasitizing the bark beetle Hylastes cunicularius Er. Zoologischer Anzeiger, Jena 212, 369-76.",,only English abstract
NEW,686,Ips typographus,1733,Chytridiopsis typographi,Microsporidia,parasite,Germany,,,,,,"Purrini and Weiser, 1985",1985,"Purrini K. & J. Weiser 1985. Ultrastructural study of the microsporidian Chytridiopsis typographi (Chytridiopsida: Microspora) infecting the bark beetle Ips typographus (Scolytidae: Coleoptera), with new data on spore dimorphism. Journal of Invertebrate Pathology 45, 66-74.",,full text
NEW,687,Dryocoetes autographus,1837,Malamoeba scolyti,Protist,parasite,Germany,,,,,,"Purrini and Zizka, 1983",1983,"Purrini K. & Z. Zizka 1983. More on the life cycle of Malamoeba scolyti (Amoebidae: Sarcomastigophora) parasitizing the bark beetle Dryocoetes autographus (Scolytidae, Coleoptera). Journal of Invertebrate Pathology 42, 96-105.",,full text
NEW,688,Hylurgops palliatus,409,Malamoeba scolyti,Protist,parasite,Germany,,,,,,"Purrini and Zizka, 1983",1983,"Purrini K. & Z. Zizka 1983. More on the life cycle of Malamoeba scolyti (Amoebidae: Sarcomastigophora) parasitizing the bark beetle Dryocoetes autographus (Scolytidae, Coleoptera). Journal of Invertebrate Pathology 42, 96-105.",,full text
NEW,689,Scolytus scolytus,1172,Stempellia cf. scolyti,Microsporidia,,Germany,,,,,,"Purrini, 1975",1975,"Purrini K. 1975. Zur Kenntnis der Krankheiten des Großen Ulmensplintkäfers, Scolytus scolytus F. im Gebiet von Kosovo, Jugoslawien. Anzeiger für Schädlingskunde, Pflanzenschutz, Umweltschutz 48, 154-56.",,full text
NEW,690,Dryocoetes autographus,1837,Mattesia sp.,Protist,pathogen,Germany,,,,,,"Purrini, 1977",1977,"Purrini K. 1977. Über eine neue Schizogregarinen-Krankheit der Gattung Mattesia Naville (Sporozoa, Dischizae) des Zottigen Fichtenborkenkäfers, Dryocoetes autographus Ratz (Coleoptera, Scolytidae). Anzeiger für Schädlingskunde, Pflanzenschutz, Umweltschutz 50, 132-35.",,full text
NEW,691,Dryocoetes autographus,1837,Malamoeba cf. locustae,Protist,pathogen,Germany,,,,,,"Purrini, 1978a",1978,"Purrini K. 1978. Über Malamoeba locustae King and Taylor (Protozoa, Rhizopoda, Amoebidae) beim Zottigen Fichtenborkenkäfer, Dryocoetes autographus Ratz (Col.: Scolytidae). Anzeiger für Schädlingskunde, Pflanzenschutz, Umweltschutz 51, 139-41.",,full text
NEW,692,Ips typographus,1733,Gregarina typographi,Protist,,Germany,,,morphological,,,"Purrini, 1978b",1978,"Purrini K. 1978. Protozoen als Krankheitserreger bei einigen Borkenkäferarten (Col., Scolytidae) im Königsee-Gebiet, Oberbayern. Anzeiger für Schädlingskunde, Pflanzenschutz, Umweltschutz 51, 171-75.",,full text
NEW,693,Dryocoetes autographus,1837,Menzbieria cf. chalcographi,Protist,,Germany,,,morphological,,,"Purrini, 1978b",1978,"Purrini K. 1978. Protozoen als Krankheitserreger bei einigen Borkenkäferarten (Col., Scolytidae) im Königsee-Gebiet, Oberbayern. Anzeiger für Schädlingskunde, Pflanzenschutz, Umweltschutz 51, 171-75.",,full text
NEW,694,Dryocoetes autographus,1837,Mattesia schwenkei,Protist,,Germany,,,morphological,,,"Purrini, 1978b",1978,"Purrini K. 1978. Protozoen als Krankheitserreger bei einigen Borkenkäferarten (Col., Scolytidae) im Königsee-Gebiet, Oberbayern. Anzeiger für Schädlingskunde, Pflanzenschutz, Umweltschutz 51, 171-75.",,full text
NEW,695,Dryocoetes autographus,1837,Malamoeba cf. locustae,Protist,,Germany,,,morphological,,,"Purrini, 1978b",1978,"Purrini K. 1978. Protozoen als Krankheitserreger bei einigen Borkenkäferarten (Col., Scolytidae) im Königsee-Gebiet, Oberbayern. Anzeiger für Schädlingskunde, Pflanzenschutz, Umweltschutz 51, 171-75.",,full text
NEW,696,Hylurgops palliatus,409,Nosema cf. typographi,Microsporidia,,Germany,,,morphological,,,"Purrini, 1978b",1978,"Purrini K. 1978. Protozoen als Krankheitserreger bei einigen Borkenkäferarten (Col., Scolytidae) im Königsee-Gebiet, Oberbayern. Anzeiger für Schädlingskunde, Pflanzenschutz, Umweltschutz 51, 171-75.",,full text
NEW,697,Hylurgops glabratus,5192,Menzbieria cf. chalcographi,Protist,,Germany,,,morphological,,,"Purrini, 1978b",1978,"Purrini K. 1978. Protozoen als Krankheitserreger bei einigen Borkenkäferarten (Col., Scolytidae) im Königsee-Gebiet, Oberbayern. Anzeiger für Schädlingskunde, Pflanzenschutz, Umweltschutz 51, 171-75.",,full text
NEW,698,Hylurgops glabratus,5192,Mattesia schwenkei,Protist,,Germany,,,morphological,,,"Purrini, 1978b",1978,"Purrini K. 1978. Protozoen als Krankheitserreger bei einigen Borkenkäferarten (Col., Scolytidae) im Königsee-Gebiet, Oberbayern. Anzeiger für Schädlingskunde, Pflanzenschutz, Umweltschutz 51, 171-75.",,full text
NEW,699,Dryocoetes autographus,1837,Malamoeba scolyti,Protist,parasite,Germany,,,,,,"Purrini, 1980",1980,"Purrini, K. (1980). Malamoeba scolyti sp. n.(Amoebidae, Rhizopoda, Protozoa) parasitizing the bark beetles, Dryocoetes autographus Ratz., and Hylurgops palliatus Gyll.(Scolytidae, Coleoptera). Archiv für Protistenkunde, 123(3), 358-366.",,full text
NEW,700,Hylurgops palliatus,409,Malamoeba scolyti,Protist,parasite,Germany,,,,,,"Purrini, 1980",1980,"Purrini, K. (1980). Malamoeba scolyti sp. n.(Amoebidae, Rhizopoda, Protozoa) parasitizing the bark beetles, Dryocoetes autographus Ratz., and Hylurgops palliatus Gyll.(Scolytidae, Coleoptera). Archiv für Protistenkunde, 123(3), 358-366.",,full text
NEW,701,Hylastes ater,390,Beauveria bassiana,Fungi,pathogen,New Zealand,isolated from cadaver,,molecular,pathogenicity test,laboratory,"Reay et al., 2008",2008,"Reay, S. D., Brownbridge, M., Cummings, N. J., Nelson, T. L., Souffre, B., Lignon, C., & Glare, T. R. (2008). Isolation and characterization of Beauveria spp. associated with exotic bark beetles in New Zealand Pinus radiata plantation forests. Biological Control, 46(3), 484-494.",,full text
NEW,702,Hylastes ater,390,Beauveria caledonica,Fungi,pathogen,New Zealand,isolated from cadaver,,molecular,pathogenicity test,laboratory,"Reay et al., 2008",2008,"Reay, S. D., Brownbridge, M., Cummings, N. J., Nelson, T. L., Souffre, B., Lignon, C., & Glare, T. R. (2008). Isolation and characterization of Beauveria spp. associated with exotic bark beetles in New Zealand Pinus radiata plantation forests. Biological Control, 46(3), 484-494.",,full text
NEW,703,Hylastes ater,390,Beauveria malawiensis,Fungi,pathogen,New Zealand,isolated from cadaver,,molecular,pathogenicity test,laboratory,"Reay et al., 2008",2008,"Reay, S. D., Brownbridge, M., Cummings, N. J., Nelson, T. L., Souffre, B., Lignon, C., & Glare, T. R. (2008). Isolation and characterization of Beauveria spp. associated with exotic bark beetles in New Zealand Pinus radiata plantation forests. Biological Control, 46(3), 484-494.",,full text
NEW,704,Hylurgus ligniperda,502,Beauveria bassiana,Fungi,pathogen,New Zealand,isolated from cadaver,,molecular,pathogenicity test,laboratory,"Reay et al., 2008",2008,"Reay, S. D., Brownbridge, M., Cummings, N. J., Nelson, T. L., Souffre, B., Lignon, C., & Glare, T. R. (2008). Isolation and characterization of Beauveria spp. associated with exotic bark beetles in New Zealand Pinus radiata plantation forests. Biological Control, 46(3), 484-494.",,full text
NEW,705,Hylurgus ligniperda,502,Beauveria caledonica,Fungi,pathogen,New Zealand,isolated from cadaver,,molecular,pathogenicity test,laboratory,"Reay et al., 2008",2008,"Reay, S. D., Brownbridge, M., Cummings, N. J., Nelson, T. L., Souffre, B., Lignon, C., & Glare, T. R. (2008). Isolation and characterization of Beauveria spp. associated with exotic bark beetles in New Zealand Pinus radiata plantation forests. Biological Control, 46(3), 484-494.",,full text
NEW,706,Hylurgus ligniperda,502,Beauveria malawiensis,Fungi,pathogen,New Zealand,isolated from cadaver,,molecular,pathogenicity test,laboratory,"Reay et al., 2008",2008,"Reay, S. D., Brownbridge, M., Cummings, N. J., Nelson, T. L., Souffre, B., Lignon, C., & Glare, T. R. (2008). Isolation and characterization of Beauveria spp. associated with exotic bark beetles in New Zealand Pinus radiata plantation forests. Biological Control, 46(3), 484-494.",,full text
NEW,707,Hylastes ater,390,Beauveria bassiana,Fungi,pathogen,New Zealand,isolated from cadaver,,molecular,pathogenicity test,laboratory,"Reay et al., 2010",2010,"Reay, S. D., Brownbridge, M., Gicquel, B., Cummings, N. J., & Nelson, T. L. (2010). Isolation and characterization of endophytic Beauveria spp.(Ascomycota: Hypocreales) from Pinus radiata in New Zealand forests. Biological Control, 54(1), 52-60.",,full text
NEW,708,Hylurgus ligniperda,502,Beauveria bassiana,Fungi,pathogen,New Zealand,isolated from cadaver,,molecular,pathogenicity test,laboratory,"Reay et al., 2010",2010,"Reay, S. D., Brownbridge, M., Gicquel, B., Cummings, N. J., & Nelson, T. L. (2010). Isolation and characterization of endophytic Beauveria spp.(Ascomycota: Hypocreales) from Pinus radiata in New Zealand forests. Biological Control, 54(1), 52-60.",,full text
NEW,709,Hypothenemus hampei,2273,Beauveria bassiana,Fungi,pathogen; association report,Cameroon,culture collection,,,,,"Rehner et al., 2006",2006,"Rehner, S. A., Posada, F., Buckley, E. P., Infante, F., Castillo, A., & Vega, F. E. (2006). Phylogenetic origins of African and Neotropical Beauveria bassiana sl pathogens of the coffee berry borer, Hypothenemus hampei. Journal of invertebrate pathology, 93(1), 11-21.",,full text
NEW,710,Hypothenemus hampei,2273,Beauveria bassiana,Fungi,pathogen; association report,Côte d’Ivoire,culture collection,,,,,"Rehner et al., 2006",2006,"Rehner, S. A., Posada, F., Buckley, E. P., Infante, F., Castillo, A., & Vega, F. E. (2006). Phylogenetic origins of African and Neotropical Beauveria bassiana sl pathogens of the coffee berry borer, Hypothenemus hampei. Journal of invertebrate pathology, 93(1), 11-21.",,full text
NEW,711,Hypothenemus hampei,2273,Beauveria bassiana,Fungi,pathogen; association report,Togo,culture collection,,,,,"Rehner et al., 2006",2006,"Rehner, S. A., Posada, F., Buckley, E. P., Infante, F., Castillo, A., & Vega, F. E. (2006). Phylogenetic origins of African and Neotropical Beauveria bassiana sl pathogens of the coffee berry borer, Hypothenemus hampei. Journal of invertebrate pathology, 93(1), 11-21.",,full text
NEW,712,Hypothenemus hampei,2273,Beauveria bassiana,Fungi,pathogen; association report,Kenya,culture collection,,,,,"Rehner et al., 2006",2006,"Rehner, S. A., Posada, F., Buckley, E. P., Infante, F., Castillo, A., & Vega, F. E. (2006). Phylogenetic origins of African and Neotropical Beauveria bassiana sl pathogens of the coffee berry borer, Hypothenemus hampei. Journal of invertebrate pathology, 93(1), 11-21.",,full text
NEW,713,Hypothenemus hampei,2273,Beauveria bassiana,Fungi,pathogen; association report,Mexico,culture collection,,,,,"Rehner et al., 2006",2006,"Rehner, S. A., Posada, F., Buckley, E. P., Infante, F., Castillo, A., & Vega, F. E. (2006). Phylogenetic origins of African and Neotropical Beauveria bassiana sl pathogens of the coffee berry borer, Hypothenemus hampei. Journal of invertebrate pathology, 93(1), 11-21.",,full text
NEW,714,Hypothenemus hampei,2273,Beauveria bassiana,Fungi,pathogen; association report,Nicaragua,culture collection,,,,,"Rehner et al., 2006",2006,"Rehner, S. A., Posada, F., Buckley, E. P., Infante, F., Castillo, A., & Vega, F. E. (2006). Phylogenetic origins of African and Neotropical Beauveria bassiana sl pathogens of the coffee berry borer, Hypothenemus hampei. Journal of invertebrate pathology, 93(1), 11-21.",,full text
NEW,715,Hypothenemus hampei,2273,Beauveria bassiana,Fungi,pathogen; association report, Ivory Coast,culture collection,,,,,"Rehner et al., 2006",2006,"Rehner, S. A., Posada, F., Buckley, E. P., Infante, F., Castillo, A., & Vega, F. E. (2006). Phylogenetic origins of African and Neotropical Beauveria bassiana sl pathogens of the coffee berry borer, Hypothenemus hampei. Journal of invertebrate pathology, 93(1), 11-21.",,full text
NEW,716,Hypothenemus hampei,2273,Beauveria bassiana,Fungi,pathogen; association report,Colombia,culture collection,,,,,"Rehner et al., 2006",2006,"Rehner, S. A., Posada, F., Buckley, E. P., Infante, F., Castillo, A., & Vega, F. E. (2006). Phylogenetic origins of African and Neotropical Beauveria bassiana sl pathogens of the coffee berry borer, Hypothenemus hampei. Journal of invertebrate pathology, 93(1), 11-21.",,full text
NEW,717,Xyleborus affinis,2046,Metarhizium robertsii,Fungi,pathogen,Mexico,culture collection,,,pathogenicity test,,"Reynoso-López et al., 2021",2021,"Reynoso-López, E. A., Méndez-Hernández, J. E., Ek-Ramos, J., Montesinos-Matías, R., & Loera, O. (2021). Metarhizium robertsii in combination with Trichoderma asperellum reduce the malathion doses used to control ambrosia beetles: the case of Xyleborus affinis. Biocontrol Science and Technology, 31(10), 1080-1097.",,full text
NEW,718,Dendroctonus ponderosae,484,Beauveria bassiana,Fungi,pathogen,Canada,culture collection,,,,,"Rosana et al., 2021",2021,"Rosana, A. R. R., Pokorny, S., Klutsch, J. G., Ibarra-Romero, C., Sanichar, R., Engelhardt, D., ... & Vederas, J. C. (2021). Selection of entomopathogenic fungus Beauveria bassiana (Deuteromycotina: Hyphomycetes) for the biocontrol of Dendroctonus ponderosae (Coleoptera: Curculionidae, Scolytinae) in Western Canada. Applied Microbiology and Biotechnology, 105(6), 2541-2557.",,full text
NEW,719,Tomicus minor,520,Beauveria bassiana,Fungi,pathogen,Italy,isolated from cadaver,,,,,"Schebeck et al., 2016",2016,"Schebeck, M., Wrzosek, M., Clausi, M., Tarasco, E., Tkaczuk, C., & Wegensteiner, R. (2016). First record of Beauveria bassiana on Tomicus minor in Sicily.",,only English abstract
NEW,720,Dendroctonus micans,3927,Metarhizium anisopliae,Fungi,,Turkey,isolated from soil,,,virulence test,laboratory,"Sevim et al., 2009",2009,"Sevim, A., Demir, I., Tanyeli, E., & Demirbağ, Z. (2010). Screening of entomopathogenic fungi against the European spruce bark beetle, Dendroctonus micans (Coleoptera: Scolytidae). Biocontrol Science and Technology, 20(1), 3-11.",,full text
NEW,721,Dendroctonus micans,3927,Beauveria bassiana,Fungi,,Turkey,isolated from Rhynchites baccus and Thaumetopoea pityocampa,,,virulence test,laboratory,"Sevim et al., 2009",2009,"Sevim, A., Demir, I., Tanyeli, E., & Demirbağ, Z. (2010). Screening of entomopathogenic fungi against the European spruce bark beetle, Dendroctonus micans (Coleoptera: Scolytidae). Biocontrol Science and Technology, 20(1), 3-11.",,full text
NEW,722,Dendroctonus micans,3927,Beauveria cf. bassiana,Fungi,,Turkey,isolated from soil,,,virulence test,laboratory,"Sevim et al., 2009",2009,"Sevim, A., Demir, I., Tanyeli, E., & Demirbağ, Z. (2010). Screening of entomopathogenic fungi against the European spruce bark beetle, Dendroctonus micans (Coleoptera: Scolytidae). Biocontrol Science and Technology, 20(1), 3-11.",,full text
NEW,723,Dendroctonus micans,3927,Metarhizium sp.,Fungi,,Turkey,isolated from soil,,,virulence test,laboratory,"Sevim et al., 2009",2009,"Sevim, A., Demir, I., Tanyeli, E., & Demirbağ, Z. (2010). Screening of entomopathogenic fungi against the European spruce bark beetle, Dendroctonus micans (Coleoptera: Scolytidae). Biocontrol Science and Technology, 20(1), 3-11.",,full text
NEW,724,Dendroctonus micans,3927,Isaria fumosorosea,Fungi,,Turkey,isolated from soil,,,virulence test,laboratory,"Sevim et al., 2009",2009,"Sevim, A., Demir, I., Tanyeli, E., & Demirbağ, Z. (2010). Screening of entomopathogenic fungi against the European spruce bark beetle, Dendroctonus micans (Coleoptera: Scolytidae). Biocontrol Science and Technology, 20(1), 3-11.",,full text
NEW,725,Dendroctonus micans,3927,Evlachovaea sp.,Fungi,,Turkey,isolated from soil,,,virulence test,laboratory,"Sevim et al., 2009",2009,"Sevim, A., Demir, I., Tanyeli, E., & Demirbağ, Z. (2010). Screening of entomopathogenic fungi against the European spruce bark beetle, Dendroctonus micans (Coleoptera: Scolytidae). Biocontrol Science and Technology, 20(1), 3-11.",,full text
NEW,726,Dendroctonus frontalis,479,Flacherie virus ,Virus,,United States,isolated from infected beetle,,morphological,,,Sikorowski et al. 1996,1996,"Sikorowski P.P., A.M. Lawrence, T.E. Nebeker & T.S. Price 1996. Virus and Virus-like Particles Found in Southern Pine Beetle Adults in Mississippi and Georgia. Mississippi Agricultural & Forestry Experiment Station Technical Bulletin 212, 1-9.",,full text
NEW,727,Dendroctonus frontalis,479,Enteroviruses,Virus,,United States,isolated from infected beetle,,morphological,,,Sikorowski et al. 1996,1996,"Sikorowski P.P., A.M. Lawrence, T.E. Nebeker & T.S. Price 1996. Virus and Virus-like Particles Found in Southern Pine Beetle Adults in Mississippi and Georgia. Mississippi Agricultural & Forestry Experiment Station Technical Bulletin 212, 1-9.",,full text
NEW,728,Dendroctonus frontalis,479,Cardioviruses,Virus,,United States,isolated from infected beetle,,morphological,,,Sikorowski et al. 1996,1996,"Sikorowski P.P., A.M. Lawrence, T.E. Nebeker & T.S. Price 1996. Virus and Virus-like Particles Found in Southern Pine Beetle Adults in Mississippi and Georgia. Mississippi Agricultural & Forestry Experiment Station Technical Bulletin 212, 1-9.",,full text
NEW,729,Dendroctonus frontalis,479,Rhinoviruses,Virus,,United States,isolated from infected beetle,,morphological,,,Sikorowski et al. 1996,1996,"Sikorowski P.P., A.M. Lawrence, T.E. Nebeker & T.S. Price 1996. Virus and Virus-like Particles Found in Southern Pine Beetle Adults in Mississippi and Georgia. Mississippi Agricultural & Forestry Experiment Station Technical Bulletin 212, 1-9.",,full text
NEW,730,Dendroctonus frontalis,479,Aphthoviruses,Virus,,United States,isolated from infected beetle,,morphological,,,Sikorowski et al. 1996,1996,"Sikorowski P.P., A.M. Lawrence, T.E. Nebeker & T.S. Price 1996. Virus and Virus-like Particles Found in Southern Pine Beetle Adults in Mississippi and Georgia. Mississippi Agricultural & Forestry Experiment Station Technical Bulletin 212, 1-9.",,full text
NEW,731,Dendroctonus frontalis,479,Bunyaviruses,Virus,,United States,isolated from infected beetle,,morphological,,,Sikorowski et al. 1996,1996,"Sikorowski P.P., A.M. Lawrence, T.E. Nebeker & T.S. Price 1996. Virus and Virus-like Particles Found in Southern Pine Beetle Adults in Mississippi and Georgia. Mississippi Agricultural & Forestry Experiment Station Technical Bulletin 212, 1-9.",,full text
NEW,732,Dendroctonus frontalis,479,"Baculovirus, nuclear polyhedrosis viruses",Virus,,United States,isolated from infected beetle,,morphological,,,Sikorowski et al. 1996,1996,"Sikorowski P.P., A.M. Lawrence, T.E. Nebeker & T.S. Price 1996. Virus and Virus-like Particles Found in Southern Pine Beetle Adults in Mississippi and Georgia. Mississippi Agricultural & Forestry Experiment Station Technical Bulletin 212, 1-9.",,full text
NEW,733,Dendroctonus frontalis,479,"Baculovirus, granulosis viruses",Virus,,United States,isolated from infected beetle,,morphological,,,Sikorowski et al. 1996,1996,"Sikorowski P.P., A.M. Lawrence, T.E. Nebeker & T.S. Price 1996. Virus and Virus-like Particles Found in Southern Pine Beetle Adults in Mississippi and Georgia. Mississippi Agricultural & Forestry Experiment Station Technical Bulletin 212, 1-9.",,full text
NEW,734,Dendroctonus frontalis,479,"Baculovirus, nonoccluded rod-shaped nuclear viruses",Virus,,United States,isolated from infected beetle,,morphological,,,Sikorowski et al. 1996,1996,"Sikorowski P.P., A.M. Lawrence, T.E. Nebeker & T.S. Price 1996. Virus and Virus-like Particles Found in Southern Pine Beetle Adults in Mississippi and Georgia. Mississippi Agricultural & Forestry Experiment Station Technical Bulletin 212, 1-9.",,full text
NEW,735,Dendroctonus frontalis,479,Unknown small RNA viruses,Virus,,United States,isolated from infected beetle,,morphological,,,Sikorowski et al. 1996,1996,"Sikorowski P.P., A.M. Lawrence, T.E. Nebeker & T.S. Price 1996. Virus and Virus-like Particles Found in Southern Pine Beetle Adults in Mississippi and Georgia. Mississippi Agricultural & Forestry Experiment Station Technical Bulletin 212, 1-9.",,full text
NEW,736,Tomicus piniperda,521,Beauveria bassiana,Fungi,association report,Finland,,,,,,"Silva et al., 2015",2015,"Silva, X., Terhonen, E., Sun, H., Kasanen, R., Heliövaara, K., Jalkanen, R., & Asiegbu, F. O. (2015). Comparative analyses of fungal biota carried by the pine shoot beetle (Tomicus piniperda L.) in northern and southern Finland. Scandinavian Journal of Forest Research, 30(6), 497-506.",,full text
NEW,737,Ips duplicatus,5921,Contortylenchus cylindricus,Nematode,parasite,,,,,,,"Slankis, 1967",1967,"Slankis, A. (1967). Contortylenchus cylindricus n. sp. and Contortylenchus rarus n. sp.(Tylenchida: Contortylenchidae) parasitic in bark beetles and taxonomic notes on the genus Contortylenchus Ruhm 1956.",,only English abstract
NEW,738,Hylurgops starki,199007,Contortylenchus rarus,Nematode,parasite,,,,,,,"Slankis, 1967",1967,"Slankis, A. (1967). Contortylenchus cylindricus n. sp. and Contortylenchus rarus n. sp.(Tylenchida: Contortylenchidae) parasitic in bark beetles and taxonomic notes on the genus Contortylenchus Ruhm 1956.",,only English abstract
NEW,739,Ips sexdentatus,1728,Contortylenchus pseudodiplogaster,Nematode,parasite,Russia,,,,,,"Slankis, 1969",1969,"Slankis, A. (1969). A new species of endoparasitic nematode, Contortylenchus pseudodiplogaster n. sp. from the bark beetle, Ips sexdentatus.",,
NEW,740,Dendroctonus simplex,489,Beauveria bassiana,Fungi,pathogen,Canada,culture collection,,,pathogenicity test,laboratory,"Srei et al., 2017",2017,"Srei, N., Lavallée, R., & Guertin, C. (2017). Susceptibility of Dendroctonus simplex to Hypocreales fungi: towards the development of a biological control strategy. Journal of Applied Entomology, 141(6), 487-495.",,full text
NEW,741,Dendroctonus simplex,489,Lecanicillium attenuatum,Fungi,pathogen,Canada,culture collection,,,pathogenicity test,laboratory,"Srei et al., 2017",2017,"Srei, N., Lavallée, R., & Guertin, C. (2017). Susceptibility of Dendroctonus simplex to Hypocreales fungi: towards the development of a biological control strategy. Journal of Applied Entomology, 141(6), 487-495.",,full text
NEW,742,Dendroctonus simplex,489,Metarhizium anisopliae,Fungi,pathogen,Canada,culture collection,,,pathogenicity test,laboratory,"Srei et al., 2017",2017,"Srei, N., Lavallée, R., & Guertin, C. (2017). Susceptibility of Dendroctonus simplex to Hypocreales fungi: towards the development of a biological control strategy. Journal of Applied Entomology, 141(6), 487-495.",,full text
NEW,743,Ips sexdentatus,1728,Beauveria bassiana,Fungi,pathogen,,,,,,laboratory,"Steinwender et al., 2010",2010,"Steinwender, B. M., Krenn, H. W., & Wegensteiner, R. (2010). Different effects of the insectpathogenic fungus Beauveria bassiana (Deuteromycota) on the bark beetle Ips sexdentatus (Coleoptera: Curculionidae) and on its predator Thanasimus formicarius (Coleoptera: Cleridae). Journal of Plant Diseases and Protection, 117(1), 33-38.",,full text
NEW,744,Ips typographus,1733,Unknown Pathogen,Virus,viral diversity survey; high-throughput sequencing of total RNA,Finland,evaluation of viral diversity from beetles,,molecular,,,"Sutela et al., 2024",2024,"Sutela, S., Siitonen, J., Ylioja, T., & Vainio, E. J. (2024). Viral diversity in the European spruce bark beetle Ips typographus as revealed through high-throughput sequencing. Crop Protection, 181, 106706.",,full text
NEW,745,Ips typographus,1733,Beauveria bassiana,Fungi,pathogen,,,,,pathogenicity test,semi-controlled laboratory condition,"Tabakovic-Tošic and Milosavljevic, 2023",2023,"Tabakovic-Tošic, M., & Milosavljevic, M. (2023). Biological efficacy of the entomopathogenic fungus Beauveria bassiana for controlling the European spruce bark beetle Ips typographus (Coleoptera: Curculionidae) in semi-controlled laboratory conditions.",,only English abstract
NEW,746,Ips sexdentatus,1728,Gregarina typographi,Protist,association report,Bulgaria,,,,,,"Takov and Pilarska, 2008",2008,"Takov, D., & Pilarska, D. (2008). Prevalence of Gregarina typographi Fuchs (Apicomplexa: Gregarinidae) and nematodes (Nematoda) in bark beetles (Coleoptera: Scolytinae) from Bulgaria depending on the host gender. Acta zoologica bulgarica, 60(3), 227-232.",,full text
NEW,747,Ips acuminatus,1695,Gregarina typographi,Protist,association report,Bulgaria,,,,,,"Takov and Pilarska, 2008",2008,"Takov, D., & Pilarska, D. (2008). Prevalence of Gregarina typographi Fuchs (Apicomplexa: Gregarinidae) and nematodes (Nematoda) in bark beetles (Coleoptera: Scolytinae) from Bulgaria depending on the host gender. Acta zoologica bulgarica, 60(3), 227-232.",,full text
NEW,748,Ips typographus,1733,ItEPV,Virus,,Bulgaria,,,,,,"Takov and Pilarska, 2009",2009,"Takov, D., & Pilarska, D. (2009). Single and mixed infections in Ips typographus (Coleoptera: Scolytinae) caused by the entomopathogens Entomopoxvirus typographi (Virales), Gregarina typographi (Sporozoa) and Chytridiopsis typographi (Microsporidia). Acta Zool Bulg, 61(1), 45-48.",,full text
NEW,749,Ips typographus,1733,Gregarina typographi,Protist,,Bulgaria,,,,,,"Takov and Pilarska, 2009",2009,"Takov, D., & Pilarska, D. (2009). Single and mixed infections in Ips typographus (Coleoptera: Scolytinae) caused by the entomopathogens Entomopoxvirus typographi (Virales), Gregarina typographi (Sporozoa) and Chytridiopsis typographi (Microsporidia). Acta Zool Bulg, 61(1), 45-48.",,full text
NEW,750,Ips typographus,1733,Chytridiopsis typographi,Microsporidia,,Bulgaria,,,,,,"Takov and Pilarska, 2009",2009,"Takov, D., & Pilarska, D. (2009). Single and mixed infections in Ips typographus (Coleoptera: Scolytinae) caused by the entomopathogens Entomopoxvirus typographi (Virales), Gregarina typographi (Sporozoa) and Chytridiopsis typographi (Microsporidia). Acta Zool Bulg, 61(1), 45-48.",,full text
NEW,751,Ips typographus,1733,ItEPV,Virus,pathogen,Bulgaria,isolated from beetle,,morphological,,,"Takov et al., 2006",2006,"Takov, D., Pilarska, D., & Wegensteiner, R. (2006). Entomopathogens in Ips typographus (Coleoptera: Scolytidae) from several spruce stands in Bulgaria. Acta zoologica bulgarica, 58(3), 409-420.",,full text
NEW,752,Ips typographus,1733,Gregarina typographi,Protist,pathogen,Bulgaria,isolated from beetle,,morphological,,,"Takov et al., 2006",2006,"Takov, D., Pilarska, D., & Wegensteiner, R. (2006). Entomopathogens in Ips typographus (Coleoptera: Scolytidae) from several spruce stands in Bulgaria. Acta zoologica bulgarica, 58(3), 409-420.",,full text
NEW,753,Ips typographus,1733,Contortylenchus diplogaster,Nematode,pathogen,Bulgaria,isolated from beetle,,morphological,,,"Takov et al., 2006",2006,"Takov, D., Pilarska, D., & Wegensteiner, R. (2006). Entomopathogens in Ips typographus (Coleoptera: Scolytidae) from several spruce stands in Bulgaria. Acta zoologica bulgarica, 58(3), 409-420.",,full text
NEW,754,Ips typographus,1733,Cryptaphelenchus macrogaster,Nematode,pathogen,Bulgaria,isolated from beetle,,morphological,,,"Takov et al., 2006",2006,"Takov, D., Pilarska, D., & Wegensteiner, R. (2006). Entomopathogens in Ips typographus (Coleoptera: Scolytidae) from several spruce stands in Bulgaria. Acta zoologica bulgarica, 58(3), 409-420.",,full text
NEW,755,Ips typographus,1733,Chytridiopsis typographi,Microsporidia,pathogen,Bulgaria,isolated from beetle,,morphological,,,"Takov et al., 2006",2006,"Takov, D., Pilarska, D., & Wegensteiner, R. (2006). Entomopathogens in Ips typographus (Coleoptera: Scolytidae) from several spruce stands in Bulgaria. Acta zoologica bulgarica, 58(3), 409-420.",,full text
NEW,756,Ips typographus,1733,Beauveria bassiana,Fungi,pathogen,Bulgaria,isolated from beetle,,morphological,,,"Takov et al., 2006",2006,"Takov, D., Pilarska, D., & Wegensteiner, R. (2006). Entomopathogens in Ips typographus (Coleoptera: Scolytidae) from several spruce stands in Bulgaria. Acta zoologica bulgarica, 58(3), 409-420.",,full text
NEW,757,Ips sexdentatus,1728,Beauveria bassiana,Fungi,,Bulgaria,isolated from beetle,,,,,"Takov et al., 2007",2007,"Takov, D., Doychev, D., Wegensteiner, R., Pilarska, D., 2007. Study of bark beetle (Coleoptera, Scolytidae) pathogens from coniferous stands in Bulgaria. Acta Zool. Bulg. 59, 87–96.",,full text
NEW,758,Ips typographus,1733,ItEPV,Virus,,Bulgaria,isolated from beetle,,,,,"Takov et al., 2007",2007,"Takov, D., Doychev, D., Wegensteiner, R., Pilarska, D., 2007. Study of bark beetle (Coleoptera, Scolytidae) pathogens from coniferous stands in Bulgaria. Acta Zool. Bulg. 59, 87–96.",,full text
NEW,759,Ips typographus,1733,Beauveria bassiana,Fungi,,Bulgaria,isolated from beetle,,,,,"Takov et al., 2007",2007,"Takov, D., Doychev, D., Wegensteiner, R., Pilarska, D., 2007. Study of bark beetle (Coleoptera, Scolytidae) pathogens from coniferous stands in Bulgaria. Acta Zool. Bulg. 59, 87–96.",,full text
NEW,760,Ips typographus,1733,Gregarina typographi,Protist,,Bulgaria,isolated from beetle,,,,,"Takov et al., 2007",2007,"Takov, D., Doychev, D., Wegensteiner, R., Pilarska, D., 2007. Study of bark beetle (Coleoptera, Scolytidae) pathogens from coniferous stands in Bulgaria. Acta Zool. Bulg. 59, 87–96.",,full text
NEW,761,Ips sexdentatus,1728,Gregarina typographi,Protist,,Bulgaria,isolated from beetle,,,,,"Takov et al., 2007",2007,"Takov, D., Doychev, D., Wegensteiner, R., Pilarska, D., 2007. Study of bark beetle (Coleoptera, Scolytidae) pathogens from coniferous stands in Bulgaria. Acta Zool. Bulg. 59, 87–96.",,full text
NEW,762,Ips acuminatus,1695,Gregarina cf. typographi,Protist,,Bulgaria,isolated from beetle,,,,,"Takov et al., 2007",2007,"Takov, D., Doychev, D., Wegensteiner, R., Pilarska, D., 2007. Study of bark beetle (Coleoptera, Scolytidae) pathogens from coniferous stands in Bulgaria. Acta Zool. Bulg. 59, 87–96.",,full text
NEW,763,Ips acuminatus,1695,Chytridiopsis typographi,Microsporidia,,Bulgaria,isolated from beetle,,,,,"Takov et al., 2007",2007,"Takov, D., Doychev, D., Wegensteiner, R., Pilarska, D., 2007. Study of bark beetle (Coleoptera, Scolytidae) pathogens from coniferous stands in Bulgaria. Acta Zool. Bulg. 59, 87–96.",,full text
NEW,764,Pityogenes chalcographus,1739,Gregarina cf. typographi,Protist,,Bulgaria,isolated from beetle,,,,,"Takov et al., 2007",2007,"Takov, D., Doychev, D., Wegensteiner, R., Pilarska, D., 2007. Study of bark beetle (Coleoptera, Scolytidae) pathogens from coniferous stands in Bulgaria. Acta Zool. Bulg. 59, 87–96.",,full text
NEW,765,Pityogenes chalcographus,1739,Menzbieria chalcographi,Protist,,Bulgaria,isolated from beetle,,,,,"Takov et al., 2007",2007,"Takov, D., Doychev, D., Wegensteiner, R., Pilarska, D., 2007. Study of bark beetle (Coleoptera, Scolytidae) pathogens from coniferous stands in Bulgaria. Acta Zool. Bulg. 59, 87–96.",,full text
NEW,766,Orthotomicus proximus,5944,Gregarina cf. typographi,Protist,,Bulgaria,isolated from beetle,,,,,"Takov et al., 2007",2007,"Takov, D., Doychev, D., Wegensteiner, R., Pilarska, D., 2007. Study of bark beetle (Coleoptera, Scolytidae) pathogens from coniferous stands in Bulgaria. Acta Zool. Bulg. 59, 87–96.",,full text
NEW,767,Orthotomicus proximus,5944,Chytridiopsis cf. typographi,Microsporidia,,Bulgaria,isolated from beetle,,,,,"Takov et al., 2007",2007,"Takov, D., Doychev, D., Wegensteiner, R., Pilarska, D., 2007. Study of bark beetle (Coleoptera, Scolytidae) pathogens from coniferous stands in Bulgaria. Acta Zool. Bulg. 59, 87–96.",,full text
NEW,768,Pityophthorus pityographus,2755,Malamoeba scolyti,Protist,,Bulgaria,isolated from beetle,,,,,"Takov et al., 2007",2007,"Takov, D., Doychev, D., Wegensteiner, R., Pilarska, D., 2007. Study of bark beetle (Coleoptera, Scolytidae) pathogens from coniferous stands in Bulgaria. Acta Zool. Bulg. 59, 87–96.",,full text
NEW,769,Polygraphus subopacus,8959,Gregarina cf. typographi,Protist,,Bulgaria,isolated from beetle,,,,,"Takov et al., 2007",2007,"Takov, D., Doychev, D., Wegensteiner, R., Pilarska, D., 2007. Study of bark beetle (Coleoptera, Scolytidae) pathogens from coniferous stands in Bulgaria. Acta Zool. Bulg. 59, 87–96.",,full text
NEW,770,Cryphalus saltuarius,8189,Chytridiopsis cf. typographi,Microsporidia,,Bulgaria,isolated from beetle,,,,,"Takov et al., 2007",2007,"Takov, D., Doychev, D., Wegensteiner, R., Pilarska, D., 2007. Study of bark beetle (Coleoptera, Scolytidae) pathogens from coniferous stands in Bulgaria. Acta Zool. Bulg. 59, 87–96.",,full text
NEW,771,Hylurgus ligniperda,502,Nosema sp.,Microsporidia,,Bulgaria,isolated from beetle,,,,,"Takov et al., 2007",2007,"Takov, D., Doychev, D., Wegensteiner, R., Pilarska, D., 2007. Study of bark beetle (Coleoptera, Scolytidae) pathogens from coniferous stands in Bulgaria. Acta Zool. Bulg. 59, 87–96.",,full text
NEW,772,Hylurgops palliatus,409,Beauveria bassiana,Fungi,pathogen,Bulgaria,,,,,,"Takov et al., 2011",2011,"Takov, D., Doychev, D., Linde, A., Draganova, S., Pilarska, D., 2011. Pathogens of bark beetles (Coleoptera: Curculionidae) in Bulgarian forests. Phytoparasitica 39, 343–352.",,full text
NEW,773,Ips sexdentatus,1728,Gregarina typographi,Protist,pathogen,Bulgaria,,,,,,"Takov et al., 2011",2011,"Takov, D., Doychev, D., Linde, A., Draganova, S., Pilarska, D., 2011. Pathogens of bark beetles (Coleoptera: Curculionidae) in Bulgarian forests. Phytoparasitica 39, 343–352.",,full text
NEW,774,Ips typographus,1733,Gregarina typographi,Protist,pathogen,Bulgaria,,,,,,"Takov et al., 2011",2011,"Takov, D., Doychev, D., Linde, A., Draganova, S., Pilarska, D., 2011. Pathogens of bark beetles (Coleoptera: Curculionidae) in Bulgarian forests. Phytoparasitica 39, 343–352.",,full text
NEW,775,Taphrorychus villifrons,6268,Gregarina sp.,Protist,pathogen,Bulgaria,,,,,,"Takov et al., 2011",2011,"Takov, D., Doychev, D., Linde, A., Draganova, S., Pilarska, D., 2011. Pathogens of bark beetles (Coleoptera: Curculionidae) in Bulgarian forests. Phytoparasitica 39, 343–352.",,full text
NEW,776,Pityogenes conjunctus,5951,Gregarina sp.,Protist,pathogen,Bulgaria,,,,,,"Takov et al., 2011",2011,"Takov, D., Doychev, D., Linde, A., Draganova, S., Pilarska, D., 2011. Pathogens of bark beetles (Coleoptera: Curculionidae) in Bulgarian forests. Phytoparasitica 39, 343–352.",,full text
NEW,777,Pityogenes chalcographus,1739,Gregarina sp.,Protist,pathogen,Bulgaria,,,,,,"Takov et al., 2011",2011,"Takov, D., Doychev, D., Linde, A., Draganova, S., Pilarska, D., 2011. Pathogens of bark beetles (Coleoptera: Curculionidae) in Bulgarian forests. Phytoparasitica 39, 343–352.",,full text
NEW,778,Pityogenes bistridentatus,5949,Gregarina sp.,Protist,pathogen,Bulgaria,,,,,,"Takov et al., 2011",2011,"Takov, D., Doychev, D., Linde, A., Draganova, S., Pilarska, D., 2011. Pathogens of bark beetles (Coleoptera: Curculionidae) in Bulgarian forests. Phytoparasitica 39, 343–352.",,full text
NEW,779,Orthotomicus proximus,5944,Gregarina sp.,Protist,pathogen,Bulgaria,,,,,,"Takov et al., 2011",2011,"Takov, D., Doychev, D., Linde, A., Draganova, S., Pilarska, D., 2011. Pathogens of bark beetles (Coleoptera: Curculionidae) in Bulgarian forests. Phytoparasitica 39, 343–352.",,full text
NEW,780,Orthotomicus erosus,1708,Gregarina sp.,Protist,pathogen,Bulgaria,,,,,,"Takov et al., 2011",2011,"Takov, D., Doychev, D., Linde, A., Draganova, S., Pilarska, D., 2011. Pathogens of bark beetles (Coleoptera: Curculionidae) in Bulgarian forests. Phytoparasitica 39, 343–352.",,full text
NEW,781,Hylurgus ligniperda,502,Nosema sp.,Microsporidia,pathogen,Bulgaria,,,,,,"Takov et al., 2011",2011,"Takov, D., Doychev, D., Linde, A., Draganova, S., Pilarska, D., 2011. Pathogens of bark beetles (Coleoptera: Curculionidae) in Bulgarian forests. Phytoparasitica 39, 343–352.",,full text
NEW,782,Taphrorychus villifrons,6268,Nosema sp.,Microsporidia,pathogen,Bulgaria,,,,,,"Takov et al., 2011",2011,"Takov, D., Doychev, D., Linde, A., Draganova, S., Pilarska, D., 2011. Pathogens of bark beetles (Coleoptera: Curculionidae) in Bulgarian forests. Phytoparasitica 39, 343–352.",,full text
NEW,783,Ips acuminatus,1695,Chytridiopsis sp.,Microsporidia,pathogen,Bulgaria,,,,,,"Takov et al., 2011",2011,"Takov, D., Doychev, D., Linde, A., Draganova, S., Pilarska, D., 2011. Pathogens of bark beetles (Coleoptera: Curculionidae) in Bulgarian forests. Phytoparasitica 39, 343–352.",,full text
NEW,784,Dryocoetes autographus,1837,Nematodan,Nematode,pathogen; did not identify species,Bulgaria,,,,,,"Takov et al., 2011",2011,"Takov, D., Doychev, D., Linde, A., Draganova, S., Pilarska, D., 2011. Pathogens of bark beetles (Coleoptera: Curculionidae) in Bulgarian forests. Phytoparasitica 39, 343–352.",,full text
NEW,785,Hylurgops palliatus,409,Nematodan,Nematode,pathogen; did not identify species,Bulgaria,,,,,,"Takov et al., 2011",2011,"Takov, D., Doychev, D., Linde, A., Draganova, S., Pilarska, D., 2011. Pathogens of bark beetles (Coleoptera: Curculionidae) in Bulgarian forests. Phytoparasitica 39, 343–352.",,full text
NEW,786,Hylurgus ligniperda,502,Nematodan,Nematode,pathogen; did not identify species,Bulgaria,,,,,,"Takov et al., 2011",2011,"Takov, D., Doychev, D., Linde, A., Draganova, S., Pilarska, D., 2011. Pathogens of bark beetles (Coleoptera: Curculionidae) in Bulgarian forests. Phytoparasitica 39, 343–352.",,full text
NEW,787,Ips acuminatus,1695,Nematodan,Nematode,pathogen; did not identify species,Bulgaria,,,,,,"Takov et al., 2011",2011,"Takov, D., Doychev, D., Linde, A., Draganova, S., Pilarska, D., 2011. Pathogens of bark beetles (Coleoptera: Curculionidae) in Bulgarian forests. Phytoparasitica 39, 343–352.",,full text
NEW,788,Ips sexdentatus,1728,Nematodan,Nematode,pathogen; did not identify species,Bulgaria,,,,,,"Takov et al., 2011",2011,"Takov, D., Doychev, D., Linde, A., Draganova, S., Pilarska, D., 2011. Pathogens of bark beetles (Coleoptera: Curculionidae) in Bulgarian forests. Phytoparasitica 39, 343–352.",,full text
NEW,789,Ips typographus,1733,Nematodan,Nematode,pathogen; did not identify species,Bulgaria,,,,,,"Takov et al., 2011",2011,"Takov, D., Doychev, D., Linde, A., Draganova, S., Pilarska, D., 2011. Pathogens of bark beetles (Coleoptera: Curculionidae) in Bulgarian forests. Phytoparasitica 39, 343–352.",,full text
NEW,790,Orthotomicus erosus,1708,Nematodan,Nematode,pathogen; did not identify species,Bulgaria,,,,,,"Takov et al., 2011",2011,"Takov, D., Doychev, D., Linde, A., Draganova, S., Pilarska, D., 2011. Pathogens of bark beetles (Coleoptera: Curculionidae) in Bulgarian forests. Phytoparasitica 39, 343–352.",,full text
NEW,791,Orthotomicus laricis,1736,Nematodan,Nematode,pathogen; did not identify species,Bulgaria,,,,,,"Takov et al., 2011",2011,"Takov, D., Doychev, D., Linde, A., Draganova, S., Pilarska, D., 2011. Pathogens of bark beetles (Coleoptera: Curculionidae) in Bulgarian forests. Phytoparasitica 39, 343–352.",,full text
NEW,792,Orthotomicus longicollis,5940,Nematodan,Nematode,pathogen; did not identify species,Bulgaria,,,,,,"Takov et al., 2011",2011,"Takov, D., Doychev, D., Linde, A., Draganova, S., Pilarska, D., 2011. Pathogens of bark beetles (Coleoptera: Curculionidae) in Bulgarian forests. Phytoparasitica 39, 343–352.",,full text
NEW,793,Orthotomicus proximus,5944,Nematodan,Nematode,pathogen; did not identify species,Bulgaria,,,,,,"Takov et al., 2011",2011,"Takov, D., Doychev, D., Linde, A., Draganova, S., Pilarska, D., 2011. Pathogens of bark beetles (Coleoptera: Curculionidae) in Bulgarian forests. Phytoparasitica 39, 343–352.",,full text
NEW,794,Pityogenes bidentatus,1737,Nematodan,Nematode,pathogen; did not identify species,Bulgaria,,,,,,"Takov et al., 2011",2011,"Takov, D., Doychev, D., Linde, A., Draganova, S., Pilarska, D., 2011. Pathogens of bark beetles (Coleoptera: Curculionidae) in Bulgarian forests. Phytoparasitica 39, 343–352.",,full text
NEW,795,Pityogenes bistridentatus,5949,Nematodan,Nematode,pathogen; did not identify species,Bulgaria,,,,,,"Takov et al., 2011",2011,"Takov, D., Doychev, D., Linde, A., Draganova, S., Pilarska, D., 2011. Pathogens of bark beetles (Coleoptera: Curculionidae) in Bulgarian forests. Phytoparasitica 39, 343–352.",,full text
NEW,796,Pityogenes chalcographus,1739,Nematodan,Nematode,pathogen; did not identify species,Bulgaria,,,,,,"Takov et al., 2011",2011,"Takov, D., Doychev, D., Linde, A., Draganova, S., Pilarska, D., 2011. Pathogens of bark beetles (Coleoptera: Curculionidae) in Bulgarian forests. Phytoparasitica 39, 343–352.",,full text
NEW,797,Pityogenes conjunctus,5951,Nematodan,Nematode,pathogen; did not identify species,Bulgaria,,,,,,"Takov et al., 2011",2011,"Takov, D., Doychev, D., Linde, A., Draganova, S., Pilarska, D., 2011. Pathogens of bark beetles (Coleoptera: Curculionidae) in Bulgarian forests. Phytoparasitica 39, 343–352.",,full text
NEW,798,Pityogenes quadridens,1746,Nematodan,Nematode,pathogen; did not identify species,Bulgaria,,,,,,"Takov et al., 2011",2011,"Takov, D., Doychev, D., Linde, A., Draganova, S., Pilarska, D., 2011. Pathogens of bark beetles (Coleoptera: Curculionidae) in Bulgarian forests. Phytoparasitica 39, 343–352.",,full text
NEW,799,Taphrorychus villifrons,6268,Nematodan,Nematode,pathogen; did not identify species,Bulgaria,,,,,,"Takov et al., 2011",2011,"Takov, D., Doychev, D., Linde, A., Draganova, S., Pilarska, D., 2011. Pathogens of bark beetles (Coleoptera: Curculionidae) in Bulgarian forests. Phytoparasitica 39, 343–352.",,full text
NEW,800,Tomicus minor,520,Nematodan,Nematode,pathogen; did not identify species,Bulgaria,,,,,,"Takov et al., 2011",2011,"Takov, D., Doychev, D., Linde, A., Draganova, S., Pilarska, D., 2011. Pathogens of bark beetles (Coleoptera: Curculionidae) in Bulgarian forests. Phytoparasitica 39, 343–352.",,full text
NEW,801,Tomicus piniperda,521,Nematodan,Nematode,pathogen; did not identify species,Bulgaria,,,,,,"Takov et al., 2011",2011,"Takov, D., Doychev, D., Linde, A., Draganova, S., Pilarska, D., 2011. Pathogens of bark beetles (Coleoptera: Curculionidae) in Bulgarian forests. Phytoparasitica 39, 343–352.",,full text
NEW,802,Xyleborinus saxesenii,2037,Nematodan,Nematode,pathogen; did not identify species,Bulgaria,,,,,,"Takov et al., 2011",2011,"Takov, D., Doychev, D., Linde, A., Draganova, S., Pilarska, D., 2011. Pathogens of bark beetles (Coleoptera: Curculionidae) in Bulgarian forests. Phytoparasitica 39, 343–352.",,full text
NEW,803,Tomicus piniperda,521,Beauveria bassiana,Fungi,,Bulgaria,,,morphological,,,"Takov et al., 2012",2012,"Takov, D. I., Doychev, D. D., Linde, A., Atanasova Draganova, S., & Kirilova Pilarska, D. (2012). Pathogens of bark beetles (Curculionidae: Scolytinae) and other beetles in Bulgaria. Biologia, 67(5), 966-972.",,full text
NEW,804,Orthotomicus longicollis,5940,Beauveria bassiana,Fungi,,Bulgaria,,,morphological,,,"Takov et al., 2012",2012,"Takov, D. I., Doychev, D. D., Linde, A., Atanasova Draganova, S., & Kirilova Pilarska, D. (2012). Pathogens of bark beetles (Curculionidae: Scolytinae) and other beetles in Bulgaria. Biologia, 67(5), 966-972.",,full text
NEW,805,Ips typographus,1733,Beauveria bassiana,Fungi,,Bulgaria,,,morphological,,,"Takov et al., 2012",2012,"Takov, D. I., Doychev, D. D., Linde, A., Atanasova Draganova, S., & Kirilova Pilarska, D. (2012). Pathogens of bark beetles (Curculionidae: Scolytinae) and other beetles in Bulgaria. Biologia, 67(5), 966-972.",,full text
NEW,806,Hylurgops palliatus,409,Beauveria bassiana,Fungi,,Bulgaria,,,morphological,,,"Takov et al., 2012",2012,"Takov, D. I., Doychev, D. D., Linde, A., Atanasova Draganova, S., & Kirilova Pilarska, D. (2012). Pathogens of bark beetles (Curculionidae: Scolytinae) and other beetles in Bulgaria. Biologia, 67(5), 966-972.",,full text
NEW,807,Ips sexdentatus,1728,Beauveria bassiana,Fungi,,Bulgaria,,,morphological,,,"Takov et al., 2012",2012,"Takov, D. I., Doychev, D. D., Linde, A., Atanasova Draganova, S., & Kirilova Pilarska, D. (2012). Pathogens of bark beetles (Curculionidae: Scolytinae) and other beetles in Bulgaria. Biologia, 67(5), 966-972.",,full text
NEW,808,Hylurgops palliatus,409,Beauveria brongniartii,Fungi,,Bulgaria,,,morphological,,,"Takov et al., 2012",2012,"Takov, D. I., Doychev, D. D., Linde, A., Atanasova Draganova, S., & Kirilova Pilarska, D. (2012). Pathogens of bark beetles (Curculionidae: Scolytinae) and other beetles in Bulgaria. Biologia, 67(5), 966-972.",,full text
NEW,809,Ips typographus,1733,Beauveria brongniartii,Fungi,,Bulgaria,,,morphological,,,"Takov et al., 2012",2012,"Takov, D. I., Doychev, D. D., Linde, A., Atanasova Draganova, S., & Kirilova Pilarska, D. (2012). Pathogens of bark beetles (Curculionidae: Scolytinae) and other beetles in Bulgaria. Biologia, 67(5), 966-972.",,full text
NEW,810,Ips typographus,1733,Gregarina typographi,Protist,,Bulgaria,,,morphological,,,"Takov et al., 2012",2012,"Takov, D. I., Doychev, D. D., Linde, A., Atanasova Draganova, S., & Kirilova Pilarska, D. (2012). Pathogens of bark beetles (Curculionidae: Scolytinae) and other beetles in Bulgaria. Biologia, 67(5), 966-972.",,full text
NEW,811,Ips sexdentatus,1728,Gregarina typographi,Protist,,Bulgaria,,,morphological,,,"Takov et al., 2012",2012,"Takov, D. I., Doychev, D. D., Linde, A., Atanasova Draganova, S., & Kirilova Pilarska, D. (2012). Pathogens of bark beetles (Curculionidae: Scolytinae) and other beetles in Bulgaria. Biologia, 67(5), 966-972.",,full text
NEW,812,Orthotomicus longicollis,5940,Gregarina spp.,Protist,,Bulgaria,,,morphological,,,"Takov et al., 2012",2012,"Takov, D. I., Doychev, D. D., Linde, A., Atanasova Draganova, S., & Kirilova Pilarska, D. (2012). Pathogens of bark beetles (Curculionidae: Scolytinae) and other beetles in Bulgaria. Biologia, 67(5), 966-972.",,full text
NEW,813,Ips amitinus,1696,Gregarina spp.,Protist,,Bulgaria,,,morphological,,,"Takov et al., 2012",2012,"Takov, D. I., Doychev, D. D., Linde, A., Atanasova Draganova, S., & Kirilova Pilarska, D. (2012). Pathogens of bark beetles (Curculionidae: Scolytinae) and other beetles in Bulgaria. Biologia, 67(5), 966-972.",,full text
NEW,814,Ips typographus,1733,Chytridiopsis typographi,Microsporidia,,Bulgaria,,,morphological,,,"Takov et al., 2012",2012,"Takov, D. I., Doychev, D. D., Linde, A., Atanasova Draganova, S., & Kirilova Pilarska, D. (2012). Pathogens of bark beetles (Curculionidae: Scolytinae) and other beetles in Bulgaria. Biologia, 67(5), 966-972.",,full text
NEW,815,Ips typographus,1733,ItEPV,Virus,,Bulgaria,,,morphological,,,"Takov et al., 2012",2012,"Takov, D. I., Doychev, D. D., Linde, A., Atanasova Draganova, S., & Kirilova Pilarska, D. (2012). Pathogens of bark beetles (Curculionidae: Scolytinae) and other beetles in Bulgaria. Biologia, 67(5), 966-972.",,full text
NEW,816,Ips sexdentatus,1728,Isaria farinosa,Fungi,,Bulgaria,,,morphological,,,"Takov et al., 2012",2012,"Takov, D. I., Doychev, D. D., Linde, A., Atanasova Draganova, S., & Kirilova Pilarska, D. (2012). Pathogens of bark beetles (Curculionidae: Scolytinae) and other beetles in Bulgaria. Biologia, 67(5), 966-972.",,full text
NEW,817,Ips amitinus,1696,Chytridiopsis sp.,Microsporidia,,Bulgaria,,,morphological,,,"Takov et al., 2012",2012,"Takov, D. I., Doychev, D. D., Linde, A., Atanasova Draganova, S., & Kirilova Pilarska, D. (2012). Pathogens of bark beetles (Curculionidae: Scolytinae) and other beetles in Bulgaria. Biologia, 67(5), 966-972.",,full text
NEW,818,Orthotomicus longicollis,5940,Chytridiopsis sp.,Microsporidia,,Bulgaria,,,morphological,,,"Takov et al., 2012",2012,"Takov, D. I., Doychev, D. D., Linde, A., Atanasova Draganova, S., & Kirilova Pilarska, D. (2012). Pathogens of bark beetles (Curculionidae: Scolytinae) and other beetles in Bulgaria. Biologia, 67(5), 966-972.",,full text
NEW,819,Dendroctonus armandi,8867,Entomopoxvirus,Virus,,,,,,,,"Tang and Sun, 1990",1990,"Tang X. & M. Fan 1990. Study on DNA and polypeptides of a smallpox virus in Dendroctonus armandi Tsai et Li. Microbiology of Insects Beijing 17, 258-61.",,only English abstract
NEW,820,Hypothenemus hampei,2273,Beauveria bassiana,Fungi,,China,,,,virulence test; testing nine strains,,"Tang, 1999",1999,Toxicity of Beauveria bassiana strains against Hypothenemus hampei,,full text
NEW,821,Dendroctonus micans,3927,Lecanicillium muscarium,Fungi,pathogen,,isolated from cadaver,cuticular contact,morphological,virulence test,laboratory,"Tanyeli et al., 2010",2010,"Tanyeli, E., Sevim, A., Demirbag, Z., Eroglu, M., & Demir, I. (2010). Isolation and virulence of entomopathogenic fungi against the great spruce bark beetle, Dendroctonus micans (Kugelann)(Coleoptera: Scolytidae). Biocontrol Science and Technology, 20(7), 695-701.",,full text
NEW,822,Dendroctonus micans,3927,Isaria farinosa,Fungi,pathogen,,isolated from cadaver,cuticular contact,morphological,virulence test,laboratory,"Tanyeli et al., 2010",2010,"Tanyeli, E., Sevim, A., Demirbag, Z., Eroglu, M., & Demir, I. (2010). Isolation and virulence of entomopathogenic fungi against the great spruce bark beetle, Dendroctonus micans (Kugelann)(Coleoptera: Scolytidae). Biocontrol Science and Technology, 20(7), 695-701.",,full text
NEW,823,Dendroctonus micans,3927,Fusarium sp.,Fungi,pathogen,,isolated from cadaver,cuticular contact,morphological,virulence test,laboratory,"Tanyeli et al., 2010",2010,"Tanyeli, E., Sevim, A., Demirbag, Z., Eroglu, M., & Demir, I. (2010). Isolation and virulence of entomopathogenic fungi against the great spruce bark beetle, Dendroctonus micans (Kugelann)(Coleoptera: Scolytidae). Biocontrol Science and Technology, 20(7), 695-701.",,full text
NEW,824,Dendroctonus micans,3927,Beauveria bassiana,Fungi,pathogen,,isolated from cadaver,cuticular contact,morphological,virulence test,laboratory,"Tanyeli et al., 2010",2010,"Tanyeli, E., Sevim, A., Demirbag, Z., Eroglu, M., & Demir, I. (2010). Isolation and virulence of entomopathogenic fungi against the great spruce bark beetle, Dendroctonus micans (Kugelann)(Coleoptera: Scolytidae). Biocontrol Science and Technology, 20(7), 695-701.",,full text
NEW,825,Dendroctonus micans,3927,Beauveria sp.,Fungi,pathogen,,isolated from cadaver,cuticular contact,morphological,virulence test,laboratory,"Tanyeli et al., 2010",2010,"Tanyeli, E., Sevim, A., Demirbag, Z., Eroglu, M., & Demir, I. (2010). Isolation and virulence of entomopathogenic fungi against the great spruce bark beetle, Dendroctonus micans (Kugelann)(Coleoptera: Scolytidae). Biocontrol Science and Technology, 20(7), 695-701.",,full text
NEW,826,Dendroctonus brevicomis,478,Contortylenchus brevicomi,Nematode,,British Columbia,,hemocoel,,,,"Thong and Webster, 1972",1972,"Thong, C. H., & Webster, J. M. (1972). A Redescription of the bark beetle nematode Contortylenchus brevicomi: Synonym Contortylenchus barberus (Nematoda: Sphaerulariidae). Journal of nematology, 4(3), 213.",,full text
NEW,827,Dendroctonus pseudotsugae,485,Contortylenchus reversus,Nematode,parasite,Canada,evaluation of nematodes from beetles,,,,,"Thong and Webster, 1975",1975,"Thong, C. H., & Webster, J. M. (1975). Effects of the bark beetle nematode, Contortylenchus reversus, on gallery construction, fecundity, and egg viability of the Douglas fir beetle, Dendroctonus pseudotsugae (Coleoptera: Scolytidae). Journal of Invertebrate Pathology, 26(2), 235-238.",,full text
NEW,828,Dendroctonus pseudotsugae,485,Bursaphelenchus varicauda n.sp.,Nematode,parasite,British Columbia,evaluation of nematodes from beetles,,,,,"Thong and Webster, 1983",1983,"Thong, C. H., & Webster, J. M. (1983). Nematode parasites and associates of Dendroctonus spp. and Trypodendron lineatum (Coleoptera: Scolytidae), with a description of Bursaphelenchus varicauda n. sp. Journal of Nematology, 15(2), 312.",,full text
NEW,829,Dendroctonus pseudotsugae,485,Ektaphelenchus macrostylus,Nematode,parasite,British Columbia,evaluation of nematodes from beetles,,,,,"Thong and Webster, 1983",1983,"Thong, C. H., & Webster, J. M. (1983). Nematode parasites and associates of Dendroctonus spp. and Trypodendron lineatum (Coleoptera: Scolytidae), with a description of Bursaphelenchus varicauda n. sp. Journal of Nematology, 15(2), 312.",,full text
NEW,830,Dendroctonus pseudotsugae,485,Panagrolaimus dentatus,Nematode,parasite,British Columbia,evaluation of nematodes from beetles,,,,,"Thong and Webster, 1983",1983,"Thong, C. H., & Webster, J. M. (1983). Nematode parasites and associates of Dendroctonus spp. and Trypodendron lineatum (Coleoptera: Scolytidae), with a description of Bursaphelenchus varicauda n. sp. Journal of Nematology, 15(2), 312.",,full text
NEW,831,Dendroctonus pseudotsugae,485,Cryptaphelenchus latus,Nematode,parasite,British Columbia,evaluation of nematodes from beetles,,,,,"Thong and Webster, 1983",1983,"Thong, C. H., & Webster, J. M. (1983). Nematode parasites and associates of Dendroctonus spp. and Trypodendron lineatum (Coleoptera: Scolytidae), with a description of Bursaphelenchus varicauda n. sp. Journal of Nematology, 15(2), 312.",,full text
NEW,832,Dendroctonus pseudotsugae,485,Parasitorhabditis obtusa,Nematode,,British Columbia,evaluation of nematodes from beetles,gut,,,,"Thong and Webster, 1983",1983,"Thong, C. H., & Webster, J. M. (1983). Nematode parasites and associates of Dendroctonus spp. and Trypodendron lineatum (Coleoptera: Scolytidae), with a description of Bursaphelenchus varicauda n. sp. Journal of Nematology, 15(2), 312.",,full text
NEW,833,Dendroctonus pseudotsugae,485,Contortylenchus reversus,Nematode,,British Columbia,evaluation of nematodes from beetles,hemocoel,,,,"Thong and Webster, 1983",1983,"Thong, C. H., & Webster, J. M. (1983). Nematode parasites and associates of Dendroctonus spp. and Trypodendron lineatum (Coleoptera: Scolytidae), with a description of Bursaphelenchus varicauda n. sp. Journal of Nematology, 15(2), 312.",,full text
NEW,834,Dendroctonus rufipennis,488,Parasitorhabditis obtusa,Nematode,,British Columbia,evaluation of nematodes from beetles,gut,,,,"Thong and Webster, 1983",1983,"Thong, C. H., & Webster, J. M. (1983). Nematode parasites and associates of Dendroctonus spp. and Trypodendron lineatum (Coleoptera: Scolytidae), with a description of Bursaphelenchus varicauda n. sp. Journal of Nematology, 15(2), 312.",,full text
NEW,835,Dendroctonus rufipennis,488,Contortylenchus reversus,Nematode,,British Columbia,evaluation of nematodes from beetles,hemocoel,,,,"Thong and Webster, 1983",1983,"Thong, C. H., & Webster, J. M. (1983). Nematode parasites and associates of Dendroctonus spp. and Trypodendron lineatum (Coleoptera: Scolytidae), with a description of Bursaphelenchus varicauda n. sp. Journal of Nematology, 15(2), 312.",,full text
NEW,836,Dendroctonus rufipennis,488,Sphaerulariopsis dendroetoni,Nematode,,British Columbia,evaluation of nematodes from beetles,hemocoel,,,,"Thong and Webster, 1983",1983,"Thong, C. H., & Webster, J. M. (1983). Nematode parasites and associates of Dendroctonus spp. and Trypodendron lineatum (Coleoptera: Scolytidae), with a description of Bursaphelenchus varicauda n. sp. Journal of Nematology, 15(2), 312.",,full text
NEW,837,Dendroctonus brevicomis,478,Contortylenchus brevicomi,Nematode,,British Columbia,evaluation of nematodes from beetles,hemocoel,,,,"Thong and Webster, 1983",1983,"Thong, C. H., & Webster, J. M. (1983). Nematode parasites and associates of Dendroctonus spp. and Trypodendron lineatum (Coleoptera: Scolytidae), with a description of Bursaphelenchus varicauda n. sp. Journal of Nematology, 15(2), 312.",,full text
NEW,838,Trypodendron lineatum,1874,tylenchid larva parasitizing,Nematode,,British Columbia,evaluation of nematodes from beetles,hemocoel,,,,"Thong and Webster, 1983",1983,"Thong, C. H., & Webster, J. M. (1983). Nematode parasites and associates of Dendroctonus spp. and Trypodendron lineatum (Coleoptera: Scolytidae), with a description of Bursaphelenchus varicauda n. sp. Journal of Nematology, 15(2), 312.",,full text
NEW,839,Dendroctonus ponderosae,484,Aphelenchulus reversus,Nematode,parasite,United States,,,,,,"Thorne, 1935",1935,"Thorne, G. (1935). Nemic parasites and associates of the mountain pine beetle (Dendroctonus monticolae) in Utah. J. Agric. Res. 51, 131–144.",,
NEW,840,Dendroctonus ponderosae,484,Anguillulina pinophila,Nematode,,United States,,,,,,"Thorne, 1935",1935,"Thorne, G. (1935). Nemic parasites and associates of the mountain pine beetle (Dendroctonus monticolae) in Utah. J. Agric. Res. 51, 131–144.",,
NEW,841,Dendroctonus ponderosae,484,Anguillulina magnicauda,Nematode,,United States,,,,,,"Thorne, 1935",1935,"Thorne, G. (1935). Nemic parasites and associates of the mountain pine beetle (Dendroctonus monticolae) in Utah. J. Agric. Res. 51, 131–144.",,
NEW,842,Dendroctonus ponderosae,484,Aphelenchoides brachycephalus,Nematode,,United States,,,,,,"Thorne, 1935",1935,"Thorne, G. (1935). Nemic parasites and associates of the mountain pine beetle (Dendroctonus monticolae) in Utah. J. Agric. Res. 51, 131–144.",,
NEW,843,Dendroctonus ponderosae,484,Aphelenchoides talonus,Nematode,,United States,,,,,,"Thorne, 1935",1935,"Thorne, G. (1935). Nemic parasites and associates of the mountain pine beetle (Dendroctonus monticolae) in Utah. J. Agric. Res. 51, 131–144.",,
NEW,844,Dendroctonus ponderosae,484,Aphelenchoides tenuidens,Nematode,,United States,,,,,,"Thorne, 1935",1935,"Thorne, G. (1935). Nemic parasites and associates of the mountain pine beetle (Dendroctonus monticolae) in Utah. J. Agric. Res. 51, 131–144.",,
NEW,845,Dendroctonus ponderosae,484,Aphelenchoides latus,Nematode,,United States,,,,,,"Thorne, 1935",1935,"Thorne, G. (1935). Nemic parasites and associates of the mountain pine beetle (Dendroctonus monticolae) in Utah. J. Agric. Res. 51, 131–144.",,
NEW,846,Dendroctonus ponderosae,484,Panagrodontus dentatus,Nematode,,United States,,,,,,"Thorne, 1935",1935,"Thorne, G. (1935). Nemic parasites and associates of the mountain pine beetle (Dendroctonus monticolae) in Utah. J. Agric. Res. 51, 131–144.",,
NEW,847,Dendroctonus ponderosae,484,Diplogaster pinicola,Nematode,,United States,,,,,,"Thorne, 1935",1935,"Thorne, G. (1935). Nemic parasites and associates of the mountain pine beetle (Dendroctonus monticolae) in Utah. J. Agric. Res. 51, 131–144.",,
NEW,848,Dendroctonus ponderosae,484,Rhabditis obtusa,Nematode,,United States,,,,,,"Thorne, 1935",1935,"Thorne, G. (1935). Nemic parasites and associates of the mountain pine beetle (Dendroctonus monticolae) in Utah. J. Agric. Res. 51, 131–144.",,
NEW,849,Xylosandrus germanus,2185,Purpureocillium lilacinum,Fungi,,Turkey,culture collection,,,pathogenicity test,laboratory,"Toksöz et al., 2018",2018,"Toksöz, S., Oksal, E., Saruhan, I., & Kepenekci, I. (2018). Pathogenicity of the entomopathogenic fungus, Purpureocillium lilacinum TR1 against ambrosia beetles, Xylosandrus germanus (Blandford) and Xyleborus dispar (Fabricius)(Coleoptera: Curculionidae: Scolytinae). Mun. Ent. Zool, 13(2), 471-481.",,full text
NEW,850,Anisandrus dispar,2083,Purpureocillium lilacinum,Fungi,,Turkey,culture collection,,,pathogenicity test,laboratory,"Toksöz et al., 2018",2018,"Toksöz, S., Oksal, E., Saruhan, I., & Kepenekci, I. (2018). Pathogenicity of the entomopathogenic fungus, Purpureocillium lilacinum TR1 against ambrosia beetles, Xylosandrus germanus (Blandford) and Xyleborus dispar (Fabricius)(Coleoptera: Curculionidae: Scolytinae). Mun. Ent. Zool, 13(2), 471-481.",,full text
NEW,851,Hylurgopinus rufipes,501,Parasitaphelenchus oldhami,Nematode,parasite,Canada,,,,,,Tomalak et al. 1988,1988,"Tomalak M., H.E. Welch & T.D. Galloway 1988. Interaction of Parasitic Nematode Parasitaphelenchus oldhami (Nematoda: Aphelenchoididae) and a Bacterium in Dutch Elm Disease Vector, Hylurgopinus rufipes (Coleoptera: Scolytidae). Journal of Invertebrate Pathology 52, 301-08.",,full text
NEW,852,Hylurgopinus rufipes,501,Rod-like bacteria,Bacteria,,Canada,unsuccessful culture,,,,,Tomalak et al. 1988,1988,"Tomalak M., H.E. Welch & T.D. Galloway 1988. Interaction of Parasitic Nematode Parasitaphelenchus oldhami (Nematoda: Aphelenchoididae) and a Bacterium in Dutch Elm Disease Vector, Hylurgopinus rufipes (Coleoptera: Scolytidae). Journal of Invertebrate Pathology 52, 301-08.",,full text
NEW,853,Ips typographus,1733,Entomopoxvirus,Virus,,,,,,,,"Tonka and Weiser, 2009",2009,"Tonka, T., Weiser, J., & Pultar, O. (2009). Entomopoxvirus in the spruce bark beetle, Ips typograhus and its laboratory management. IUFRO WG, 7(10).",,non full text
NEW,854,Ips typographus,1733,ItEPV,Virus,,,isolated from infected beetle,,,infection test; virus occlusion bodies were never found in larvae or any other preadult stage during the experiments,,Tonka et al. 2007,2007,"Tonka, T., Pultar, O., & Weiser, J. (2007). Survival of the spruce bark beetle, Ips typographus, infected with pathogens or parasites. IOBC WPRS BULLETIN, 30(1), 211-215.",,full text
NEW,855,Ips typographus,1733,Chytridiopsis typographi,Microsporidia,,,isolated from infected beetle,,,infection test,,Tonka et al. 2007,2007,"Tonka, T., Pultar, O., & Weiser, J. (2007). Survival of the spruce bark beetle, Ips typographus, infected with pathogens or parasites. IOBC WPRS BULLETIN, 30(1), 211-215.",,full text
NEW,856,Ips typographus,1733,Gregarina typographi,Protist,,,isolated from infected beetle,,,infection test,,Tonka et al. 2007,2007,"Tonka, T., Pultar, O., & Weiser, J. (2007). Survival of the spruce bark beetle, Ips typographus, infected with pathogens or parasites. IOBC WPRS BULLETIN, 30(1), 211-215.",,full text
NEW,857,Ips typographus,1733,Polymorphotylenchus typographi,Nematode,,,isolated from infected beetle,,,infection test,,Tonka et al. 2007,2007,"Tonka, T., Pultar, O., & Weiser, J. (2007). Survival of the spruce bark beetle, Ips typographus, infected with pathogens or parasites. IOBC WPRS BULLETIN, 30(1), 211-215.",,full text
NEW,858,Ips typographus,1733,Chytridiopsis typographi,Microsporidia,,Czech Republic,isolated from beetle,,,,,"Tonka et al., 2010",2010,"Tonka, T., Weiser Jr, J., & Weiser, J. (2010). Budding: a new stage in the development of Chytridiopsis typographi (Zygomycetes: Microsporidia). Journal of invertebrate pathology, 104(1), 17-22.",,full text
NEW,859,Xylosandrus germanus,2185,Beauveria bassiana,Fungi,,Turkey,isolated from cadaver,,,virulence test; isolated from cadavers of Xylosandrus germanus,laboratory,"Tuncer et al., 2019",2019,"Tuncer, C., Kushiyev, R., Erper, I., Ozdemir, I. O., & Saruhan, I. (2019). Efficacy of native isolates of Metarhizium anisopliae and Beauveria bassiana against the invasive ambrosia beetle, Xylosandrus germanus Blandford (Coleoptera: Curculionidae: Scolytinae). Egyptian Journal of Biological Pest Control, 29(1), 28.",,full text
NEW,860,Xylosandrus germanus,2185,Metarhizium anisopliae,Fungi,,Turkey,isolated from cadaver,,,virulence test; isolated from cadavers of Xylosandrus germanus,laboratory,"Tuncer et al., 2019",2019,"Tuncer, C., Kushiyev, R., Erper, I., Ozdemir, I. O., & Saruhan, I. (2019). Efficacy of native isolates of Metarhizium anisopliae and Beauveria bassiana against the invasive ambrosia beetle, Xylosandrus germanus Blandford (Coleoptera: Curculionidae: Scolytinae). Egyptian Journal of Biological Pest Control, 29(1), 28.",,full text
NEW,861,Ips sexdentatus,1728,Gregarina typographi,Protist,association report,Turkey,,,,,,"Unal et al., 2009",2009,"Unal, S., Yaman, M., Tosun, O., & Aydin, C. (2009). Occurrence of Gregarina typographi (Apicomplexa, Gregarinidae) and Metschnikowia typographi (Ascomycota, Metschnikowiaceae) in Ips sexdentatus (Coleoptera: Curculionidae, Scolytinae) populations in Kastamonu (Turkey).",,only English abstract
NEW,862,Ips sexdentatus,1728,Metschnikowia typographi,Fungi,association report,Turkey,,,,,,"Unal et al., 2009",2009,"Unal, S., Yaman, M., Tosun, O., & Aydin, C. (2009). Occurrence of Gregarina typographi (Apicomplexa, Gregarinidae) and Metschnikowia typographi (Ascomycota, Metschnikowiaceae) in Ips sexdentatus (Coleoptera: Curculionidae, Scolytinae) populations in Kastamonu (Turkey).",,only English abstract
NEW,863,Ips typographus,1733,Unknown Pathogen,Unknown,,,,,,,,"Vanická et al., 2016",2016,"Vanická, H., Lukášová, K., & Holuša, J. (2016). Infection levels of pathogens in the European spruce bark beetle Ips typographus (Coleoptera: Curculionidae) at managed and unmanaged forest locations: a meta-data analysis. Central European Forestry Journal, 62(4), 216-222.",,meta-analysis
NEW,864,Ips duplicatus,5921,Beauveria bassiana,Fungi,,Slovakia,isolated from infected beetle,,morphological and molecular,pathogenicity test,laboratory,"Vakula et al., 2025",2025,"Vakula, J., Nikolov, C., Lalik, M., Horakova, M. K., Rell, S., Galko, J., ... & Barta, M. (2025). Selection, application, and pathogenicity of naturally occurring Beauveria bassiana strains against Ips duplicatus (Coleoptera: Curculionidae, Scolytinae). Biological Control, 204, 105740.",,full text
NEW,865,Ips typographus,1733,ItEPV,Virus,,Austria,,,,,,"Wegensteiner and Weiser, 1995",1995,"Wegensteiner R. & J. Weiser 1995. A new Entomopoxvirus in the bark beetle Ips typographus (Coleoptera: Scolytidae). Journal of Invertebrate Pathology 65, 203-05.",,full text
NEW,866,Ips typographus,1733,ItEPV,Virus,,Germany,,,,,,"Wegensteiner and Weiser, 1996a",1996,"Wegensteiner R. & J. Weiser 1996a. Untersuchungen zum Auftreten von Pathogenen bei Ips typographus (Coleoptera, Scolytidae) aus einem Naturschutzgebiet im Schwarzwald (Baden-Württemberg). Anzeiger für Schädlingskunde, Pflanzenschutz, Umweltschutz 69, 162-67.",,full text
NEW,867,Ips typographus,1733,Chytridiopsis typographi,Microsporidia,,Germany,,,,,,"Wegensteiner and Weiser, 1996a",1996,"Wegensteiner R. & J. Weiser 1996a. Untersuchungen zum Auftreten von Pathogenen bei Ips typographus (Coleoptera, Scolytidae) aus einem Naturschutzgebiet im Schwarzwald (Baden-Württemberg). Anzeiger für Schädlingskunde, Pflanzenschutz, Umweltschutz 69, 162-67.",,full text
NEW,868,Ips typographus,1733,Nosema typographi,Microsporidia,,Germany,,,,,,"Wegensteiner and Weiser, 1996a",1996,"Wegensteiner R. & J. Weiser 1996a. Untersuchungen zum Auftreten von Pathogenen bei Ips typographus (Coleoptera, Scolytidae) aus einem Naturschutzgebiet im Schwarzwald (Baden-Württemberg). Anzeiger für Schädlingskunde, Pflanzenschutz, Umweltschutz 69, 162-67.",,full text
NEW,869,Ips typographus,1733,Gregarina typographi,Protist,,Germany,,,,,,"Wegensteiner and Weiser, 1996a",1996,"Wegensteiner R. & J. Weiser 1996a. Untersuchungen zum Auftreten von Pathogenen bei Ips typographus (Coleoptera, Scolytidae) aus einem Naturschutzgebiet im Schwarzwald (Baden-Württemberg). Anzeiger für Schädlingskunde, Pflanzenschutz, Umweltschutz 69, 162-67.",,full text
NEW,870,Ips typographus,1733,Contortylenchus diplogaster,Nematode,parasite,Germany,,,,,,"Wegensteiner and Weiser, 1996a",1996,"Wegensteiner R. & J. Weiser 1996a. Untersuchungen zum Auftreten von Pathogenen bei Ips typographus (Coleoptera, Scolytidae) aus einem Naturschutzgebiet im Schwarzwald (Baden-Württemberg). Anzeiger für Schädlingskunde, Pflanzenschutz, Umweltschutz 69, 162-67.",,full text
NEW,871,Ips typographus,1733,Cryptaphelenchus macrogaster macrogaster,Nematode,parasite,Germany,,,,,,"Wegensteiner and Weiser, 1996a",1996,"Wegensteiner R. & J. Weiser 1996a. Untersuchungen zum Auftreten von Pathogenen bei Ips typographus (Coleoptera, Scolytidae) aus einem Naturschutzgebiet im Schwarzwald (Baden-Württemberg). Anzeiger für Schädlingskunde, Pflanzenschutz, Umweltschutz 69, 162-67.",,full text
NEW,872,Ips typographus,1733,Chytridiopsis typographi,Microsporidia,,Czech Republic,,,,,,"Wegensteiner and Weiser, 1996b",1996,"Wegensteiner R. & J. Weiser 1996b. Occurrence of Chytridiopsis typographi (Microspora, Chytridiopsida) in Ips typographus L. (Coleoptera, Scolytidae) field populations and in a laboratory stock. Journal of Applied Entomology 120, 595-602.",,full text
NEW,873,Ips typographus,1733,Metschnikowia cf. bicuspidata,Fungi,,Finland,,,,,,"Wegensteiner and Weiser, 1998",1998,"Wegensteiner R. & J. Weiser 1998. Infection of Ips typographus from Finland with the Ascomycete Metschnikowia cf. bicuspidata. Poster, 6th European Congress of Entomology, Ceske Budejovice, CR, 23.-29.08.1998, Abstracts vol. 2, 667.",,full text
NEW,874,Ips typographus,1733,Unikaryon montanum,Microsporidia,,Austria,evaluation of pathogen from beetles,,morphological,,,"Wegensteiner and Weiser, 2004",2004,"Wegensteiner, R., Weiser, J., 2004. Annual variation of pathogen occurrence and pathogen prevalence in Ips typographus (Coleoptera, Scolytidae) from the BOKU University Forest Demonstration Centre. J. Pest Sci. 77, 221–228.",,full text
NEW,875,Ips typographus,1733,Gregarina typographi,Protist,,Austria,evaluation of pathogen from beetles,,morphological,,,"Wegensteiner and Weiser, 2004",2004,"Wegensteiner, R., Weiser, J., 2004. Annual variation of pathogen occurrence and pathogen prevalence in Ips typographus (Coleoptera, Scolytidae) from the BOKU University Forest Demonstration Centre. J. Pest Sci. 77, 221–228.",,full text
NEW,876,Ips typographus,1733,Chytridiopsis typographi,Microsporidia,,Austria,evaluation of pathogen from beetles,,morphological,,,"Wegensteiner and Weiser, 2004",2004,"Wegensteiner, R., Weiser, J., 2004. Annual variation of pathogen occurrence and pathogen prevalence in Ips typographus (Coleoptera, Scolytidae) from the BOKU University Forest Demonstration Centre. J. Pest Sci. 77, 221–228.",,full text
NEW,877,Ips typographus,1733,Menzbieria chalcographi,Protist,,Austria,evaluation of pathogen from beetles,,morphological,,,"Wegensteiner and Weiser, 2004",2004,"Wegensteiner, R., Weiser, J., 2004. Annual variation of pathogen occurrence and pathogen prevalence in Ips typographus (Coleoptera, Scolytidae) from the BOKU University Forest Demonstration Centre. J. Pest Sci. 77, 221–228.",,full text
NEW,878,Ips typographus,1733,Unknown Pathogen,Unknown,,,,,,,,"Wegensteiner and Weiser, 2009",2009,"Wegensteiner, R., & Weiser, J. (2009). Geographische Verbreitung und Häufigkeit von Pathogenen im Fichtenborkenkäfer Ips typogra phus L.(Coleoptera, Curculionidae) in Europa. Mitt. Dtsch. Ges. Allg. Angew. Entomol, 17, 159-162.",,
NEW,879,Ips typographus,1733,Nosema typographi,Microsporidia,,,evaluation of pathogen from beetles,,,,,"Wegensteiner et al., 1996",1996,"Wegensteiner R., J. Weiser & E. Führer 1996. Observations on the occurrence of pathogens in the bark beetle Ips typographus L. (Coleoptera, Scolytidae). Journal of Applied Entomology 120, 199-204.",,full text
NEW,880,Ips typographus,1733,Malamoeba scolyti,Protist,,,evaluation of pathogen from beetles,,,,,"Wegensteiner et al., 1996",1996,"Wegensteiner R., J. Weiser & E. Führer 1996. Observations on the occurrence of pathogens in the bark beetle Ips typographus L. (Coleoptera, Scolytidae). Journal of Applied Entomology 120, 199-204.",,full text
NEW,881,Ips typographus,1733,Chytridiopsis typographi,Microsporidia,,Austria,evaluation of pathogen from beetles,,,,,"Wegensteiner et al., 1996",1996,"Wegensteiner R., J. Weiser & E. Führer 1996. Observations on the occurrence of pathogens in the bark beetle Ips typographus L. (Coleoptera, Scolytidae). Journal of Applied Entomology 120, 199-204.",,full text
NEW,882,Ips typographus,1733,Chytridiopsis typographi,Microsporidia,,Czech Republic,evaluation of pathogen from beetles,,,,,"Wegensteiner et al., 1996",1996,"Wegensteiner R., J. Weiser & E. Führer 1996. Observations on the occurrence of pathogens in the bark beetle Ips typographus L. (Coleoptera, Scolytidae). Journal of Applied Entomology 120, 199-204.",,full text
NEW,883,Ips typographus,1733,Entomopoxvirus,Virus,,Austria,evaluation of pathogen from beetles,,,,,"Wegensteiner et al., 1996",1996,"Wegensteiner R., J. Weiser & E. Führer 1996. Observations on the occurrence of pathogens in the bark beetle Ips typographus L. (Coleoptera, Scolytidae). Journal of Applied Entomology 120, 199-204.",,full text
NEW,884,Ips typographus,1733,Gregarina typographi,Protist,,Austria,evaluation of pathogen from beetles,,,,,"Wegensteiner et al., 1996",1996,"Wegensteiner R., J. Weiser & E. Führer 1996. Observations on the occurrence of pathogens in the bark beetle Ips typographus L. (Coleoptera, Scolytidae). Journal of Applied Entomology 120, 199-204.",,full text
NEW,885,Ips typographus,1733,Gregarina typographi,Protist,,Czech Republic,evaluation of pathogen from beetles,,,,,"Wegensteiner et al., 1996",1996,"Wegensteiner R., J. Weiser & E. Führer 1996. Observations on the occurrence of pathogens in the bark beetle Ips typographus L. (Coleoptera, Scolytidae). Journal of Applied Entomology 120, 199-204.",,full text
NEW,886,Ips typographus,1733,Gregarina typographi,Protist,,Austria,evaluation of pathogen from beetles,,,,,"Wegensteiner et al., 2007a",2007,"Wegensteiner,R., Pernek,M.,Weiser, J., 2007a. Occurrence of Gregarina typographi (Sporozoa, Gregarinidae) and of Metschnikowia typographi (Ascomycota, Metschnikowiaceae) in Ips sexdentatus (Coleoptera, Scolytidae) from Austria. IOBC/wprsBull. 30, 217–220.",,full text
NEW,887,Ips typographus,1733,Metschnikowia cf. typographi,Fungi,,Austria,evaluation of pathogen from beetles,,,,,"Wegensteiner et al., 2007a",2007,"Wegensteiner,R., Pernek,M.,Weiser, J., 2007a. Occurrence of Gregarina typographi (Sporozoa, Gregarinidae) and of Metschnikowia typographi (Ascomycota, Metschnikowiaceae) in Ips sexdentatus (Coleoptera, Scolytidae) from Austria. IOBC/wprsBull. 30, 217–220.",,full text
NEW,888,Ips typographus,1733,Gregarina typographi,Protist,,Switzerland,,,,,,"Wegensteiner et al., 2007b",2007,"Wegensteiner, R., Epper, C., Wermelinger, B., 2007b. Untersuchungen über das Auftreten und die Dynamik von Pathogenen bei Ips typographus (Coleoptera, Scolytinae) in Befallsherden unter besonderer Berücksichtigung von Protozoen. Mitt. Schweiz. Entomol. Ges. 80, 79–90.",,full text
NEW,889,Ips typographus,1733,Chytridiopsis typographi,Microsporidia,,Switzerland,,,,,,"Wegensteiner et al., 2007b",2007,"Wegensteiner, R., Epper, C., Wermelinger, B., 2007b. Untersuchungen über das Auftreten und die Dynamik von Pathogenen bei Ips typographus (Coleoptera, Scolytinae) in Befallsherden unter besonderer Berücksichtigung von Protozoen. Mitt. Schweiz. Entomol. Ges. 80, 79–90.",,full text
NEW,890,Ips typographus,1733,Gregarina typographi,Protist,pathogen; occurrence survey,Austria,,,,,,"Wegensteiner et al., 2010",2010,"Wegensteiner, R., Dedryver, C.-A., Pierre, J.-S., 2010. The comparative prevalence and demographic impact of two pathogens in swarming Ips typographus adults: a quantitative analysis of long term trapping data. Agric. For. Entomol. 12, 49–57.",,full text
NEW,891,Ips typographus,1733,Chytridiopsis typographi,Microsporidia,pathogen; occurrence survey,Austria,,,,,,"Wegensteiner et al., 2010",2010,"Wegensteiner, R., Dedryver, C.-A., Pierre, J.-S., 2010. The comparative prevalence and demographic impact of two pathogens in swarming Ips typographus adults: a quantitative analysis of long term trapping data. Agric. For. Entomol. 12, 49–57.",,full text
NEW,892,Ips typographus,1733,ItEPV,Virus,pathogen; occurrence survey,Austria,,,,,,"Wegensteiner et al., 2014",2014,"Wegensteiner, R., Stradner, A., & Händel, U. (2014). Occurrence of pathogens in Ips typographus (Coleoptera: Curculionidae) and in other spruce bark beetles from the wilderness reserve Dürrenstein (Lower Austria). Biologia, 69(1), 92-100.",,full text
NEW,893,Ips typographus,1733,Gregarina typographi,Protist,pathogen; occurrence survey,Austria,,,,,,"Wegensteiner et al., 2014",2014,"Wegensteiner, R., Stradner, A., & Händel, U. (2014). Occurrence of pathogens in Ips typographus (Coleoptera: Curculionidae) and in other spruce bark beetles from the wilderness reserve Dürrenstein (Lower Austria). Biologia, 69(1), 92-100.",,full text
NEW,894,Ips typographus,1733,Chytridiopsis typographi,Microsporidia,pathogen; occurrence survey,Austria,,,,,,"Wegensteiner et al., 2014",2014,"Wegensteiner, R., Stradner, A., & Händel, U. (2014). Occurrence of pathogens in Ips typographus (Coleoptera: Curculionidae) and in other spruce bark beetles from the wilderness reserve Dürrenstein (Lower Austria). Biologia, 69(1), 92-100.",,full text
NEW,895,Ips typographus,1733,Mattesia cf. schwenke,Protist,pathogen; occurrence survey,Austria,,,,,,"Wegensteiner et al., 2014",2014,"Wegensteiner, R., Stradner, A., & Händel, U. (2014). Occurrence of pathogens in Ips typographus (Coleoptera: Curculionidae) and in other spruce bark beetles from the wilderness reserve Dürrenstein (Lower Austria). Biologia, 69(1), 92-100.",,full text
NEW,896,Ips typographus,1733,Nosema typographi,Microsporidia,pathogen; occurrence survey,Austria,,,,,,"Wegensteiner et al., 2014",2014,"Wegensteiner, R., Stradner, A., & Händel, U. (2014). Occurrence of pathogens in Ips typographus (Coleoptera: Curculionidae) and in other spruce bark beetles from the wilderness reserve Dürrenstein (Lower Austria). Biologia, 69(1), 92-100.",,full text
NEW,897,Ips typographus,1733,Unikaryon montanum,Microsporidia,pathogen; occurrence survey,Austria,,,,,,"Wegensteiner et al., 2014",2014,"Wegensteiner, R., Stradner, A., & Händel, U. (2014). Occurrence of pathogens in Ips typographus (Coleoptera: Curculionidae) and in other spruce bark beetles from the wilderness reserve Dürrenstein (Lower Austria). Biologia, 69(1), 92-100.",,full text
NEW,898,Ips typographus,1733,Malamoeba scolyti,Protist,pathogen; occurrence survey,Austria,,,,,,"Wegensteiner et al., 2014",2014,"Wegensteiner, R., Stradner, A., & Händel, U. (2014). Occurrence of pathogens in Ips typographus (Coleoptera: Curculionidae) and in other spruce bark beetles from the wilderness reserve Dürrenstein (Lower Austria). Biologia, 69(1), 92-100.",,full text
NEW,899,Pityogenes chalcographus,1739,Gregarina typographi,Protist,pathogen; occurrence survey,Austria,,,,,,"Wegensteiner et al., 2014",2014,"Wegensteiner, R., Stradner, A., & Händel, U. (2014). Occurrence of pathogens in Ips typographus (Coleoptera: Curculionidae) and in other spruce bark beetles from the wilderness reserve Dürrenstein (Lower Austria). Biologia, 69(1), 92-100.",,full text
NEW,900,Pityogenes chalcographus,1739,Mattesia cf. schwenke,Protist,pathogen; occurrence survey,Austria,,,,,,"Wegensteiner et al., 2014",2014,"Wegensteiner, R., Stradner, A., & Händel, U. (2014). Occurrence of pathogens in Ips typographus (Coleoptera: Curculionidae) and in other spruce bark beetles from the wilderness reserve Dürrenstein (Lower Austria). Biologia, 69(1), 92-100.",,full text
NEW,901,Pityogenes chalcographus,1739,Chytridiopsis typographi,Microsporidia,pathogen; occurrence survey,Austria,,,,,,"Wegensteiner et al., 2014",2014,"Wegensteiner, R., Stradner, A., & Händel, U. (2014). Occurrence of pathogens in Ips typographus (Coleoptera: Curculionidae) and in other spruce bark beetles from the wilderness reserve Dürrenstein (Lower Austria). Biologia, 69(1), 92-100.",,full text
NEW,902,Ips amitinus,1696,Gregarina typographi,Protist,pathogen; occurrence survey,Austria,,,,,,"Wegensteiner et al., 2014",2014,"Wegensteiner, R., Stradner, A., & Händel, U. (2014). Occurrence of pathogens in Ips typographus (Coleoptera: Curculionidae) and in other spruce bark beetles from the wilderness reserve Dürrenstein (Lower Austria). Biologia, 69(1), 92-100.",,full text
NEW,903,Ips amitinus,1696,Chytridiopsis typographi,Microsporidia,pathogen; occurrence survey,Austria,,,,,,"Wegensteiner et al., 2014",2014,"Wegensteiner, R., Stradner, A., & Händel, U. (2014). Occurrence of pathogens in Ips typographus (Coleoptera: Curculionidae) and in other spruce bark beetles from the wilderness reserve Dürrenstein (Lower Austria). Biologia, 69(1), 92-100.",,full text
NEW,904,Ips typographus,1733,Beauveria bassiana,Fungi,pathogen; occurrence survey,Austria,,,morphological,,,"Wegensteiner et al., 2015",2015,"Wegensteiner, R., Tkaczuk, C., Bałazy, S., Griesser, S., Rouffaud, M. A., Stradner, A., ... & Papierok, B. (2015). Occurrence of pathogens in populations of Ips typographus, Ips sexdentatus (Coleoptera, Curculionidae, Scolytinae) and Hylobius spp.(Coleoptera, Curculionidae, Curculioninae) from Austria, Poland and France. Acta Protozoologica, 54(3).",,full text
NEW,905,Ips typographus,1733,Isaria farinosa,Fungi,pathogen; occurrence survey,Austria,,,morphological,,,"Wegensteiner et al., 2015",2015,"Wegensteiner, R., Tkaczuk, C., Bałazy, S., Griesser, S., Rouffaud, M. A., Stradner, A., ... & Papierok, B. (2015). Occurrence of pathogens in populations of Ips typographus, Ips sexdentatus (Coleoptera, Curculionidae, Scolytinae) and Hylobius spp.(Coleoptera, Curculionidae, Curculioninae) from Austria, Poland and France. Acta Protozoologica, 54(3).",,full text
NEW,906,Ips typographus,1733,Beauveria bassiana,Fungi,pathogen; occurrence survey,Poland,,,morphological,,,"Wegensteiner et al., 2015",2015,"Wegensteiner, R., Tkaczuk, C., Bałazy, S., Griesser, S., Rouffaud, M. A., Stradner, A., ... & Papierok, B. (2015). Occurrence of pathogens in populations of Ips typographus, Ips sexdentatus (Coleoptera, Curculionidae, Scolytinae) and Hylobius spp.(Coleoptera, Curculionidae, Curculioninae) from Austria, Poland and France. Acta Protozoologica, 54(3).",,full text
NEW,907,Ips typographus,1733,Beauveria bassiana,Fungi,pathogen; occurrence survey,France,,,morphological,,,"Wegensteiner et al., 2015",2015,"Wegensteiner, R., Tkaczuk, C., Bałazy, S., Griesser, S., Rouffaud, M. A., Stradner, A., ... & Papierok, B. (2015). Occurrence of pathogens in populations of Ips typographus, Ips sexdentatus (Coleoptera, Curculionidae, Scolytinae) and Hylobius spp.(Coleoptera, Curculionidae, Curculioninae) from Austria, Poland and France. Acta Protozoologica, 54(3).",,full text
NEW,908,Ips typographus,1733,Isaria farinosa,Fungi,pathogen; occurrence survey,France,,,morphological,,,"Wegensteiner et al., 2015",2015,"Wegensteiner, R., Tkaczuk, C., Bałazy, S., Griesser, S., Rouffaud, M. A., Stradner, A., ... & Papierok, B. (2015). Occurrence of pathogens in populations of Ips typographus, Ips sexdentatus (Coleoptera, Curculionidae, Scolytinae) and Hylobius spp.(Coleoptera, Curculionidae, Curculioninae) from Austria, Poland and France. Acta Protozoologica, 54(3).",,full text
NEW,909,Ips typographus,1733,ItEPV,Virus,pathogen; occurrence survey,Austria,,,morphological,,,"Wegensteiner et al., 2015",2015,"Wegensteiner, R., Tkaczuk, C., Bałazy, S., Griesser, S., Rouffaud, M. A., Stradner, A., ... & Papierok, B. (2015). Occurrence of pathogens in populations of Ips typographus, Ips sexdentatus (Coleoptera, Curculionidae, Scolytinae) and Hylobius spp.(Coleoptera, Curculionidae, Curculioninae) from Austria, Poland and France. Acta Protozoologica, 54(3).",,full text
NEW,910,Ips typographus,1733,ItEPV,Virus,pathogen; occurrence survey,France,,,morphological,,,"Wegensteiner et al., 2015",2015,"Wegensteiner, R., Tkaczuk, C., Bałazy, S., Griesser, S., Rouffaud, M. A., Stradner, A., ... & Papierok, B. (2015). Occurrence of pathogens in populations of Ips typographus, Ips sexdentatus (Coleoptera, Curculionidae, Scolytinae) and Hylobius spp.(Coleoptera, Curculionidae, Curculioninae) from Austria, Poland and France. Acta Protozoologica, 54(3).",,full text
NEW,911,Ips typographus,1733,Gregarina typographi,Protist,pathogen; occurrence survey,Austria,,,morphological,,,"Wegensteiner et al., 2015",2015,"Wegensteiner, R., Tkaczuk, C., Bałazy, S., Griesser, S., Rouffaud, M. A., Stradner, A., ... & Papierok, B. (2015). Occurrence of pathogens in populations of Ips typographus, Ips sexdentatus (Coleoptera, Curculionidae, Scolytinae) and Hylobius spp.(Coleoptera, Curculionidae, Curculioninae) from Austria, Poland and France. Acta Protozoologica, 54(3).",,full text
NEW,912,Ips typographus,1733,Gregarina typographi,Protist,pathogen; occurrence survey,Poland,,,morphological,,,"Wegensteiner et al., 2015",2015,"Wegensteiner, R., Tkaczuk, C., Bałazy, S., Griesser, S., Rouffaud, M. A., Stradner, A., ... & Papierok, B. (2015). Occurrence of pathogens in populations of Ips typographus, Ips sexdentatus (Coleoptera, Curculionidae, Scolytinae) and Hylobius spp.(Coleoptera, Curculionidae, Curculioninae) from Austria, Poland and France. Acta Protozoologica, 54(3).",,full text
NEW,913,Ips typographus,1733,Gregarina typographi,Protist,pathogen; occurrence survey,France,,,morphological,,,"Wegensteiner et al., 2015",2015,"Wegensteiner, R., Tkaczuk, C., Bałazy, S., Griesser, S., Rouffaud, M. A., Stradner, A., ... & Papierok, B. (2015). Occurrence of pathogens in populations of Ips typographus, Ips sexdentatus (Coleoptera, Curculionidae, Scolytinae) and Hylobius spp.(Coleoptera, Curculionidae, Curculioninae) from Austria, Poland and France. Acta Protozoologica, 54(3).",,full text
NEW,914,Ips typographus,1733,Mattesia sp.,Protist,pathogen; occurrence survey,Austria,,,morphological,,,"Wegensteiner et al., 2015",2015,"Wegensteiner, R., Tkaczuk, C., Bałazy, S., Griesser, S., Rouffaud, M. A., Stradner, A., ... & Papierok, B. (2015). Occurrence of pathogens in populations of Ips typographus, Ips sexdentatus (Coleoptera, Curculionidae, Scolytinae) and Hylobius spp.(Coleoptera, Curculionidae, Curculioninae) from Austria, Poland and France. Acta Protozoologica, 54(3).",,full text
NEW,915,Ips typographus,1733,Chytridiopsis typographi,Microsporidia,pathogen; occurrence survey,Austria,,,morphological,,,"Wegensteiner et al., 2015",2015,"Wegensteiner, R., Tkaczuk, C., Bałazy, S., Griesser, S., Rouffaud, M. A., Stradner, A., ... & Papierok, B. (2015). Occurrence of pathogens in populations of Ips typographus, Ips sexdentatus (Coleoptera, Curculionidae, Scolytinae) and Hylobius spp.(Coleoptera, Curculionidae, Curculioninae) from Austria, Poland and France. Acta Protozoologica, 54(3).",,full text
NEW,916,Ips typographus,1733,Chytridiopsis typographi,Microsporidia,pathogen; occurrence survey,Poland,,,morphological,,,"Wegensteiner et al., 2015",2015,"Wegensteiner, R., Tkaczuk, C., Bałazy, S., Griesser, S., Rouffaud, M. A., Stradner, A., ... & Papierok, B. (2015). Occurrence of pathogens in populations of Ips typographus, Ips sexdentatus (Coleoptera, Curculionidae, Scolytinae) and Hylobius spp.(Coleoptera, Curculionidae, Curculioninae) from Austria, Poland and France. Acta Protozoologica, 54(3).",,full text
NEW,917,Ips typographus,1733,Chytridiopsis typographi,Microsporidia,pathogen; occurrence survey,France,,,morphological,,,"Wegensteiner et al., 2015",2015,"Wegensteiner, R., Tkaczuk, C., Bałazy, S., Griesser, S., Rouffaud, M. A., Stradner, A., ... & Papierok, B. (2015). Occurrence of pathogens in populations of Ips typographus, Ips sexdentatus (Coleoptera, Curculionidae, Scolytinae) and Hylobius spp.(Coleoptera, Curculionidae, Curculioninae) from Austria, Poland and France. Acta Protozoologica, 54(3).",,full text
NEW,918,Ips typographus,1733,Unikaryon montanum,Microsporidia,pathogen; occurrence survey,Austria,,,morphological,,,"Wegensteiner et al., 2015",2015,"Wegensteiner, R., Tkaczuk, C., Bałazy, S., Griesser, S., Rouffaud, M. A., Stradner, A., ... & Papierok, B. (2015). Occurrence of pathogens in populations of Ips typographus, Ips sexdentatus (Coleoptera, Curculionidae, Scolytinae) and Hylobius spp.(Coleoptera, Curculionidae, Curculioninae) from Austria, Poland and France. Acta Protozoologica, 54(3).",,full text
NEW,919,Ips typographus,1733,Unikaryon montanum,Microsporidia,pathogen; occurrence survey,Poland,,,morphological,,,"Wegensteiner et al., 2015",2015,"Wegensteiner, R., Tkaczuk, C., Bałazy, S., Griesser, S., Rouffaud, M. A., Stradner, A., ... & Papierok, B. (2015). Occurrence of pathogens in populations of Ips typographus, Ips sexdentatus (Coleoptera, Curculionidae, Scolytinae) and Hylobius spp.(Coleoptera, Curculionidae, Curculioninae) from Austria, Poland and France. Acta Protozoologica, 54(3).",,full text
NEW,920,Ips typographus,1733,Unikaryon montanum,Microsporidia,pathogen; occurrence survey,France,,,morphological,,,"Wegensteiner et al., 2015",2015,"Wegensteiner, R., Tkaczuk, C., Bałazy, S., Griesser, S., Rouffaud, M. A., Stradner, A., ... & Papierok, B. (2015). Occurrence of pathogens in populations of Ips typographus, Ips sexdentatus (Coleoptera, Curculionidae, Scolytinae) and Hylobius spp.(Coleoptera, Curculionidae, Curculioninae) from Austria, Poland and France. Acta Protozoologica, 54(3).",,full text
NEW,921,Ips typographus,1733,Beauveria caledonica,Fungi,pathogen; occurrence survey,France,,,morphological,,,"Wegensteiner et al., 2015",2015,"Wegensteiner, R., Tkaczuk, C., Bałazy, S., Griesser, S., Rouffaud, M. A., Stradner, A., ... & Papierok, B. (2015). Occurrence of pathogens in populations of Ips typographus, Ips sexdentatus (Coleoptera, Curculionidae, Scolytinae) and Hylobius spp.(Coleoptera, Curculionidae, Curculioninae) from Austria, Poland and France. Acta Protozoologica, 54(3).",,full text
NEW,922,Ips typographus,1733,Gregarina cf. typographi,Protist,pathogen; occurrence survey,Austria,,,morphological,,,"Wegensteiner et al., 2015",2015,"Wegensteiner, R., Tkaczuk, C., Bałazy, S., Griesser, S., Rouffaud, M. A., Stradner, A., ... & Papierok, B. (2015). Occurrence of pathogens in populations of Ips typographus, Ips sexdentatus (Coleoptera, Curculionidae, Scolytinae) and Hylobius spp.(Coleoptera, Curculionidae, Curculioninae) from Austria, Poland and France. Acta Protozoologica, 54(3).",,full text
NEW,923,Ips typographus,1733,Gregarina cf. typographi,Protist,pathogen; occurrence survey,France,,,morphological,,,"Wegensteiner et al., 2015",2015,"Wegensteiner, R., Tkaczuk, C., Bałazy, S., Griesser, S., Rouffaud, M. A., Stradner, A., ... & Papierok, B. (2015). Occurrence of pathogens in populations of Ips typographus, Ips sexdentatus (Coleoptera, Curculionidae, Scolytinae) and Hylobius spp.(Coleoptera, Curculionidae, Curculioninae) from Austria, Poland and France. Acta Protozoologica, 54(3).",,full text
NEW,924,Ips typographus,1733,Metschnikowia cf. typographi,Fungi,pathogen; occurrence survey,Austria,,,morphological,,,"Wegensteiner et al., 2015",2015,"Wegensteiner, R., Tkaczuk, C., Bałazy, S., Griesser, S., Rouffaud, M. A., Stradner, A., ... & Papierok, B. (2015). Occurrence of pathogens in populations of Ips typographus, Ips sexdentatus (Coleoptera, Curculionidae, Scolytinae) and Hylobius spp.(Coleoptera, Curculionidae, Curculioninae) from Austria, Poland and France. Acta Protozoologica, 54(3).",,full text
NEW,925,Ips typographus,1733,Metschnikowia cf. typographi,Fungi,pathogen; occurrence survey,France,,,morphological,,,"Wegensteiner et al., 2015",2015,"Wegensteiner, R., Tkaczuk, C., Bałazy, S., Griesser, S., Rouffaud, M. A., Stradner, A., ... & Papierok, B. (2015). Occurrence of pathogens in populations of Ips typographus, Ips sexdentatus (Coleoptera, Curculionidae, Scolytinae) and Hylobius spp.(Coleoptera, Curculionidae, Curculioninae) from Austria, Poland and France. Acta Protozoologica, 54(3).",,full text
NEW,926,Trypodendron laeve,6405,Nematodes,Nematode,parasite; association report,Czech Republic,,,,,,"Wegensteiner et al., 2016",2016,"Wegensteiner, R., Lukášová, K., Vanická, H., Zimová, S., Kacprzyk, M., & Holuša, J. (2016). Extremely low infection levels of pathogens and nematodes in Trypodendron spp.(Coleoptera: Curculionidae). Central European Forestry Journal, 62(4), 202-206.",,full text
NEW,927,Trypodendron domesticum,1873,Nematodes,Nematode,parasite; association report,Poland,,,,,,"Wegensteiner et al., 2016",2016,"Wegensteiner, R., Lukášová, K., Vanická, H., Zimová, S., Kacprzyk, M., & Holuša, J. (2016). Extremely low infection levels of pathogens and nematodes in Trypodendron spp.(Coleoptera: Curculionidae). Central European Forestry Journal, 62(4), 202-206.",,full text
NEW,928,Trypodendron lineatum,1874,Nematodes,Nematode,parasite; association report,Czech Republic,,,,,,"Wegensteiner et al., 2016",2016,"Wegensteiner, R., Lukášová, K., Vanická, H., Zimová, S., Kacprzyk, M., & Holuša, J. (2016). Extremely low infection levels of pathogens and nematodes in Trypodendron spp.(Coleoptera: Curculionidae). Central European Forestry Journal, 62(4), 202-206.",,full text
NEW,929,Trypodendron lineatum,1874,Nematodes,Nematode,parasite; association report,Poland,,,,,,"Wegensteiner et al., 2016",2016,"Wegensteiner, R., Lukášová, K., Vanická, H., Zimová, S., Kacprzyk, M., & Holuša, J. (2016). Extremely low infection levels of pathogens and nematodes in Trypodendron spp.(Coleoptera: Curculionidae). Central European Forestry Journal, 62(4), 202-206.",,full text
NEW,930,Trypodendron lineatum,1874,Chytridiopsis sp.,Microsporidia,parasite; association report,Austria,,,,,,"Wegensteiner et al., 2016",2016,"Wegensteiner, R., Lukášová, K., Vanická, H., Zimová, S., Kacprzyk, M., & Holuša, J. (2016). Extremely low infection levels of pathogens and nematodes in Trypodendron spp.(Coleoptera: Curculionidae). Central European Forestry Journal, 62(4), 202-206.",,full text
NEW,931,Trypodendron lineatum,1874,Gregarina sp.,Protist,parasite; association report,Austria,,,,,,"Wegensteiner et al., 2016",2016,"Wegensteiner, R., Lukášová, K., Vanická, H., Zimová, S., Kacprzyk, M., & Holuša, J. (2016). Extremely low infection levels of pathogens and nematodes in Trypodendron spp.(Coleoptera: Curculionidae). Central European Forestry Journal, 62(4), 202-206.",,full text
NEW,932,Ips typographus,1733,Beauveria,Fungi,,,,,,,,"Wegensteiner, 1992",1992,"Wegensteiner R. 1992. Untersuchungen zur Wirkung von Beauveria-Arten auf Ips typographus (Coleoptera, Scolytidae). Mitteilungen der Deutschen Gesellschaft für allgemeine und angewandte Entomologie 8, 104-06.",,non full text
NEW,933,Ips typographus,1733,Chytridiopsis typographi,Microsporidia,,Austria,,,,,,"Wegensteiner, 1994",1994,"Wegensteiner R. 1994. Chytridiopsis typographi (Protozoa, Microsporidia) and other pathogens in Ips typographus (Coleoptera, Scolytidae). IOBC/wprs Bulletin Vol. 17 (3), 39-42.",,only English abstract
NEW,934,Ips typographus,1733,Gregarina spp.,Protist,,Austria,,,,,,"Wegensteiner, 1994",1994,"Wegensteiner R. 1994. Chytridiopsis typographi (Protozoa, Microsporidia) and other pathogens in Ips typographus (Coleoptera, Scolytidae). IOBC/wprs Bulletin Vol. 17 (3), 39-42.",,only English abstract
NEW,935,Ips typographus,1733,Beauveria bassiana,Fungi,,,,,,pathogenicity test,laboratory,"Wegensteiner, 1996",1996,"Wegensteiner R. 1996. Laboratory evaluation of Beauveria bassiana (Bals.) Vuill. against Ips typographus (Coleoptera, Scolytidae). IOBC/wprs -Bulletin 19 (9), 186-89.",,only English abstract
NEW,936,Polygraphus poligraphus,3365,Beauveria bassiana,Fungi,,,,,,pathogenicity test,laboratory,"Wegensteiner, 2000",2000,"Wegensteiner, R., 2000. Laboratory evaluation of Beauveria bassiana (Bals.) Vuill. and Beauveria brongniartii (Sacc.) Petch against the four eyed spruce bark beetle, Polygraphus poligraphus (L.) (Coleopetra, Scolytidae). IOBC/wprs Bull 23, 161–166.",,only English abstract
NEW,937,Polygraphus poligraphus,3365,Beauveria brongniartii,Fungi,,,,,,pathogenicity test,laboratory,"Wegensteiner, 2000",2000,"Wegensteiner, R., 2000. Laboratory evaluation of Beauveria bassiana (Bals.) Vuill. and Beauveria brongniartii (Sacc.) Petch against the four eyed spruce bark beetle, Polygraphus poligraphus (L.) (Coleopetra, Scolytidae). IOBC/wprs Bull 23, 161–166.",,only English abstract
NEW,938,Ips typographus,1733,Entomopoxvirus group A,Virus,,,,midgut,,,,"Weiser and Wegensteiner, 1994",1994,"Weiser, J., Wegensteiner, R., 1994. A new entomopoxvirus in the bark beetle Ips typographus (Coleoptera, Scolytidae) in Czechoslovakia. Z. Angew. Zool. 80, 425–434.",,only English abstract
NEW,939,Pityokteines spinidens,1754,Canningia spinidentis,Microsporidia,,Austria,evaluation of pathogen from beetles,,,,,"Weiser et al., 1995",1995,"Weiser, J., Wegensteiner, R.,Zizka, Z., 1995. Canningia spinidentis gen. et sp.n. (Protista: Microspora), a new pathogen of the fir bark beetle Pityokteines spinidens. Folia Parasit 42, 1–10.",,full text
NEW,940,Ips typographus,1733,Nosema typographi,Microsporidia,,,,,,,,"Weiser et al., 1997",1997,"Weiser, J., Wegensteiner, R., & Žižka, Z. (1997). Ultrastructures of Nosema typographi Weiser 1955 (Microspora: Nosematidae) of the Bark Beetle Ips typographusL.(Coleoptera; Scolytidae). Journal of invertebrate pathology, 70(2), 156-160.",,full text
NEW,941,Ips typographus,1733,Unikaryon montanum,Microsporidia,,,,,,,,"Weiser et al., 1998",1998,"Weiser, J., Wegensteiner, R., & Žižka, Z. (1998). Unikaryon montanum sp. n.(Protista: Microspora), a new pathogen of the spruce bark beetle, Ips typographus (Coleoptera: Scolytidae). Folia Parasitologica, 45(3), 191-195.",,full text
NEW,942,Polygraphus poligraphus,3365,Unikaryon polygraphi,Microsporidia,,Austria,,,,pathogenicity test,,"Weiser et al., 2002",2002,"Weiser, J., Händel, U., Wegensteiner, R., & Zizka, Z. (2002). Unikaryon polygraphi sp. n.(Protista, Microspora): a new pathogen of the four‐eyed spruce bark beetle Polygraphus poligraphus (Col., Scolytidae). Journal of Applied Entomology, 126(2‐3), 148-154.",,full text
NEW,943,Ips typographus,1733,Metschnikowia typographi,Fungi,occurrence survey,Finland,evaluation of pathogen from beetles,,morphological,,,"Weiser et al., 2003",2003,"Weiser, J., Wegensteiner, R., Händel, U., & Žižka, Z. (2003). Infections with the ascomycete fungus Metschnikowia typographi sp. nov. in the bark beetles Ips typographus and Ips amitinus (Coleoptera, Scolytidae). Folia microbiologica, 48(5), 611-618.",,full text
NEW,944,Ips amitinus,1696,Metschnikowia typographi,Fungi,occurrence survey,Finland,evaluation of pathogen from beetles,,morphological,,,"Weiser et al., 2003",2003,"Weiser, J., Wegensteiner, R., Händel, U., & Žižka, Z. (2003). Infections with the ascomycete fungus Metschnikowia typographi sp. nov. in the bark beetles Ips typographus and Ips amitinus (Coleoptera, Scolytidae). Folia microbiologica, 48(5), 611-618.",,full text
NEW,945,Ips typographus,1733,Metschnikowia typographi,Fungi,occurrence survey,Austria,evaluation of pathogen from beetles,,morphological,,,"Weiser et al., 2003",2003,"Weiser, J., Wegensteiner, R., Händel, U., & Žižka, Z. (2003). Infections with the ascomycete fungus Metschnikowia typographi sp. nov. in the bark beetles Ips typographus and Ips amitinus (Coleoptera, Scolytidae). Folia microbiologica, 48(5), 611-618.",,full text
NEW,946,Ips amitinus,1696,Metschnikowia typographi,Fungi,occurrence survey,Austria,evaluation of pathogen from beetles,,morphological,,,"Weiser et al., 2003",2003,"Weiser, J., Wegensteiner, R., Händel, U., & Žižka, Z. (2003). Infections with the ascomycete fungus Metschnikowia typographi sp. nov. in the bark beetles Ips typographus and Ips amitinus (Coleoptera, Scolytidae). Folia microbiologica, 48(5), 611-618.",,full text
NEW,947,Ips typographus,1733,Metschnikowia sp.,Fungi,occurrence survey,,evaluation of pathogen from beetles,,morphological,,,"Weiser et al., 2003",2003,"Weiser, J., Wegensteiner, R., Händel, U., & Žižka, Z. (2003). Infections with the ascomycete fungus Metschnikowia typographi sp. nov. in the bark beetles Ips typographus and Ips amitinus (Coleoptera, Scolytidae). Folia microbiologica, 48(5), 611-618.",,full text
NEW,948,Ips amitinus,1696,Metschnikowia sp.,Fungi,occurrence survey,,evaluation of pathogen from beetles,,morphological,,,"Weiser et al., 2003",2003,"Weiser, J., Wegensteiner, R., Händel, U., & Žižka, Z. (2003). Infections with the ascomycete fungus Metschnikowia typographi sp. nov. in the bark beetles Ips typographus and Ips amitinus (Coleoptera, Scolytidae). Folia microbiologica, 48(5), 611-618.",,full text
NEW,949,Ips typographus,1733,Contortylenchus dispar,Nematode,occurrence survey,Czech Republic,evaluation of pathogen from beetles,,,,,"Weiser et al., 2006",2006,"Weiser, J., Holuša, J., & Žižka, Z. (2006). Larssoniella duplicati n. sp.(Microsporidia, Unikaryonidae), a newly described pathogen infecting the double-spined spruce bark beetle, Ips duplicatus (Coleoptera, Scolytidae) in the Czech Republic. Journal of Pest Science, 79(3), 127-135.",,full text
NEW,950,Ips typographus,1733,Polymorphotylenchus typographi,Nematode,occurrence survey,Czech Republic,evaluation of pathogen from beetles,,,,,"Weiser et al., 2006",2006,"Weiser, J., Holuša, J., & Žižka, Z. (2006). Larssoniella duplicati n. sp.(Microsporidia, Unikaryonidae), a newly described pathogen infecting the double-spined spruce bark beetle, Ips duplicatus (Coleoptera, Scolytidae) in the Czech Republic. Journal of Pest Science, 79(3), 127-135.",,full text
NEW,951,Ips typographus,1733,Chytridiopsis typographi,Microsporidia,occurrence survey,Czech Republic,evaluation of pathogen from beetles,,,,,"Weiser et al., 2006",2006,"Weiser, J., Holuša, J., & Žižka, Z. (2006). Larssoniella duplicati n. sp.(Microsporidia, Unikaryonidae), a newly described pathogen infecting the double-spined spruce bark beetle, Ips duplicatus (Coleoptera, Scolytidae) in the Czech Republic. Journal of Pest Science, 79(3), 127-135.",,full text
NEW,952,Ips typographus,1733,Nosema typographi,Microsporidia,occurrence survey,Czech Republic,evaluation of pathogen from beetles,,,,,"Weiser et al., 2006",2006,"Weiser, J., Holuša, J., & Žižka, Z. (2006). Larssoniella duplicati n. sp.(Microsporidia, Unikaryonidae), a newly described pathogen infecting the double-spined spruce bark beetle, Ips duplicatus (Coleoptera, Scolytidae) in the Czech Republic. Journal of Pest Science, 79(3), 127-135.",,full text
NEW,953,Ips typographus,1733,Gregarina typographi,Protist,occurrence survey,Czech Republic,evaluation of pathogen from beetles,,,,,"Weiser et al., 2006",2006,"Weiser, J., Holuša, J., & Žižka, Z. (2006). Larssoniella duplicati n. sp.(Microsporidia, Unikaryonidae), a newly described pathogen infecting the double-spined spruce bark beetle, Ips duplicatus (Coleoptera, Scolytidae) in the Czech Republic. Journal of Pest Science, 79(3), 127-135.",,full text
NEW,954,Ips duplicatus,5921,Larssoniella duplicati,Microsporidia,occurrence survey,Czech Republic,evaluation of pathogen from beetles,,,,,"Weiser et al., 2006",2006,"Weiser, J., Holuša, J., & Žižka, Z. (2006). Larssoniella duplicati n. sp.(Microsporidia, Unikaryonidae), a newly described pathogen infecting the double-spined spruce bark beetle, Ips duplicatus (Coleoptera, Scolytidae) in the Czech Republic. Journal of Pest Science, 79(3), 127-135.",,full text
NEW,955,Ips duplicatus,5921,Chytridiopsis typographi,Microsporidia,occurrence survey,Czech Republic,evaluation of pathogen from beetles,,,,,"Weiser et al., 2006",2006,"Weiser, J., Holuša, J., & Žižka, Z. (2006). Larssoniella duplicati n. sp.(Microsporidia, Unikaryonidae), a newly described pathogen infecting the double-spined spruce bark beetle, Ips duplicatus (Coleoptera, Scolytidae) in the Czech Republic. Journal of Pest Science, 79(3), 127-135.",,full text
NEW,956,Ips duplicatus,5921,Gregarina typographi,Protist,occurrence survey,Czech Republic,evaluation of pathogen from beetles,,,,,"Weiser et al., 2006",2006,"Weiser, J., Holuša, J., & Žižka, Z. (2006). Larssoniella duplicati n. sp.(Microsporidia, Unikaryonidae), a newly described pathogen infecting the double-spined spruce bark beetle, Ips duplicatus (Coleoptera, Scolytidae) in the Czech Republic. Journal of Pest Science, 79(3), 127-135.",,full text
NEW,957,Ips duplicatus,5921,Contortylenchus amitini,Nematode,occurrence survey,Czech Republic,evaluation of pathogen from beetles,,,,,"Weiser et al., 2006",2006,"Weiser, J., Holuša, J., & Žižka, Z. (2006). Larssoniella duplicati n. sp.(Microsporidia, Unikaryonidae), a newly described pathogen infecting the double-spined spruce bark beetle, Ips duplicatus (Coleoptera, Scolytidae) in the Czech Republic. Journal of Pest Science, 79(3), 127-135.",,full text
NEW,958,Ips typographus,1733,Chytridiopsis typographi,Microsporidia,,Czech Republic; Slovakia,,,,,,"Weiser, 1954",1954,"Weiser, J. (1954). Beitrag zur Kenntnis der Parasiten des Borkenkäfers Ips typographus I. Věstník Československé Společnosti Zoologické, 18, 179-212.",,non full text
NEW,959,Ips typographus,1733,Nosema typographi,Microsporidia,,,,fat body,,,,"Weiser, 1955",1955,"Weiser, J. (1955). Beitrag zur Kenntnis der Parasiten des Borkenkäfers Ips typographus II. Věstník Československé Společnosti Zoologické, 19, 374-380.",,non full text
NEW,960,Pityokteines curvidens,1747,Nosema curvidentis,Microsporidia,,Slovakia,,fat body,,,,"Weiser, 1961",1961,"Weiser, J. (1961). A new microsporidian from the bark beetle Pityokteines curvidens Germar (Coleoptera, Scolytidae) in Czechoslovakia.",,only English abstract
NEW,961,Scolytus scolytus,1172,Pleistophora scolyti,Microsporidia,,Slovakia,evaluation of pathogen from beetles,,,,,"Weiser, 1968",1968,"Weiser, J., 1968. Plistophora scolyti sp.n. (Protozoa, Microsporidia) a new parasite of Scolytus scolytus F. (Col., Scolytidae). Folia Parasitol. 15, 11–14.",,full text
NEW,962,Dendroctonus pseudotsugae,485,Nosema dendroctoni,Microsporidia,,Canada,evaluation of pathogen from beetles,malpighian tubules; fat body,,,,"Weiser, 1970",1970,"Weiser, J. (1970). Three new pathogens of the Douglas fir beetle, Dendroctonus pseudotsugae: Nosema dendroctoni n. sp., Ophryocystic dendroctoni n. sp., and Chytridiopsis typographi n. comb. Journal of Invertebrate Pathology, 16(3), 436-441.",,full text
NEW,963,Dendroctonus pseudotsugae,485,Ophryocystis dendroctoni,Protist,,Canada,evaluation of pathogen from beetles,malpighian tubules,,,,"Weiser, 1970",1970,"Weiser, J. (1970). Three new pathogens of the Douglas fir beetle, Dendroctonus pseudotsugae: Nosema dendroctoni n. sp., Ophryocystic dendroctoni n. sp., and Chytridiopsis typographi n. comb. Journal of Invertebrate Pathology, 16(3), 436-441.",,full text
NEW,964,Dendroctonus pseudotsugae,485,Chytridiopsis typographi,Microsporidia,,Canada,evaluation of pathogen from beetles,gut wall,,,,"Weiser, 1970",1970,"Weiser, J. (1970). Three new pathogens of the Douglas fir beetle, Dendroctonus pseudotsugae: Nosema dendroctoni n. sp., Ophryocystic dendroctoni n. sp., and Chytridiopsis typographi n. comb. Journal of Invertebrate Pathology, 16(3), 436-441.",,full text
NEW,965,Dendroctonus pseudotsugae,485,Beauveria bassiana,Fungi,,Canada,evaluation of pathogen from beetles,,,,,"Weiser, 1970",1970,"Weiser, J. (1970). Three new pathogens of the Douglas fir beetle, Dendroctonus pseudotsugae: Nosema dendroctoni n. sp., Ophryocystic dendroctoni n. sp., and Chytridiopsis typographi n. comb. Journal of Invertebrate Pathology, 16(3), 436-441.",,full text
NEW,966,Dryocoetes confusus,1840,Beauveria bassiana,Fungi,,Canada,,,,pathogenicity test,,"Whitney et al., 1984",1984,"Whitney, H. S., Ritchie, D. C., Borden, J. H., & Stock, A. J. (1984). the fungus Beauveria bassiana (Deuteromycotina: Hyphomycetaceae) in the western balsam bark beetle, Dryocoetes confusus (Coleoptera: Scolytidae). The Canadian Entomologist, 116(10), 1419-1424.",,full text
NEW,967,Pityophthorus juglandis,2686,Bursaphlenhus juglandis,Nematode,association report,Russia,,,,,,"Williams and Ginzel, 2023",2023,"Williams, G. M., & Ginzel, M. D. (2023). Functional roles of nematodes associated with the walnut twig beetle and eastern black walnut in the inland northwest. Forest Pathology, 53(1), e12791.",,full text
NEW,968,Pityophthorus juglandis,2686,Panagrolaimus sp.,Nematode,association report,Russia,,,,,,"Williams and Ginzel, 2023",2023,"Williams, G. M., & Ginzel, M. D. (2023). Functional roles of nematodes associated with the walnut twig beetle and eastern black walnut in the inland northwest. Forest Pathology, 53(1), e12791.",,full text
NEW,969,Pityophthorus juglandis,2686,Panagrolaimus multidentatus,Nematode,association report,Russia,,,,,,"Williams and Ginzel, 2023",2023,"Williams, G. M., & Ginzel, M. D. (2023). Functional roles of nematodes associated with the walnut twig beetle and eastern black walnut in the inland northwest. Forest Pathology, 53(1), e12791.",,full text
NEW,970,Ips confusus,1706,Serratia marcescens,Bacteria,,,,,,,,Wood 1961,1961,"Wood, D. L. (1961). The occurrence of Serratia marcescens Bizio in laboratory populations of Ips confusus (Leconte)(Coleoptera, Scolytidae).",,only English abstract
NEW,971,Xyleborus aquilus,7453,Metarhizium anisopliae,Fungi,,China,isolated from longhorned beetle,,,virulence test,,"Wu et al., 2010",2010,Virulence of Metarhizium anisopliae to Xyleborus aquilus Blendford in laboratory,,full text
NEW,972,Tomicus piniperda,521,Metarhizium anisopliae,Fungi,,China,,,,pathogenicity test; three strains,,"Xiao et al., 2007",2007,Pathogenicity of Metaarhizium anisopliae Strains against Blastophagum spp.,,full text
NEW,973,Tomicus minor,520,Metarhizium anisopliae,Fungi,,China,,,,pathogenicity test; three strains,,"Xiao et al., 2007",2007,Pathogenicity of Metaarhizium anisopliae Strains against Blastophagum spp.,,full text
NEW,974,Dendroctonus valens,491,Beauveria bassiana,Fungi,,China,culture collection,,,pathogenicity test,,"Xu et al., 2018",2018,"Xu, L., Zhang, Y., Zhang, S., Deng, J., Lu, M., Zhang, L., & Zhang, J. (2018). Comparative analysis of the immune system of an invasive bark beetle, Dendroctonus valens, infected by an entomopathogenic fungus. Developmental & Comparative Immunology, 88, 65-69.",,full text
NEW,975,Dendroctonus valens,491,Beauveria bassiana,Fungi,,China,culture collection,,,pathogenicity test,,"Xu et al., 2019",2019,"Xu, L., Deng, J., Zhou, F., Cheng, C., Zhang, L., Zhang, J., & Lu, M. (2019). Gut microbiota in an invasive bark beetle infected by a pathogenic fungus accelerates beetle mortality. Journal of Pest Science, 92(1), 343-351.",,full text
NEW,976,Scolytinae sp. undetermined,199184,Beauveria bassiana,Fungi,pathogen,China,culture collection,cuticular contact,,virulence test,laboratory,"Xue and Yang, 2013",2013,Pathogenicity and Sustainable Control Ｒole of Beauveria bassiana on Bark Beetles,,full text
NEW,977,Ips typographus,1733,Gregarina typographi,Protist,,Turkey,evaluation of pathogen from beetles,,,,,"Yaman and Baki, 2010",2010,"Yaman, M., & Baki, H. (2010). The First Record of Gregarina typographi Fuchs.(Protista: Apicomplexa: Gregarinidae) from the European Spruce Bark Beetle, Ips typographus (Linnaeus)(Coleoptera: Curculionidae: Scoltinae) in Turkey. Turkish journal of Parasitology, 34(4), 179-82.",,full text
NEW,978,Ips typographus,1733,ItEPV,Virus,association report,Turkey,,,,,,"Yaman and Baki, 2011",2011,"Yaman, M., & Baki, H. (2011). First Record of Entomopoxvirus of Ips typographus (Linnaeus)(Coleoptera: Curculionidae, Scolytinae) for Turkey. Acta zool. bulg, 63, 199-202.",,full text
NEW,979,Dendroctonus micans,3927,Metschnikowia sp.,Fungi,occurrence survey,Turkey,,,,,,"Yaman and Radek, 2008a",2008,"Yaman, M., & Radek, R. (2008). Pathogens and parasites of adults of the great spruce bark beetle, Dendroctonus micans (Kugelann)(Coleoptera: Curculionidae, Scolytinae) from Turkey. Journal of Pest Science, 81(2), 91-97.",,full text
NEW,980,Dendroctonus micans,3927,Mattesia sp.,Protist,occurrence survey,Turkey,,,,,,"Yaman and Radek, 2008a",2008,"Yaman, M., & Radek, R. (2008). Pathogens and parasites of adults of the great spruce bark beetle, Dendroctonus micans (Kugelann)(Coleoptera: Curculionidae, Scolytinae) from Turkey. Journal of Pest Science, 81(2), 91-97.",,full text
NEW,981,Dendroctonus micans,3927,Nematode,Nematode,occurrence survey,Turkey,,,,,,"Yaman and Radek, 2008a",2008,"Yaman, M., & Radek, R. (2008). Pathogens and parasites of adults of the great spruce bark beetle, Dendroctonus micans (Kugelann)(Coleoptera: Curculionidae, Scolytinae) from Turkey. Journal of Pest Science, 81(2), 91-97.",,full text
NEW,982,Dendroctonus micans,3927,Menzbieria chalcographi,Protist,,Turkey,evaluation of pathogen from beetles,,,,,"Yaman and Radek, 2012",2012,"Yaman, M., & Radek, R. (2012). Menzbieria chalcographi, a new neogregarine pathogen of the great spruce bark beetle, Dendroctonus micans (Kugelann)(Curculionidae, Scolytinae). Acta parasitologica, 57(3), 216-220.",,full text
NEW,983,Dendroctonus micans,3927,Mattesia weiseri,Protist,,Turkey,evaluation of pathogen from beetles,,,,,"Yaman and Radek, 2015",2015,"Yaman, M., & Radek, R. (2015). Mattesia weiseri sp. nov., a new neogregarine (Apicomplexa: Lipotrophidae) pathogen of the great spruce bark beetle, Dendroctonus micans (Coleoptera: Curculionidae, Scolytinae). Parasitology research, 114(8), 2951-2958.",,full text
NEW,984,Dendroctonus micans,3927,Bacillus pumilus,Bacteria,,Turkey,isolated from beetle,,,pathogenicity test,,"Yaman et al., 2010a",2010,"Yaman, M., Ertürk, Ö. & Aslan, İ. (2010) Isolation of some pathogenic bacteria from the great spruce bark beetle, Dendroctonus micans and its specific predator, Rhizophagus grandis . Folia Microbiol 55, 35–38",,full text
NEW,985,Dendroctonus micans,3927,Enterobacter intermedius,Bacteria,,Turkey,isolated from beetle,,,pathogenicity test,,"Yaman et al., 2010a",2010,"Yaman, M., Ertürk, Ö. & Aslan, İ. (2010) Isolation of some pathogenic bacteria from the great spruce bark beetle, Dendroctonus micans and its specific predator, Rhizophagus grandis . Folia Microbiol 55, 35–38",,full text
NEW,986,Dendroctonus micans,3927,Citrobacter freundii,Bacteria,,Turkey,isolated from beetle,,,pathogenicity test,,"Yaman et al., 2010a",2010,"Yaman, M., Ertürk, Ö. & Aslan, İ. (2010) Isolation of some pathogenic bacteria from the great spruce bark beetle, Dendroctonus micans and its specific predator, Rhizophagus grandis . Folia Microbiol 55, 35–38",,full text
NEW,987,Dendroctonus micans,3927,Cellulomonas flavigena,Bacteria,,Turkey,isolated from beetle,,,pathogenicity test,,"Yaman et al., 2010a",2010,"Yaman, M., Ertürk, Ö. & Aslan, İ. (2010) Isolation of some pathogenic bacteria from the great spruce bark beetle, Dendroctonus micans and its specific predator, Rhizophagus grandis . Folia Microbiol 55, 35–38",,full text
NEW,988,Dendroctonus micans,3927,Microbacterium liquefaciens,Bacteria,,Turkey,isolated from beetle,,,pathogenicity test,,"Yaman et al., 2010a",2010,"Yaman, M., Ertürk, Ö. & Aslan, İ. (2010) Isolation of some pathogenic bacteria from the great spruce bark beetle, Dendroctonus micans and its specific predator, Rhizophagus grandis . Folia Microbiol 55, 35–38",,full text
NEW,989,Dendroctonus micans,3927,Enterobacter amnigenus,Bacteria,,Turkey,isolated from beetle,,,pathogenicity test,,"Yaman et al., 2010a",2010,"Yaman, M., Ertürk, Ö. & Aslan, İ. (2010) Isolation of some pathogenic bacteria from the great spruce bark beetle, Dendroctonus micans and its specific predator, Rhizophagus grandis . Folia Microbiol 55, 35–38",,full text
NEW,990,Ips acuminatus,1695,Mattesia sp.,Protist,,Turkey,evaluation of pathogen from beetles,,morphological,,,"Yaman et al., 2016",2016,"Yaman, M., Algi, G., Unal, S., & Guner, B. G. (2016). Survey of pathogens and parasites of the engraver beetle Ips acuminatus (Gyllenhal, 1827)(Coleoptera: Curculionidae: Scolytinae) in Turkey. Acta zoologica bulgarica, 68(1), 127-130.",,full text
NEW,991,Ips acuminatus,1695,Chytridiopsis cf. typographi,Microsporidia,,Turkey,evaluation of pathogen from beetles,,morphological,,,"Yaman et al., 2016",2016,"Yaman, M., Algi, G., Unal, S., & Guner, B. G. (2016). Survey of pathogens and parasites of the engraver beetle Ips acuminatus (Gyllenhal, 1827)(Coleoptera: Curculionidae: Scolytinae) in Turkey. Acta zoologica bulgarica, 68(1), 127-130.",,full text
NEW,992,Ips sexdentatus,1728,Gregarina typographi,Protist,,Turkey,evaluation of pathogen from beetles,,,,,"Yaman, 2007",2007,"Yaman, M. (2007). Gregarina typographi Fuchs, a gregarine pathogen of the six-toothed pine bark beetle, Ips sexdentatus (Boerner)(Coleoptera: Curculionidae, Scolytinae) in Turkey. Turkish Journal of Zoology, 31(4), 359-363.",,full text
NEW,993,Ips sexdentatus,1728,Gregarina phyllotretae,Protist,,Turkey,evaluation of pathogen from beetles,,,,,"Yaman, 2007",2007,"Yaman, M. (2007). Gregarina typographi Fuchs, a gregarine pathogen of the six-toothed pine bark beetle, Ips sexdentatus (Boerner)(Coleoptera: Curculionidae, Scolytinae) in Turkey. Turkish Journal of Zoology, 31(4), 359-363.",,full text
NEW,994,Ips sexdentatus,1728,Gregarina sp.,Protist,,Turkey,evaluation of pathogen from beetles,,,,,"Yaman, 2007",2007,"Yaman, M. (2007). Gregarina typographi Fuchs, a gregarine pathogen of the six-toothed pine bark beetle, Ips sexdentatus (Boerner)(Coleoptera: Curculionidae, Scolytinae) in Turkey. Turkish Journal of Zoology, 31(4), 359-363.",,full text
NEW,995,Dendroctonus valens,491,Beauveria bassiana,Fungi,,China,isolated from cadaver,,morphological and molecular,,,"Yao et al., 2012",2012,"Yao, J., Zhang, L., Chen, X., & Li, Z. (2012). A population survey of Beauveria bassiana in the microhabitat of the red turpentine beetle, Dendroctonus valens, in Chinese pine forests. Biocontrol Science and Technology, 22(11), 1254-1267.",,full text
NEW,996,Scolytus amygdali,5680,Aspergillus sp.,Fungi,,,isolated from cadaver,cuticular contact,,virulence test,laboratory,"Zeiri et al., 2014",2014,"Zeiri, A., Ayberk, H., Mejda, D., & Braham, M. (2014). Pathogenic fungus against the almond bark beetle Scolytus amygdali Geurin-Meneville (Coleoptera: Curculionidae: Scolytinae): Aspergillus sp. Egyptian Journal of Biological Pest Control, 24(1), 71.",,full text
NEW,997,Dendroctonus valens,491,Beauveria bassiana,Fungi,,China,culture collection,cuticular contact,,pathogenicity test,laboratory,"Zhang et al., 2011",2011,"Zhang, L. W., Liu, Y. J., Yao, J., Wang, B., Huang, B., Li, Z. Z., ... & Sun, J. H. (2011). Evaluation of Beauveria bassiana (Hyphomycetes) isolates as potential agents for control of Dendroctonus valens. Insect Science, 18(2), 209-216.",,full text
NEW,998,Hylurgus ligniperda,502,Beauveria bassiana,Fungi,pathogen,China,isolated from cadaver,cuticular contact,morphological and molecular,virulence test,laboratory,"Zhang et al., 2024",2024,Scanning electron microscopy and pathogenicity of Beauveria bassiana infection with Hylurgus ligniperda,,full text
NEW,999,Scolytinae sp. undetermined,199184,Metarhizium anisopliae,Fungi,,China,commercial strain,,,pathogenicity test,,"Zhi et al., 2006",2006,Efficacy test of Metarhizium anisopliae for controlling bark beetles on grapes,,full text
NEW,1000,Ips duplicatus,5921,Larssoniella duplicati,Microsporidia,occurrence survey,Sweden,,,,,,"Zimová et al., 2019",2019,"Zimová, S., Resnerová, K., Vanická, H., Horák, J., Trombik, J., Kacprzyk, M., ... & Holuša, J. (2019). Infection Levels of the Microsporidium Larssoniella duplicati in populations of the invasive bark beetle Ips Duplicatus: from native to new outbreak areas. Forests, 10(2), 131.",,full text
NEW,1001,Ips duplicatus,5921,Larssoniella duplicati,Microsporidia,occurrence survey,Poland,,,,,,"Zimová et al., 2019",2019,"Zimová, S., Resnerová, K., Vanická, H., Horák, J., Trombik, J., Kacprzyk, M., ... & Holuša, J. (2019). Infection Levels of the Microsporidium Larssoniella duplicati in populations of the invasive bark beetle Ips Duplicatus: from native to new outbreak areas. Forests, 10(2), 131.",,full text
NEW,1002,Ips duplicatus,5921,Larssoniella duplicati,Microsporidia,occurrence survey,Czech Republic,,,,,,"Zimová et al., 2019",2019,"Zimová, S., Resnerová, K., Vanická, H., Horák, J., Trombik, J., Kacprzyk, M., ... & Holuša, J. (2019). Infection Levels of the Microsporidium Larssoniella duplicati in populations of the invasive bark beetle Ips Duplicatus: from native to new outbreak areas. Forests, 10(2), 131.",,full text
NEW,1003,Ips duplicatus,5921,Larssoniella duplicati,Microsporidia,occurrence survey,Romania,,,,,,"Zimová et al., 2019",2019,"Zimová, S., Resnerová, K., Vanická, H., Horák, J., Trombik, J., Kacprzyk, M., ... & Holuša, J. (2019). Infection Levels of the Microsporidium Larssoniella duplicati in populations of the invasive bark beetle Ips Duplicatus: from native to new outbreak areas. Forests, 10(2), 131.",,full text
NEW,1004,Ips duplicatus,5921,Chytridiopsis typographi,Microsporidia,occurrence survey,Sweden,,,,,,"Zimová et al., 2019",2019,"Zimová, S., Resnerová, K., Vanická, H., Horák, J., Trombik, J., Kacprzyk, M., ... & Holuša, J. (2019). Infection Levels of the Microsporidium Larssoniella duplicati in populations of the invasive bark beetle Ips Duplicatus: from native to new outbreak areas. Forests, 10(2), 131.",,full text
NEW,1005,Ips duplicatus,5921,Chytridiopsis typographi,Microsporidia,occurrence survey,Czech Republic,,,,,,"Zimová et al., 2019",2019,"Zimová, S., Resnerová, K., Vanická, H., Horák, J., Trombik, J., Kacprzyk, M., ... & Holuša, J. (2019). Infection Levels of the Microsporidium Larssoniella duplicati in populations of the invasive bark beetle Ips Duplicatus: from native to new outbreak areas. Forests, 10(2), 131.",,full text
NEW,1006,Ips duplicatus,5921,intestinal nematodes,Nematode,occurrence survey,Sweden,,,,,,"Zimová et al., 2019",2019,"Zimová, S., Resnerová, K., Vanická, H., Horák, J., Trombik, J., Kacprzyk, M., ... & Holuša, J. (2019). Infection Levels of the Microsporidium Larssoniella duplicati in populations of the invasive bark beetle Ips Duplicatus: from native to new outbreak areas. Forests, 10(2), 131.",,full text
NEW,1007,Ips duplicatus,5921,intestinal nematodes,Nematode,occurrence survey,Poland,,,,,,"Zimová et al., 2019",2019,"Zimová, S., Resnerová, K., Vanická, H., Horák, J., Trombik, J., Kacprzyk, M., ... & Holuša, J. (2019). Infection Levels of the Microsporidium Larssoniella duplicati in populations of the invasive bark beetle Ips Duplicatus: from native to new outbreak areas. Forests, 10(2), 131.",,full text
NEW,1008,Ips duplicatus,5921,intestinal nematodes,Nematode,occurrence survey,Czech Republic,,,,,,"Zimová et al., 2019",2019,"Zimová, S., Resnerová, K., Vanická, H., Horák, J., Trombik, J., Kacprzyk, M., ... & Holuša, J. (2019). Infection Levels of the Microsporidium Larssoniella duplicati in populations of the invasive bark beetle Ips Duplicatus: from native to new outbreak areas. Forests, 10(2), 131.",,full text
NEW,1009,Ips duplicatus,5921,intestinal nematodes,Nematode,occurrence survey,Romania,,,,,,"Zimová et al., 2019",2019,"Zimová, S., Resnerová, K., Vanická, H., Horák, J., Trombik, J., Kacprzyk, M., ... & Holuša, J. (2019). Infection Levels of the Microsporidium Larssoniella duplicati in populations of the invasive bark beetle Ips Duplicatus: from native to new outbreak areas. Forests, 10(2), 131.",,full text
NEW,1010,Ips duplicatus,5921,hemolymph nematodes,Nematode,occurrence survey,Sweden,,,,,,"Zimová et al., 2019",2019,"Zimová, S., Resnerová, K., Vanická, H., Horák, J., Trombik, J., Kacprzyk, M., ... & Holuša, J. (2019). Infection Levels of the Microsporidium Larssoniella duplicati in populations of the invasive bark beetle Ips Duplicatus: from native to new outbreak areas. Forests, 10(2), 131.",,full text
NEW,1011,Ips duplicatus,5921,hemolymph nematodes,Nematode,occurrence survey,Poland,,,,,,"Zimová et al., 2019",2019,"Zimová, S., Resnerová, K., Vanická, H., Horák, J., Trombik, J., Kacprzyk, M., ... & Holuša, J. (2019). Infection Levels of the Microsporidium Larssoniella duplicati in populations of the invasive bark beetle Ips Duplicatus: from native to new outbreak areas. Forests, 10(2), 131.",,full text
NEW,1012,Ips duplicatus,5921,hemolymph nematodes,Nematode,occurrence survey,Czech Republic,,,,,,"Zimová et al., 2019",2019,"Zimová, S., Resnerová, K., Vanická, H., Horák, J., Trombik, J., Kacprzyk, M., ... & Holuša, J. (2019). Infection Levels of the Microsporidium Larssoniella duplicati in populations of the invasive bark beetle Ips Duplicatus: from native to new outbreak areas. Forests, 10(2), 131.",,full text
NEW,1013,Ips duplicatus,5921,hemolymph nematodes,Nematode,occurrence survey,Romania,,,,,,"Zimová et al., 2019",2019,"Zimová, S., Resnerová, K., Vanická, H., Horák, J., Trombik, J., Kacprzyk, M., ... & Holuša, J. (2019). Infection Levels of the Microsporidium Larssoniella duplicati in populations of the invasive bark beetle Ips Duplicatus: from native to new outbreak areas. Forests, 10(2), 131.",,full text
NEW,1014,Ips typographus,1733,Mattesia sp.,Protist,,Germany,,,,,,"Žižka et al., 1997",1997,"Žižka, Z., Weiser, J., & Wegensteiner, R. (1997). Ultrastructures of oocysts of Mattesia sp. in Ips typographus. J Eukaryot Microbiol, 44(98), 26A.",,full text
NEW,1015,Ips typographus,1733,ItEPV,Virus,,,,,,,,"Žižka et al., 2001",2001,"Žižka, Z., Weiser, J., & Wegensteiner, R. (2001). Ultrastructure of the Entomopoxvirus Ab in the bark beetle Ips typographus. In 3rd Conference on Cell Biology, Kopp Publ., České Budějovice (pp. 214-215).",,non full text
